Id_Tempat,Nama_Tempat,Rating,Jumlah_Ulasan,Kategori,Latitude,Longitude,Link,Menu_Termurah,Harga_Termurah,Menu_Termahal,Harga_Termahal,Harga_Median,Status,Estimasi_Harga,Sumber_Data,Link_Sumber
1,Depot 2 Legenda,4.5,917,Wisata Umum,-7.9399474,112.6356553,https://www.google.com/maps/place/Depot+2+Legenda/data=!4m7!3m6!1s0x2dd6294f867379bf:0xd561c4c1ed59d03e!8m2!3d-7.9399474!4d112.6356553!16s%2Fg%2F11np2jfyhl!19sChIJv3lzhk8p1i0RPtBZ7cHEYdU?authuser=0&hl=id&rclk=1,Telur Dadar,7692,Nasi Putih Dengan Potongan Ayam Ber Saus Spicy Spices (Hampir Seperti Balado Namun Sedikit Lebih Pedas),41538,35385,Sukses,35385,GoFood,https://gofood.co.id/malang/restaurant/depot-2-legenda-jl-candi-penataran-0add4191-d600-4e8c-94b9-ec8b8608683a
2,Depot Semangkok,4.3,478,Wisata Umum,-7.9385565,112.6372841,https://www.google.com/maps/place/Depot+Semangkok/data=!4m7!3m6!1s0x2dd6292fcd1e3bb3:0x845c1bb7f8a1883b!8m2!3d-7.9385565!4d112.6372841!16s%2Fg%2F11shgyn790!19sChIJszsezS8p1i0RO4ih-LcbXIQ?authuser=0&hl=id&rclk=1,Nasi Putih,6000,Nasi Lemak Peranakan Daging Rendang,37500,25000,Sukses,25000,GoFood,https://gofood.co.id/malang/restaurant/depot-semangkok-53170370-eecf-41d6-b35c-893d87f01128
3,Rumah Makan Hok Lay,4.4,4519,Wisata Umum,-7.9845499,112.6342841,https://www.google.com/maps/place/Rumah+Makan+Hok+Lay/data=!4m7!3m6!1s0x2dd62816fc6ce6a1:0xbd8ae99a351756db!8m2!3d-7.9845499!4d112.6342841!16s%2Fg%2F1hc27xwkc!19sChIJoeZs_BYo1i0R21YXNZrpir0?authuser=0&hl=id&rclk=1,Beras Yang Dimasak Dengan Air.,6500,"Paket Berisi Babi Kriuk, Babi Panggang Manis, Dan Ayam Panggang )",187500,43750,Sukses,43750,GoFood,https://gofood.co.id/surabaya/restaurant/hok-lay-sioke-siobak-perum-rayan-regency-f7d21cea-9788-48e2-beb9-f99eb7dce1c8
4,Depot Gang Djangkrik,4.5,4159,Wisata Umum,-7.9568232,112.6384586,https://www.google.com/maps/place/Depot+Gang+Djangkrik/data=!4m7!3m6!1s0x2dd629ccb44e93d1:0xe25e48bbb7b52898!8m2!3d-7.9568232!4d112.6384586!16s%2Fg%2F1hc0t1vtz!19sChIJ0ZNOtMwp1i0RmCi1t7tIXuI?authuser=0&hl=id&rclk=1,Air Mineral 600 ML,8470,Ayam panggang jemur kering dengan krupuk dan bubuk ngohiang (1/2 ekor),169400,65714,Sukses,65714,GoFood,https://gofood.co.id/malang/restaurant/depot-gang-djangkrik-letjen-sutoyo-33c9e216-703f-4b64-ba59-b5d533e7411a
5,Melati Restaurant,4.7,1255,Wisata Umum,-7.9770541,112.6328693,https://www.google.com/maps/place/Melati+Restaurant/data=!4m7!3m6!1s0x2dd6282499d64ebd:0xffbdf14dbf67017!8m2!3d-7.9770541!4d112.6328693!16s%2Fg%2F1hm4w0xyn!19sChIJvU7WmSQo1i0RF3D22xTf-w8?authuser=0&hl=id&rclk=1,Nasi Ayam Lalapan +minum Buah,26000,Ikan Rica2+nasi+minun,60000,36000,Sukses,36000,GoFood,https://gofood.co.id/malang/restaurant/depot-melati-98c599a9-c370-491b-b823-e8bd2b7b02a4
6,Depot Santai,4.4,610,Wisata Umum,-7.9667822,112.6289912,https://www.google.com/maps/place/Depot+Santai/data=!4m7!3m6!1s0x2dd6282dd45d9b65:0x26c47845ab33d2a7!8m2!3d-7.9667822!4d112.6289912!16s%2Fg%2F1pzs96st6!19sChIJZZtd1C0o1i0Rp9Izq0V4xCY?authuser=0&hl=id&rclk=1,Nasi Mawut,44000,Fuyung Hay,56000,50000,Sukses,50000,GoFood,https://gofood.co.id/malang/restaurant/depot-santai-oro-oro-dowo-dbbb839b-2ea0-4185-90ce-859823860d7d
7,Depot Asem Djawa,4.8,57,Wisata Umum,-7.9373203,112.5795874,https://www.google.com/maps/place/Depot+Asem+Djawa/data=!4m7!3m6!1s0x2e7883a0ee77d221:0xb957bdaea9d84e8d!8m2!3d-7.9373203!4d112.5795874!16s%2Fg%2F11tfg3s49h!19sChIJIdJ37qCDeC4RjU7Yqa69V7k?authuser=0&hl=id&rclk=1,Es Teh Manis Biasa,7000,Nasi goreng dengan toping ayam katsu,34000,25000,Sukses,25000,GoFood,https://gofood.co.id/malang/restaurant/depot-asem-djawa-lowokwaru-fdb463e8-b041-48d2-91f1-35ad90b8ba5d
8,Depot Dua Satu,4.5,703,Wisata Umum,-7.9675082,112.628995,https://www.google.com/maps/place/Depot+Dua+Satu/data=!4m7!3m6!1s0x2dd6282e6251e2d1:0x89adede8730055!8m2!3d-7.9675082!4d112.628995!16s%2Fg%2F11b6d61n4w!19sChIJ0eJRYi4o1i0RVQBz6O2tiQA?authuser=0&hl=id&rclk=1,Nasi Putih,6000,Sop Kepiting Asparagus,80000,46000,Sukses,46000,GoFood,https://gofood.co.id/malang/restaurant/depot-dua-satu-oro-oro-dowo-1cd42826-538d-4e54-b15f-be21b9a892fb
9,Warung Wareg,4.4,6404,Warung Wareg,-7.9111853,112.6221773,https://www.google.com/maps/place/Warung+Wareg/data=!4m7!3m6!1s0x2dd62a062f3653d5:0xb3ee7854252aded6!8m2!3d-7.9111853!4d112.6221773!16s%2Fg%2F1hm2sh_zj!19sChIJ1VM2LwYq1i0R1t4qJVR47rM?authuser=0&hl=id&rclk=1,Aqua Botol,11265,Bakar Pedes Manis Wenuk Pol,130300,40084,Sukses,40084,GoFood,https://gofood.co.id/malang/restaurant/warung-wareg-batu-51fb652d-45f4-4927-b97d-a81611d2f14a
10,Rawon Nguling,4.5,8062,Wisata Umum,-7.983913,112.6339805,https://www.google.com/maps/place/Rawon+Nguling/data=!4m7!3m6!1s0x2dd62817afb467a1:0x9f1cbddd2a00a394!8m2!3d-7.983913!4d112.6339805!16s%2Fg%2F1hdz1qjlt!19sChIJoWe0rxco1i0RlKMAKt29HJ8?authuser=0&hl=id&rclk=1,Mendol,5200,Rawon 1 Porsi + Sambal + Kecambah,157500,34400,Sukses,34400,GoFood,https://gofood.co.id/malang/restaurant/rawon-nguling-k-h-zainul-arifin-7f6ffb26-387a-49b7-bfd6-e81ef17a9a56
11,Warung Bu Kus,4.4,52,Warung Bu Kus,-7.7953348,112.3492021,https://www.google.com/maps/place/Warung+Bu+Kus/data=!4m7!3m6!1s0x2e7863c266fe2a77:0xa43dd533c5b82127!8m2!3d-7.7953348!4d112.3492021!16s%2Fg%2F11gf29ymfl!19sChIJdyr-ZsJjeC4RJyG4xTPVPaQ?authuser=0&hl=id&rclk=1,Sosis Telur,12000,Nasi+Ayam Suwir Bawang Goreng,25000,15000,Sukses,15000,GoFood,https://gofood.co.id/malang/restaurant/warung-bu-kus-turen-rr-06-dec7d315-dd00-4c66-9fe5-bdf8e6e31aa1
12,Warung Bu Kati,4.5,30,Warung Bu Kati,-7.7952242,112.3133244,https://www.google.com/maps/place/Warung+Bu+Kati/data=!4m7!3m6!1s0x2e7861ffdff76477:0xb9398469392c5193!8m2!3d-7.7952242!4d112.3133244!16s%2Fg%2F11h2dbrbvt!19sChIJd2T33_9heC4Rk1EsOWmEObk?authuser=0&hl=id&rclk=1,3 Bungkus Kerupuk,5000,Bumbu sudah terpisah,20000,17000,Sukses,17000,GoFood,https://gofood.co.id/malang/restaurant/warung-bu-yati-c8de9aa2-d278-4181-9981-efe9783a83f1
13,Nasi Pecel Tumpang,4.3,166,Wisata Umum,-7.8015831,112.3519752,https://www.google.com/maps/place/Nasi+Pecel+Tumpang/data=!4m7!3m6!1s0x2e7863c680a5fa45:0x6e0e486c2df9db9e!8m2!3d-7.8015831!4d112.3519752!16s%2Fg%2F11bz_4knkl!19sChIJRfqlgMZjeC4Rntv5LWxIDm4?authuser=0&hl=id&rclk=1,Telur Puyuh Diolah Bumbu Bacem,5000,"Kemasan thinwall kotak 250gr, merk peyek dewi",36000,17500,Sukses,17500,GoFood,https://gofood.co.id/malang/restaurant/pecel-tumpang-bu-djarot-lowokwaru-74642395-b26d-4e7a-b65b-00eadab74ca5
14,Depot Kayutangan,4.7,1946,Wisata Umum,-7.9763697,112.630331,https://www.google.com/maps/place/Depot+Kayutangan/data=!4m7!3m6!1s0x2dd6290038e2b305:0x9e52949eda861dcf!8m2!3d-7.9763697!4d112.630331!16s%2Fg%2F11vs8qr60p!19sChIJBbPiOAAp1i0Rzx2G2p6UUp4?authuser=0&hl=id&rclk=1,cwie mie includ 1 bakso,19000,"cwimie include 2 bakso +ayam char siu, 2 telur puyuh, 1 wonton",42000,25500,Sukses,25500,GoFood,https://gofood.co.id/malang/restaurant/depot-kayutangan-jalan-kahuripan-no-18-8e456c11-5ce0-450f-ae0a-4568c6f33f1d
15,Warung Krajan,4.2,23,Warung Krajan,-7.7830224,112.3164901,https://www.google.com/maps/place/Warung+Krajan/data=!4m7!3m6!1s0x2e78614ed7071a43:0xec44eb9cf9d961f9!8m2!3d-7.7830224!4d112.3164901!16s%2Fg%2F11bz_12zvr!19sChIJQxoH105heC4R-WHZ-ZzrROw?authuser=0&hl=id&rclk=1,Es millo / millo hangat,5000,Sambal matah / sambal bawang,10000,10000,Sukses,10000,GoFood,https://gofood.co.id/malang/restaurant/warung-yuen-krajan-233d2d50-c337-4633-a829-55bcde610f38
16,Warung Lesehan Sumber Rejeki 1,4.4,484,Warung Lesehan Sumber Rejeki 1,-7.8850279,112.3686948,https://www.google.com/maps/place/Warung+Lesehan+Sumber+Rejeki+1/data=!4m7!3m6!1s0x2e7889a54de12fcf:0xd5f0663433c7f776!8m2!3d-7.8850279!4d112.3686948!16s%2Fg%2F11dymnkrjw!19sChIJzy_hTaWJeC4RdvfHMzRm8NU?authuser=0&hl=id&rclk=1,Tempe + Sayur + Sambal,5000,Pentol Isi 25pcs,42000,8500,Sukses,8500,GoFood,https://gofood.co.id/malang/restaurant/lesehan-sumber-rejeki-7d6f7f64-1d41-4f50-9bf3-42d8e1db4244
17,Bakso Jumbo Pak Dodok Wardono,4.3,52,Wisata Umum,-7.9025038,112.3730695,https://www.google.com/maps/place/Bakso+Jumbo+Pak+Dodok+Wardono/data=!4m7!3m6!1s0x2e78895af19f32cb:0x32242357f97b504e!8m2!3d-7.9025038!4d112.3730695!16s%2Fg%2F11g0tj0rlr!19sChIJyzKf8VqJeC4RTlB7-VcjJDI?authuser=0&hl=id&rclk=1,1 Pcs Bakso Daging Jumbo,7500,10 Pcs Bakso Daging Sedang Kuah Bakso Dan Bumbu Pelengkap,40000,27500,Sukses,27500,GoFood,https://gofood.co.id/jakarta/restaurant/bakso-malang-asli-do-a-ibu-cakra-5a51b82a-a23a-4dab-826b-dd0e87876dc5
18,WARUNG ENAK ECO BU KUSTIN,4.8,24,WARUNG ENAK ECO BU KUSTIN,-7.8496246,112.3706036,https://www.google.com/maps/place/WARUNG+ENAK+ECO+BU+KUSTIN/data=!4m7!3m6!1s0x2e7863654c0f219d:0xf6697b9c9ac8990f!8m2!3d-7.8496246!4d112.3706036!16s%2Fg%2F11q1v98s7l!19sChIJnSEPTGVjeC4RD5nImpx7afY?authuser=0&hl=id&rclk=1,Lontong,5000,Double Nasi Ayam Kremes,70000,19000,Sukses,19000,GoFood,https://gofood.co.id/malang/restaurant/dapur-enak-eco-jl-raya-karangpandan-8f81c607-d85e-43e4-8fe3-870d96b57ae9
19,"Warung ""SETIA""",4.2,148,"Warung ""SETIA""",-7.8675453,112.3776832,https://www.google.com/maps/place/Warung+%22SETIA%22/data=!4m7!3m6!1s0x2e7889cc42c78eab:0x197ba7604d5743b7!8m2!3d-7.8675453!4d112.3776832!16s%2Fg%2F11c30v586j!19sChIJq47HQsyJeC4Rt0NXTWCnexk?authuser=0&hl=id&rclk=1,Krupuk Kicir,5000,Krupuk Pasir Pedas,5000,5000,Sukses,5000,GoFood,https://gofood.co.id/malang/restaurant/warung-setia-bu-sulis-laksda-adi-8e14b9ef-5aac-457d-99ed-73ece343f53c
20,Warung 77 Lesehan,4.6,94,Warung 77 Lesehan,-7.8672778,112.3777519,https://www.google.com/maps/place/Warung+77+Lesehan/data=!4m7!3m6!1s0x2e7889a091838b7b:0x19f1270c1661e0aa!8m2!3d-7.8672778!4d112.3777519!16s%2Fg%2F11hy9hw6qg!19sChIJe4uDkaCJeC4RquBhFgwn8Rk?authuser=0&hl=id&rclk=1,Rujak bakso + kikil,10000,Nasi Penyet Kikil,15000,15000,Sukses,15000,GoFood,https://gofood.co.id/malang/restaurant/warung-77-bu-lilis-ganawati-ir-rais-18f6bcef-15c8-459d-a66c-a2ca2d4fb106
21,Restoran Melati Selorejo,4.9,26,Restoran Melati Selorejo,-7.8784583,112.3637914,https://www.google.com/maps/place/Restoran+Melati+Selorejo/data=!4m7!3m6!1s0x2e788962513012e7:0xbd57050fe4a21451!8m2!3d-7.8784583!4d112.3637914!16s%2Fg%2F11qnhvh37x!19sChIJ5xIwUWKJeC4RURSi5A8FV70?authuser=0&hl=id&rclk=1,Per Pcs,6000,Include Nasi,57000,31000,Sukses,31000,GoFood,https://gofood.co.id/tasikmalaya/restaurant/melati-resto-coffee-b495bd6d-99fe-4366-a0df-253d18553d74
22,Warung Bu Sri,4.3,77,Warung Bu Sri,-7.8727332,112.3767392,https://www.google.com/maps/place/Warung+Bu+Sri/data=!4m7!3m6!1s0x2e7889ca1625c09f:0x6f89f2dbef3ea3ed!8m2!3d-7.8727332!4d112.3767392!16s%2Fg%2F11bxg1ndkn!19sChIJn8AlFsqJeC4R7aM-79vyiW8?authuser=0&hl=id&rclk=1,PENYET TEMPE TAHU/TERONG,10000,LALAPAN BEBEK+NASI+TEMPE/TAHU/TERONG,18500,13750,Sukses,13750,GoFood,https://gofood.co.id/malang/restaurant/warung-bu-sri-3e88a672-198a-48d2-bacb-43cdcb382dbe
23,warung Mulyorejo,4.6,84,warung Mulyorejo,-7.8738937,112.3764554,https://www.google.com/maps/place/warung+Mulyorejo/data=!4m7!3m6!1s0x2e7889ca0900cc4b:0xb76aa355052bfdf0!8m2!3d-7.8738937!4d112.3764554!16s%2Fg%2F11csqwb_4m!19sChIJS8wACcqJeC4R8P0rBVWjarc?authuser=0&hl=id&rclk=1,Rujak Cingur,10000,Nasi Soto,10000,10000,Sukses,10000,GoFood,https://gofood.co.id/malang/restaurant/warung-intan-mulyorejo-cb10261c-b58d-4c73-9d9e-b65c8d2f91a9
24,Warung Pak Dai,4.4,62,Warung Pak Dai,-7.8836204,112.3862486,https://www.google.com/maps/place/Warung+Pak+Dai/data=!4m7!3m6!1s0x2e788901b4f81d49:0xd209f2c99b968962!8m2!3d-7.8836204!4d112.3862486!16s%2Fg%2F11gmwpzvqw!19sChIJSR34tAGJeC4RYomWm8nyCdI?authuser=0&hl=id&rclk=1,Es Teh,6300,Ayam Kampung 1 ekor + 4 Nasi + 4 the sosro + sambal + lalapan + Cah Kangkung,150192,41791,Sukses,41791,GoFood,https://gofood.co.id/surabaya/restaurant/ayam-bakar-pak-d-kampung-malang-3263278a-9c28-49c3-90ec-ae0c82f28952
25,Warung Barokah (Penyebrangan perahu Pak Ri),4.7,64,"""Warung langganan pas mancing""",-7.8569383,112.3656002,https://www.google.com/maps/place/Warung+Barokah+%28Penyebrangan+perahu+Pak+Ri%29/data=!4m7!3m6!1s0x2e7889d91da0d2c5:0xc9ac79c00c50d79!8m2!3d-7.8569383!4d112.3656002!16s%2Fg%2F11c40rrr3m!19sChIJxdKgHdmJeC4ReQ3FAJzHmgw?authuser=0&hl=id&rclk=1,Es Joshua,8000,Seblak,19000,15000,Sukses,15000,GoFood,https://gofood.co.id/malang/restaurant/warung-barokah-malang-58d224e9-0d71-4dc8-afda-87889436ff8c
26,Warung Lalapan Mbak Denok,4.5,71,Warung Lalapan Mbak Denok,-7.8768035,112.3942413,https://www.google.com/maps/place/Warung+Lalapan+Mbak+Denok/data=!4m7!3m6!1s0x2e7889ef5f31349d:0x97b7d0fb82f59754!8m2!3d-7.8768035!4d112.3942413!16s%2Fg%2F11sgdl9c3y!19sChIJnTQxX--JeC4RVJf1gvvQt5c?authuser=0&hl=id&rclk=1,Nasi + Tempe + Sambal + Sayur Lalapan,12000,Nasi + Ayam Kampung + Sambal + Sayur Lalapan,31000,19000,Sukses,19000,GoFood,https://gofood.co.id/malang/restaurant/warung-lalapan-mbak-al-9ae35c73-4c59-4457-8040-d1e7d8fed722
27,Warung Lesehan Denok,3.9,53,Warung Lesehan Denok,-7.8661168,112.3779513,https://www.google.com/maps/place/Warung+Lesehan+Denok/data=!4m7!3m6!1s0x2e7889cc534a912f:0x5358a352fa9a3698!8m2!3d-7.8661168!4d112.3779513!16s%2Fg%2F11bzrjtr9v!19sChIJL5FKU8yJeC4RmDaa-lKjWFM?authuser=0&hl=id&rclk=1,Lalapan Tahu+tempe,10000,Nasi + Ayam Cryspy/Goreng + Tahu + Tempe +sambal,17000,15000,Sukses,15000,GoFood,https://gofood.co.id/malang/restaurant/warung-lesehan-sederhana-d915f8ec-182b-492d-9ac3-2b423b52567c
28,The Ling Resto And Cafe Spesial Lalapan Ikan Segar,4.0,25,Wisata Umum,-7.881422,112.3803296,https://www.google.com/maps/place/The+Ling+Resto+And+Cafe+Spesial+Lalapan+Ikan+Segar/data=!4m7!3m6!1s0x2e7889b32751d48d:0x60eabe7ab4013865!8m2!3d-7.881422!4d112.3803296!16s%2Fg%2F11ddxy00dp!19sChIJjdRRJ7OJeC4RZTgBtHq-6mA?authuser=0&hl=id&rclk=1,Brownies Kukus Dengan Toping Keju. 1 Kotak Isi 5 Buah,9000,Brownies Kukus Dengan Toping Mactha. 1 Kotak Isi 5 Buah.,12000,10500,Sukses,10500,GoFood,https://gofood.co.id/malang/restaurant/the-ling-resto-and-cafe-782de928-a146-4173-ba78-3368e1ff41be?ot=eyJtZXJjaGFudF9pZCI6Ijk4YWMwYTBhLTBlZDgtNGMzYy1hOTI0LTg0ZTQ1YzgxMTI1NyIsInVzZXJfaWQiOiIwIiwiZXhwaXJ5X3RpbWVfZXBvY2giOjE3MzUxNDc5MDgsImRlbGl2ZXJ5X3ByaWNlIjoxMDAwLCJwYXJraW5nX2ZlZSI6MCwiZXRhX2J1ZmZlcl9taW5zIjo3LCJjdXN0b21lcl9sb2NhdGlvbiI6Ii02LjE4MjMxMywxMDYuODM2NDY0NiJ9.2Sk%2BNUdFPRicqS6YeRnSxLRuK7oVc6Hl80br78iIwgU%3D
29,Bakso Heri,4.3,291,Wisata Umum,-7.7938492,112.3501538,https://www.google.com/maps/place/Bakso+Heri/data=!4m7!3m6!1s0x2e7863e9e0b1c4d9:0x68139e72892537fc!8m2!3d-7.7938492!4d112.3501538!16s%2Fg%2F11f15c7xx2!19sChIJ2cSx4OljeC4R_DcliXKeE2g?authuser=0&hl=id&rclk=1,Baso Daging Sapi/pcs,5000,"Baso daging sapi, somay, tahu, mie, pangsit",25000,25000,Sukses,25000,GoFood,https://gofood.co.id/id/subang/restaurant/bakso-malang-h-heri-6b89ace8-077c-43a4-9565-2ab7148113c6
30,Bakso Pak Slamet Dua Putri,4.6,33,Wisata Umum,-7.788646,112.3452768,https://www.google.com/maps/place/Bakso+Pak+Slamet+Dua+Putri/data=!4m7!3m6!1s0x2e7863e5fe27fdb5:0xfcf8cbeaf736a5b7!8m2!3d-7.788646!4d112.3452768!16s%2Fg%2F11gf07pb7y!19sChIJtf0n_uVjeC4Rt6U29-rL-Pw?authuser=0&hl=id&rclk=1,Es Susu,5000,Bakso Balung Iga,32000,8000,Sukses,8000,GoFood,https://gofood.co.id/solo/restaurant/bakso-malang-pak-slamet-8f89b811-6042-4e6c-9616-d53fb7b13bb6
31,Daun Pule Resto & Cafe,4.8,55,Restoran · Kampung Songo RT.61/13,-8.3331826,112.4548816,https://www.google.com/maps/place/Daun+Pule+Resto+%26+Cafe/data=!4m7!3m6!1s0x2e78a54e79ba984b:0xfc25243a92b08270!8m2!3d-8.3331826!4d112.4548816!16s%2Fg%2F11rfphz10t!19sChIJS5i6eU6leC4RcIKwkjokJfw?authuser=0&hl=id&rclk=1,20 Ml,8400,"toastedcountry sourdough, beef wagyu, asian chimichurri, caramelized onion, green salad with house dressing, grated parmesan double fried potatoes.",174000,48000,Sukses,48000,GoFood,https://gofood.co.id/malang/restaurant/pule-coffee-and-eatery-bb37a6b1-2b01-47b2-b033-d2d2555322e4
32,Warung Warna Warni,4.0,33,Warung Warna Warni,-8.2979739,112.4305902,https://www.google.com/maps/place/Warung+Warna+Warni/data=!4m7!3m6!1s0x2e78a4d53b587e55:0x904b373551bac4df!8m2!3d-8.2979739!4d112.4305902!16s%2Fg%2F11f3vs2lhv!19sChIJVX5YO9WkeC4R38S6UTU3S5A?authuser=0&hl=id&rclk=1,mie jelly dg sirup,7000,es mie jelly ukuran jumbo,15000,9000,Sukses,9000,GoFood,https://gofood.co.id/malang/restaurant/warung-warna-warni-klojen-b2398cb4-d17b-496c-b23e-7140b2fcdba6
33,Ayam Geprek Sa'i Donomulyo,4.6,145,Restoran · Jalan Raya Dawung,-8.293977,112.4256022,https://www.google.com/maps/place/Ayam+Geprek+Sa%27i+Donomulyo/data=!4m7!3m6!1s0x2e78bbe3d62ac365:0x618ee7452c2c7179!8m2!3d-8.293977!4d112.4256022!16s%2Fg%2F11wvl4f116!19sChIJZcMq1uO7eC4ReXEsLEXnjmE?authuser=0&hl=id&rclk=1,Kuah cuko + timun,5000,Nasi + Ayam Crispy + Keju Mozarella + Sambal Bawang Cabe Hijau/Merah + Timun + Tahu + Kemasan Sterofoam + Es Teh 16 Oz,34615,19424,Sukses,19424,GoFood,https://gofood.co.id/malang/restaurant/ayam-geprek-singosari-dcb436a3-aeba-4483-b542-b889334b3506
34,Warung Mak Karti,4.1,56,Warung Mak Karti,-8.2540545,112.3872783,https://www.google.com/maps/place/Warung+Mak+Karti/data=!4m7!3m6!1s0x2e78bc868283f381:0xd32f88094a59d5e5!8m2!3d-8.2540545!4d112.3872783!16s%2Fg%2F11cmdhwqjp!19sChIJgfODgoa8eC4R5dVZSgmIL9M?authuser=0&hl=id&rclk=1,Jus Wortel,13800,Jus Durian,25900,20950,Sukses,20950,GoFood,https://gofood.co.id/malang/restaurant/warung-mak-ti-dde9329b-e70c-4077-890c-0b85859b0eca
35,Warung Sego Pecel Mbok SIBO (Mak Mi),4.7,66,Wisata Umum,-8.2719187,112.3845631,https://www.google.com/maps/place/Warung+Sego+Pecel+Mbok+SIBO+%28Mak+Mi%29/data=!4m7!3m6!1s0x2e78bb777fca07f3:0x4933ebe62cb5b68f!8m2!3d-8.2719187!4d112.3845631!16s%2Fg%2F11crzwc0gd!19sChIJ8wfKf3e7eC4Rj7a1LObrM0k?authuser=0&hl=id&rclk=1,Teh Hangat,5000,Nasi+mentok+santan Kuah Pedas,22600,8000,Sukses,8000,GoFood,https://gofood.co.id/malang/restaurant/warung-mak-mi-28958058-68c2-4ba8-94c2-24a9d04a460c?ot=eyJtZXJjaGFudF9pZCI6IjZkYmVmOTFmLWM3YzMtNDE4Zi1iNGYyLWM4OGExY2Q3MDdkYyIsInVzZXJfaWQiOiIwIiwiZXhwaXJ5X3RpbWVfZXBvY2giOjE3MzUxMDYwNjgsImRlbGl2ZXJ5X3ByaWNlIjoxMDAwLCJwYXJraW5nX2ZlZSI6MCwiZXRhX2J1ZmZlcl9taW5zIjo3LCJjdXN0b21lcl9sb2NhdGlvbiI6Ii02LjE4MjMxMywxMDYuODM2NDY0NiJ9.FNCr0teOcf7utrzbTa9Wh4C1csdkYzfQTvLm1AorMyo%3D
36,Warung Barokah,4.0,57,Warung Barokah,-8.272202,112.4302413,https://www.google.com/maps/place/Warung+Barokah/data=!4m7!3m6!1s0x2e78a4b324105099:0x8cbd63c7adb6f3f9!8m2!3d-8.272202!4d112.4302413!16s%2Fg%2F11d_7sdcww!19sChIJmVAQJLOkeC4R-fO2rcdjvYw?authuser=0&hl=id&rclk=1,Es Joshua,8000,Seblak,19000,15000,Sukses,15000,GoFood,https://gofood.co.id/malang/restaurant/warung-barokah-malang-58d224e9-0d71-4dc8-afda-87889436ff8c
37,Waroeng Janur Kuning,4.5,122,Wisata Umum,-8.2088462,112.458862,https://www.google.com/maps/place/Waroeng+Janur+Kuning/data=!4m7!3m6!1s0x2e78a332540719d3:0x41d614dc444f5443!8m2!3d-8.2088462!4d112.458862!16s%2Fg%2F11ft43ztj9!19sChIJ0xkHVDKjeC4RQ1RPRNwU1kE?authuser=0&hl=id&rclk=1,Es Teh Tawar,5000,Soto Ayam,56500,21500,Sukses,21500,GoFood,https://gofood.co.id/malang/restaurant/depot-janur-kuning-lawang-23c6f015-5a3d-458e-a063-7aa9f77f3b14
38,Kedai Bamboe,3.8,23,Wisata Umum,-7.903745,112.373322,https://www.google.com/maps/place/Kedai+Bamboe/data=!4m7!3m6!1s0x2e788904c339982d:0xcb12df859687fdf4!8m2!3d-7.903745!4d112.373322!16s%2Fg%2F11f2sh5p48!19sChIJLZg5wwSJeC4R9P2HloXfEss?authuser=0&hl=id&rclk=1,Es Teh,5000,St (sehat Tentrem),13000,9000,Sukses,9000,GoFood,https://gofood.co.id/malang/restaurant/kedai-bamboe-beryl-lestari-raya-kepanjen-2e03acdf-a5a9-49fe-8935-e932702bf40c
39,Warung Bu Yuli,4.4,134,Warung Bu Yuli,-7.8614459,112.4279147,https://www.google.com/maps/place/Warung+Bu+Yuli/data=!4m7!3m6!1s0x2e7888080c325dfb:0x87087bbabe35bcd0!8m2!3d-7.8614459!4d112.4279147!16s%2Fg%2F11bzrj46x3!19sChIJ-10yDAiIeC4R0Lw1vrp7CIc?authuser=0&hl=id&rclk=1,Bali Telur,5000,Nasi + bali daging + oseng tempe + oseng buncis + mie + sambal + timun,32000,11500,Sukses,11500,GoFood,https://gofood.co.id/malang/restaurant/warung-bu-yuli-malang-210a9e3d-76a5-4072-8518-71cb8a97aa2a
40,Lumintu Strawberry Cafe & Resto,4.3,145,Restoran · 4FW3+5M5,-7.8549986,112.4549104,https://www.google.com/maps/place/Lumintu+Strawberry+Cafe+%26+Resto/data=!4m7!3m6!1s0x2e78879a1b081a5d:0x27f58c10248a691c!8m2!3d-7.8549986!4d112.4549104!16s%2Fg%2F11sfdnhry1!19sChIJXRoIG5qHeC4RHGmKJBCM9Sc?authuser=0&hl=id&rclk=1,Isian Selai Nanas,13500,Roti Bakar Rasa Oreo + Keju + Coklat Campur,23500,15500,Sukses,15500,GoFood,https://gofood.co.id/malang/restaurant/lumintu-depot-lowokwaru-d6f29b20-893d-4cf2-8390-bddc78d4f340
41,Cafe Sawah Pujonkidul,4.5,19046,Wisata Umum,-7.8545719,112.4538339,https://www.google.com/maps/place/Cafe+Sawah+Pujonkidul/data=!4m7!3m6!1s0x2e7887d13e8a45af:0x8e78de01de79888f!8m2!3d-7.8545719!4d112.4538339!16s%2Fg%2F11c5hj7jyk!19sChIJr0WKPtGHeC4Rj4h53gHeeI4?authuser=0&hl=id&rclk=1,Ayam Geprek,15000,Nasi+bebek,30000,17500,Sukses,17500,GoFood,https://gofood.co.id/malang/restaurant/cafe-sawah-pujonkidul-91d429e4-2529-4201-9c1f-53db05526b6e?page=7
42,Depot Supo Cafe and Resto,4.7,80,Restoran · Jl. Arumdalu No.54,-7.8623197,112.4965046,https://www.google.com/maps/place/Depot+Supo+Cafe+and+Resto/data=!4m7!3m6!1s0x2e7887460e6ce47d:0xb5418e4ec7a5d0cf!8m2!3d-7.8623197!4d112.4965046!16s%2Fg%2F11h3w4kbsm!19sChIJfeRsDkaHeC4Rz9Clx06OQbU?authuser=0&hl=id&rclk=1,Jasmine Tea yang menyegarkan.,10000,Isi 8 Rasa Pisang Coklat Goreng Matang,52500,19500,Sukses,19500,GoFood,https://gofood.co.id/malang/restaurant/depotsupo-cafe-and-resto-songgoriti-18cda5e4-4a42-4d0a-a19c-69b4d0c09b4f
43,Warung Bukit Berbunga,4.4,97,Warung Bukit Berbunga,-7.8547795,112.4390048,https://www.google.com/maps/place/Warung+Bukit+Berbunga/data=!4m7!3m6!1s0x2e7887f98e52792d:0x36d5b6e16a6031c!8m2!3d-7.8547795!4d112.4390048!16s%2Fg%2F11bz_4qy3b!19sChIJLXlSjvmHeC4RHAOmFm5bbQM?authuser=0&hl=id&rclk=1,"Teh,es",6500,Nasi Putih + Sayur + Bumbu Pecel + Tempe Kacang + Bakwan Jagung + Telur,15500,10500,Sukses,10500,GoFood,https://gofood.co.id/malang/restaurant/warung-sarwendah-sidomulyo-jln-bukit-berbunga-ace2df07-9b5d-4495-8647-19b9058527e6
44,Bakso Utama Dewi Sri,4.5,112,Wisata Umum,-7.8399117,112.4499581,https://www.google.com/maps/place/Bakso+Utama+Dewi+Sri/data=!4m7!3m6!1s0x2e787d42a0de5e71:0x237d83c9de4a2301!8m2!3d-7.8399117!4d112.4499581!16s%2Fg%2F11gd4l6jbj!19sChIJcV7eoEJ9eC4RASNK3smDfSM?authuser=0&hl=id&rclk=1,Es Teh,7000,Mie Ayam + Ceker+ Telor + Bakso+ Pangsit,19000,12000,Sukses,12000,GoFood,https://gofood.co.id/solo/restaurant/bakso-dewi-sri-e6f814bf-4ffa-45b3-bbfc-8fb789d17a96?locality=bendosari-restaurants
45,Warung Nico,4.6,84,Warung Nico,-7.8618552,112.4886422,https://www.google.com/maps/place/Warung+Nico/data=!4m7!3m6!1s0x2e788771e25cd3cb:0xf5cde0c370f6c52f!8m2!3d-7.8618552!4d112.4886422!16s%2Fg%2F11bzrrrf41!19sChIJy9Nc4nGHeC4RL8X2cMPgzfU?authuser=0&hl=id&rclk=1,Es White Koffe,5000,Tahu + Taoge + Seledri + Bumbu Kacang (bisa Req Cabe),13000,13000,Sukses,13000,GoFood,https://gofood.co.id/malang/restaurant/warung-niki-echo-dau-9c78dc96-a70c-4ccf-9414-da910bbc88ef
46,Bakso Jaya Dewi Sri Pujon,4.6,153,Wisata Umum,-7.8394849,112.4504441,https://www.google.com/maps/place/Bakso+Jaya+Dewi+Sri+Pujon/data=!4m7!3m6!1s0x2e787d42d3544f01:0x7d531877078ba3f2!8m2!3d-7.8394849!4d112.4504441!16s%2Fg%2F11b6sw1qk6!19sChIJAU9U00J9eC4R8qOLB3cYU30?authuser=0&hl=id&rclk=1,Bakso Krikil,15000,Mie+ayam Lembut+lengkap,17000,17000,Sukses,17000,GoFood,https://gofood.co.id/malang/restaurant/bakso-jaya-jln-terusan-sulfat-1-15-mlg-72395a74-5fd2-4d70-8f53-8c7624180147
47,Warung De Uwais Ayam dan Bebek Goreng,5.0,74,Wisata Umum,-7.8460173,112.4740245,https://www.google.com/maps/place/Warung+De+Uwais+Ayam+dan+Bebek+Goreng/data=!4m7!3m6!1s0x2e787d0050b1203b:0x3addd321d7ca5389!8m2!3d-7.8460173!4d112.4740245!16s%2Fg%2F11w4gv5ddw!19sChIJOyCxUAB9eC4RiVPK1yHT3To?authuser=0&hl=id&rclk=1,Kopi + Gula + Air Panas,5200,Ayam kalkun goreng + nasi putih + serundeng+ lalapan + sambal,52000,18200,Sukses,18200,GoFood,https://gofood.co.id/malang/restaurant/warung-de-uwais-pujon-84b39622-ad78-4c50-bb7e-0389336a883c
48,Bakso Jaya,4.5,67,Wisata Umum,-7.8163956,112.3655161,https://www.google.com/maps/place/Bakso+Jaya/data=!4m7!3m6!1s0x2e7863f51aa62c31:0xb8957c35b75edb5b!8m2!3d-7.8163956!4d112.3655161!16s%2Fg%2F11gy4tg853!19sChIJMSymGvVjeC4RW9tetzV8lbg?authuser=0&hl=id&rclk=1,Bakso Krikil,15000,Mie+ayam Lembut+lengkap,17000,17000,Sukses,17000,GoFood,https://gofood.co.id/malang/restaurant/bakso-jaya-jln-terusan-sulfat-1-15-mlg-72395a74-5fd2-4d70-8f53-8c7624180147
49,Bakso Cinta wonocolo,4.6,23,Wisata Umum,-8.336972,112.4474771,https://www.google.com/maps/place/Bakso+Cinta+wonocolo/data=!4m7!3m6!1s0x2dd7fb5e5b46c899:0xf4eceba28fcc81f9!8m2!3d-8.336972!4d112.4474771!16s%2Fg%2F11fjz8_sd4!19sChIJmchGW1771y0R-YHMj6Lr7PQ?authuser=0&hl=id&rclk=1,"Coklat,strawberry,mangga,anggur,vanilla,yogurt,permen karet",8000,Bakso Campur isi 1 Pentol Kasar Besar + 2 Pentol Halus Sedang + 1 Siomay + 1 Tahu + 1 Goreng,20000,13000,Sukses,13000,GoFood,https://gofood.co.id/malang/restaurant/kedai-bakso-cinta-genengan-99b2b125-f44e-47d4-82f4-7d9fd6d98bc8
50,Dapoer Namira,4.5,27,Restoran · Jl. Kauman Kalipare,-8.2096852,112.4724516,https://www.google.com/maps/place/Dapoer+Namira/data=!4m7!3m6!1s0x2e78a33a55b74367:0x4ec52b59c7a8df7b!8m2!3d-8.2096852!4d112.4724516!16s%2Fg%2F11h07klr6l!19sChIJZ0O3VTqjeC4Re9-ox1krxU4?authuser=0&hl=id&rclk=1,Nasi + Ayam Geprekk,12000,Nasi + Gulai Ayam,15000,15000,Sukses,15000,GoFood,https://gofood.co.id/solo/restaurant/dapoer-namira-f6860dec-a2ae-41d7-be56-4d9697a35515
51,Cak Mad Sate,4.2,35,Wisata Umum,-8.2012878,112.4663621,https://www.google.com/maps/place/Cak+Mad+Sate/data=!4m7!3m6!1s0x2e78a2f1ed57215b:0x9ceefd603fc4d6bc!8m2!3d-8.2012878!4d112.4663621!16s%2Fg%2F11cn7qsq98!19sChIJWyFX7fGieC4RvNbEP2D97pw?authuser=0&hl=id&rclk=1,Sebungkus Nasi Putih,6000,1 Porsi Sate Kambing Isi 10 Tusuk,32000,17000,Sukses,17000,GoFood,https://gofood.co.id/malang/restaurant/sate-cak-mad-ef18d07c-3f12-4c08-858d-a296c03653db
52,Waroeng Gaul Oeloeng,4.3,36,Wisata Umum,-8.161448,112.4777465,https://www.google.com/maps/place/Waroeng+Gaul+Oeloeng/data=!4m7!3m6!1s0x2e78988a7f8afae9:0xa4aaf50a983d7f92!8m2!3d-8.161448!4d112.4777465!16s%2Fg%2F11f3chw6mf!19sChIJ6fqKf4qYeC4Rkn89mAr1qqQ?authuser=0&hl=id&rclk=1,Ceker Pelakor,11800,Mie Premium + Sayap Pelakor + Topping Enak Banget,19000,15400,Sukses,15400,GoFood,https://gofood.co.id/malang/restaurant/waroeng-gaul-pak-onthel-jl-kalpataru-no-17-malang-3b929c3c-a931-4b78-9ceb-d790cf934d10
53,Warung Rahayu,4.5,322,Warung Rahayu,-8.1566325,112.4810643,https://www.google.com/maps/place/Warung+Rahayu/data=!4m7!3m6!1s0x2e78988ba7333ac7:0xfdd137383fb8f2e!8m2!3d-8.1566325!4d112.4810643!16s%2Fg%2F1hm2dxyww!19sChIJxzozp4uYeC4RLo_7g3MT3Q8?authuser=0&hl=id&rclk=1,Panas / Dingin,5900,Capcay Toping Sayur.wotel.ampela Ati.pento.ayam Dan Tomat...gurih Dan Lezat.bisa Pakek Saos /orijinal.,25900,17400,Sukses,17400,GoFood,https://gofood.co.id/id/malang/restaurant/warung-rahayu-nasi-gorang-dan-lalapan-e7c57519-72c5-474f-8763-34499a985f25
54,Warung'e Pak Ayam,4.5,31,Warung'e Pak Ayam,-8.1567269,112.4758732,https://www.google.com/maps/place/Warung%27e+Pak+Ayam/data=!4m7!3m6!1s0x2e78996f85cd784b:0xa5e7ff5de97be264!8m2!3d-8.1567269!4d112.4758732!16s%2Fg%2F11j7bhkn86!19sChIJS3jNhW-ZeC4RZOJ76V3_56U?authuser=0&hl=id&rclk=1,Es Teh Yg Menyegarkan,6000,Nasi Goreng Telor Dgn Topping Capjay,34000,18000,Sukses,18000,GoFood,https://gofood.co.id/malang/restaurant/warung-e-pak-ayam-6b9a4eb4-4d19-4c38-9d0c-f7f8b9920517
55,Bakso Pinarak,4.6,32,Wisata Umum,-8.1616535,112.4736158,https://www.google.com/maps/place/Bakso+Pinarak/data=!4m7!3m6!1s0x2e789863aa75b127:0x3c634ebe10fd7b69!8m2!3d-8.1616535!4d112.4736158!16s%2Fg%2F11g02rc6km!19sChIJJ7F1qmOYeC4RaXv9EL5OYzw?authuser=0&hl=id&rclk=1,Kikil Sapi Presto,5000,Mie Ayam Double Plus Bakso Lkp,30000,7500,Sukses,7500,GoFood,https://gofood.co.id/malang/restaurant/kedai-pinarak-bakso-suki-batu-5d937dc3-89fb-478f-ba5f-dbe2f09f56e0
56,Rumah Makan Padang SEDERHANA BARU,4.6,79,Wisata Umum,-8.1567205,112.481493,https://www.google.com/maps/place/Rumah+Makan+Padang+SEDERHANA+BARU/data=!4m7!3m6!1s0x2e78988c66ffffef:0x44bfd137d101c10b!8m2!3d-8.1567205!4d112.481493!16s%2Fg%2F11f3d8jx6d!19sChIJ7___ZoyYeC4RC8EB0TfRv0Q?authuser=0&hl=id&rclk=1,Begedel,5000,Nasi+ayam Lado Ijo+ Sayur Kol+Sayur Daun Singkong+Kuah Gulai+Kuah Rendang+Sambal Ijo,19000,19000,Sukses,19000,GoFood,https://gofood.co.id/malang/restaurant/rm-padang-sederhana-baru-5e80ab44-f026-4218-8c85-c9765b1708ea
57,Warung Pojok Al Mustofa,4.1,41,Warung Pojok Al Mustofa,-8.1544747,112.4581931,https://www.google.com/maps/place/Warung+Pojok+Al+Mustofa/data=!4m7!3m6!1s0x2e789841e55483f1:0x775d86f9a22c5182!8m2!3d-8.1544747!4d112.4581931!16s%2Fg%2F11f3j74g16!19sChIJ8YNU5UGYeC4RglEsovmGXXc?authuser=0&hl=id&rclk=1,Es Jeruk Manis,8000,Bakso Tumpeng +tahu+mie+goreng,18000,15000,Sukses,15000,GoFood,https://gofood.co.id/id/malang/restaurant/warung-pojok-42c351a4-6a4a-44ac-904e-ec61e6ab523c
58,Warung Lilik,4.6,30,Warung Lilik,-8.152551,112.478297,https://www.google.com/maps/place/Warung+Lilik/data=!4m7!3m6!1s0x2e7898f56acbf94d:0x82510e5aadf8b346!8m2!3d-8.152551!4d112.478297!16s%2Fg%2F11gf204_y6!19sChIJTfnLavWYeC4RRrP4rVoOUYI?authuser=0&hl=id&rclk=1,Tahu Lontong Campur,8500,Sayap Pedas + Nasi,15000,11500,Sukses,11500,GoFood,https://gofood.co.id/malang/restaurant/warung-mbak-lilik-d7274055-2ed8-48fd-8a73-42c73c485812
59,Waroeng Jagoan 2,4.8,85,Wisata Umum,-8.1567288,112.476012,https://www.google.com/maps/place/Waroeng+Jagoan+2/data=!4m7!3m6!1s0x2e78990054219607:0xe23547f793731f4f!8m2!3d-8.1567288!4d112.476012!16s%2Fg%2F11xsrfzpv7!19sChIJB5YhVACZeC4RTx9zk_dHNeI?authuser=0&hl=id&rclk=1,es teh manis,5200,"Seblak SeafoodSeblak dengan isian: chikuwa, dumpling keju, sosis ayam, kembang cumi, ekor udang, crabstick, bakso ikan, makroni, kerupuk, sawi, enoki",33000,18000,Sukses,18000,GoFood,https://gofood.co.id/malang/restaurant/waroeng-jagoan-2-jendral-sudirman-fa06bef5-1d17-4d32-983d-203a00ca5aa2
60,KASUKI,4.8,59,Wisata Umum,-8.1563183,112.4782758,https://www.google.com/maps/place/KASUKI/data=!4m7!3m6!1s0x2e7899000811c6e9:0xdd7b9fff456c51f5!8m2!3d-8.1563183!4d112.4782758!16s%2Fg%2F11wmzgg08v!19sChIJ6cYRCACZeC4R9VFsRf-fe90?authuser=0&hl=id&rclk=1,Noodle,8400,"Sosis,Dumpling,Double Twister,Crabstick,Tofu Fish,FishRoll,Cikuwa,Scallop,Bakso Salmon,Bakso Gurita,Bakso Cumi + Sayur + 2 Soup Base, Shortplate 150gr,Beef Meltic 150gr,Chicken Fillet 150gr,Otak-Otak Singapore 6pcs,Odeng 2pcs,Sosis Bakar 6pcs + Sayur",282900,25750,Sukses,25750,GoFood,https://gofood.co.id/malang/restaurant/kasuki-suki-grill-kepanjen-3b662f0a-42b6-4afd-a33c-7091bec8ff30
61,Warung Pojok,4.6,79,Warung Pojok,-8.153735,112.483445,https://www.google.com/maps/place/Warung+Pojok/data=!4m7!3m6!1s0x2e78988cad6cc485:0xd534e86b3ef7d46f!8m2!3d-8.153735!4d112.483445!16s%2Fg%2F11h9vz60nn!19sChIJhcRsrYyYeC4Rb9T3PmvoNNU?authuser=0&hl=id&rclk=1,Telor Dadar,5000,Rawon,15000,10000,Sukses,10000,GoFood,https://gofood.co.id/malang/restaurant/warung-pojok-jln-kalimantan-malang-3bd6a9f4-a3b5-414e-a929-4b0ea87ebe94
62,Warung Bu Yayah,4.6,210,Warung Bu Yayah,-8.1574171,112.4943295,https://www.google.com/maps/place/Warung+Bu+Yayah/data=!4m7!3m6!1s0x2e789f1405acdd13:0x5528dbbfe9eb9230!8m2!3d-8.1574171!4d112.4943295!16s%2Fg%2F11nh4f348c!19sChIJE92sBRSfeC4RMJLr6b_bKFU?authuser=0&hl=id&rclk=1,Jeruk,6000,Nasi + Iga Goreng Crispy + Sambal Pedas Lalapan + Kuah Soup,50000,15500,Sukses,15500,GoFood,https://gofood.co.id/malang/restaurant/warung-bu-yayah-pahlawan-7f48d00c-5a75-49e5-a91e-eb750e55aa6d?locality=kromengan-restaurants
63,Ayam Goreng Miroso,4.1,349,Wisata Umum,-8.156633,112.4811336,https://www.google.com/maps/place/Ayam+Goreng+Miroso/data=!4m7!3m6!1s0x2e78988961c07c9d:0x7354fa3ba8ca7fe5!8m2!3d-8.156633!4d112.4811336!16s%2Fg%2F11hbr3139w!19sChIJnXzAYYmYeC4R5X_KqDv6VHM?authuser=0&hl=id&rclk=1,Nasi Putih,5000,Nasi+ayam+sambel Bawang+garnis . Minum Es Teh / Mineral Botol,35000,13000,Sukses,13000,GoFood,https://gofood.co.id/malang/restaurant/ayam-goreng-miroso-de5226fa-94dc-4992-874c-3e0b788b002b
64,Rumah Makan Weringin Asri,4.4,97,Wisata Umum,-7.8532822,112.4870164,https://www.google.com/maps/place/Rumah+Makan+Weringin+Asri/data=!4m7!3m6!1s0x2e78877b686a9915:0x89cff99171adcef2!8m2!3d-7.8532822!4d112.4870164!16s%2Fg%2F11f3m8rfcx!19sChIJFZlqaHuHeC4R8s6tcZH5z4k?authuser=0&hl=id&rclk=1,Telur mata sapi,6250,Ayam Saos Inggris,62500,34000,Sukses,34000,GoFood,https://gofood.co.id/malang/restaurant/ringin-asri-lowokwaru-ab10c8b3-2301-46eb-8987-6d31c5aaf5d5
65,Warung Bu Erni,4.2,20,Warung Bu Erni,-7.8573357,112.4806747,https://www.google.com/maps/place/Warung+Bu+Erni/data=!4m7!3m6!1s0x2e788779c56f099f:0xfcd35071a528e9f9!8m2!3d-7.8573357!4d112.4806747!16s%2Fg%2F11b7284fr4!19sChIJnwlvxXmHeC4R-ekopXFQ0_w?authuser=0&hl=id&rclk=1,Milo Panas,5000,5 Buah Risol Mayo,25000,15350,Sukses,15350,GoFood,https://gofood.co.id/malang/restaurant/warung-bu-erni-lowokwaru-059d5ef5-caf0-404c-b96f-120e303d3134
66,DEPOT MAMAKU AYAM GORENG DAN NASI TIMBEL,4.6,47,Wisata Umum,-7.8781329,112.5197728,https://www.google.com/maps/place/DEPOT+MAMAKU+AYAM+GORENG+DAN+NASI+TIMBEL/data=!4m7!3m6!1s0x2e78872dc898d261:0x848da37d01fb1391!8m2!3d-7.8781329!4d112.5197728!16s%2Fg%2F11bt_gckvf!19sChIJYdKYyC2HeC4RkRP7AX2jjYQ?authuser=0&hl=id&rclk=1,Lee Mineral 600ml / Aqua,5500,Untuk 2 Porsi Nasi+Bebek Goreng+Lalapan+Tahu+Tempe+Ikan Asin+Sayur Asem,75900,35900,Sukses,35900,GoFood,https://gofood.co.id/malang/restaurant/nasi-timbel-ayam-bebek-dan-cwiemie-malang-depot-mamaku-depan-museum-angkut-batu-09d4c2de-d1cd-486f-a0fb-b5bc93fd35ed
67,Depote,4.8,65,Restoran,-7.8608074,112.5270037,https://www.google.com/maps/place/Depote/data=!4m10!3m9!1s0x2e7880b4834b89e7:0xb25f3dd0db602b9f!5m2!4m1!1i2!8m2!3d-7.8608074!4d112.5270037!16s%2Fg%2F11h7zfj5zt!19sChIJ54lLg7SAeC4Rnytg29A9X7I?authuser=0&hl=id&rclk=1,Nasi Putih,6000,Nasi Lemak Peranakan Daging Rendang,37500,25000,Sukses,25000,GoFood,https://gofood.co.id/malang/restaurant/depot-semangkok-53170370-eecf-41d6-b35c-893d87f01128
68,"Ayam Tulang Lunak MBOK SURIP Pujon, Kab Malang",4.4,465,Wisata Umum,-7.8492431,112.4789832,"https://www.google.com/maps/place/Ayam+Tulang+Lunak+MBOK+SURIP+Pujon,+Kab+Malang/data=!4m7!3m6!1s0x2e7887cca7b829db:0x762085bf8727be1f!8m2!3d-7.8492431!4d112.4789832!16s%2Fg%2F11rvjh24h0!19sChIJ2ym4p8yHeC4RH74nh7-FIHY?authuser=0&hl=id&rclk=1",Sedia dingin dan biasa,6000,Ayam tulang lunak jumbo + minuman teh,63000,21000,Sukses,21000,GoFood,https://gofood.co.id/malang/restaurant/ayam-tulang-lunak-mbok-surip-pujon-f3df897c-9ef5-4e70-bf16-915fecf3e250
69,Waroeng Cipoet Khas Jawa,4.5,158,Wisata Umum,-7.85056,112.481746,https://www.google.com/maps/place/Waroeng+Cipoet+Khas+Jawa/data=!4m7!3m6!1s0x2e78877e896dea49:0x37ebdbdde5956b10!8m2!3d-7.85056!4d112.481746!16s%2Fg%2F11f3mbrjkw!19sChIJSeptiX6HeC4REGuV5d3b6zc?authuser=0&hl=id&rclk=1,Pahe,8000,Puyuh Goreng + Nasi,17000,15000,Sukses,15000,GoFood,https://gofood.co.id/malang/restaurant/waroeng-cipeng-jl-raya-codo-90efb17e-a7f5-48a2-b494-b8ae6c282880
70,Warung Bu Amanah,4.9,23,Warung Bu Amanah,-7.8411771,112.4624714,https://www.google.com/maps/place/Warung+Bu+Amanah/data=!4m7!3m6!1s0x2e788725957a7bdb:0xf0fc36878bfe3d92!8m2!3d-7.8411771!4d112.4624714!16s%2Fg%2F11hdj34yf0!19sChIJ23t6lSWHeC4Rkj3-i4c2_PA?authuser=0&hl=id&rclk=1,Teh Hangat,5000,Salad Buah,25000,12000,Sukses,12000,GoFood,https://gofood.co.id/malang/restaurant/warung-amanah-4d1219e6-5fd2-4f08-be99-9ea1e4392752
71,Warung Rini,4.3,144,Warung Rini,-7.8490859,112.4787033,https://www.google.com/maps/place/Warung+Rini/data=!4m7!3m6!1s0x2e78877fc0d5b5f1:0x8f73cb0126ea84ac!8m2!3d-7.8490859!4d112.4787033!16s%2Fg%2F11b6s_n7jy!19sChIJ8bXVwH-HeC4RrITqJgHLc48?authuser=0&hl=id&rclk=1,Nasi Putih,5000,Berat 8 ons (Dilengkapi Sambal + Lalapan),60000,13000,Sukses,13000,GoFood,https://gofood.co.id/malang/restaurant/warung-mbak-rini-karya-timur-glintung-b0f85361-4fa4-4cae-9934-04a5d5953f32
72,Waroeng Watu Gong,4.5,64,Wisata Umum,-7.8473239,112.4761461,https://www.google.com/maps/place/Waroeng+Watu+Gong/data=!4m7!3m6!1s0x2e787d7faaaaaabd:0x67f51cefba2b57b4!8m2!3d-7.8473239!4d112.4761461!16s%2Fg%2F11gcqwzyy2!19sChIJvaqqqn99eC4RtFcruu8c9Wc?authuser=0&hl=id&rclk=1,Nasi pulen penuh karbohidrat,5000,Nasi + Ayam Fillet Crispy + Saus Teriyaki + Es Teh,30000,15250,Sukses,15250,GoFood,https://gofood.co.id/malang/restaurant/warung-de-cozzy-watu-gong-4c042320-dc85-4e57-9900-7e551419c786
73,Warung Qothun Bebek Goreng Andrie,4.3,63,Warung Qothun Bebek Goreng Andrie,-7.8395775,112.4588449,https://www.google.com/maps/place/Warung+Qothun+Bebek+Goreng+Andrie/data=!4m7!3m6!1s0x2e787d6608737bdb:0x64aa875c1062c3ea!8m2!3d-7.8395775!4d112.4588449!16s%2Fg%2F11dzt1pyw9!19sChIJ23tzCGZ9eC4R6sNiEFyHqmQ?authuser=0&hl=id&rclk=1,Teh Hangat,5000,Nasi + Bebek Goreng + Sambal + Bumbu + Lalapan,40000,16000,Sukses,16000,GoFood,https://gofood.co.id/malang/restaurant/warung-bebek-berkah-junrejo-ffed21ef-1d91-41cd-80fc-74af7c2cfc34?ot=eyJtZXJjaGFudF9pZCI6IjZkYmVmOTFmLWM3YzMtNDE4Zi1iNGYyLWM4OGExY2Q3MDdkYyIsInVzZXJfaWQiOiIwIiwiZXhwaXJ5X3RpbWVfZXBvY2giOjE3MzMxNTk4MTQsImRlbGl2ZXJ5X3ByaWNlIjoxMDAwLCJwYXJraW5nX2ZlZSI6MCwiZXRhX2J1ZmZlcl9taW5zIjo3LCJjdXN0b21lcl9sb2NhdGlvbiI6Ii02LjE4MjMxMywxMDYuODM2NDY0NiJ9.b1MK9doqcb60AWr3D+4rmhUPsmE6EbhT9VnUK236pi8%3D
74,Warung Rujak Sapik,4.2,32,Warung Rujak Sapik,-7.8562953,112.4552195,https://www.google.com/maps/place/Warung+Rujak+Sapik/data=!4m7!3m6!1s0x2e78878cefe151e1:0x8fb7c925cfc21042!8m2!3d-7.8562953!4d112.4552195!16s%2Fg%2F11f1224r06!19sChIJ4VHh74yHeC4RQhDCzyXJt48?authuser=0&hl=id&rclk=1,Rujak Cingur,17000,"Rujak Cingur, Spesial Cingur",19000,17000,Sukses,17000,GoFood,https://gofood.co.id/malang/restaurant/warung-rujak-lawang-17ac521c-a05e-4393-b216-a0995b6777fe
75,Warung Berkah Wangi,4.2,34,Warung Berkah Wangi,-7.8497941,112.4800481,https://www.google.com/maps/place/Warung+Berkah+Wangi/data=!4m7!3m6!1s0x2e78870026f201bd:0x22a9ad59315629ee!8m2!3d-7.8497941!4d112.4800481!16s%2Fg%2F11y6fyhw6w!19sChIJvQHyJgCHeC4R7ilWMVmtqSI?authuser=0&hl=id&rclk=1,Nasi+Jamur+Lalapan+Sambal+Kol Goreng,12500,Nasi+Bandeng+tempe+Lalapan Sambel+Kol Goreng,16500,15000,Sukses,15000,GoFood,https://gofood.co.id/malang/restaurant/warung-berkah-3b2a81bc-d7f1-4248-aa49-63706f0a74f0
76,BAIK Cafe and Resto,4.5,40,Wisata Umum,-7.8414392,112.4639024,https://www.google.com/maps/place/BAIK+Cafe+and+Resto/data=!4m7!3m6!1s0x2e787d4fb84ed18f:0x9bacf0dc047ac77!8m2!3d-7.8414392!4d112.4639024!16s%2Fg%2F11mr2svt6h!19sChIJj9FOuE99eC4Rd6xHwA3Pugk?authuser=0&hl=id&rclk=1,Es Teh,11000,Kepiting Asam Manis,155000,25000,Sukses,25000,GoFood,https://gofood.co.id/malang/restaurant/good-cafe-resto-jalan-salak-rt-03-rw-02-turen-871409fe-468a-47d3-b26a-06feffa27210
77,Ayam Combe,4.5,22,Wisata Umum,-7.8427462,112.4656053,https://www.google.com/maps/place/Ayam+Combe/data=!4m7!3m6!1s0x2e787d7b4fa03187:0x3a6d2d1728f0cbcd!8m2!3d-7.8427462!4d112.4656053!16s%2Fg%2F11f12640zc!19sChIJhzGgT3t9eC4RzcvwKBctbTo?authuser=0&hl=id&rclk=1,Nasi Putih,5000,Nasi + Bebek (Sambel Bawang / Saos Teriyaki) + air mineral,17000,13500,Sukses,13500,GoFood,https://gofood.co.id/malang/restaurant/ayam-bebek-cop-cop-lowokwaru-0b80232e-f881-429a-b7e1-e36e053b6ef9
78,Soto Ayam Pak Djoyo,4.8,24,Wisata Umum,-7.8419793,112.4665047,https://www.google.com/maps/place/Soto+Ayam+Pak+Djoyo/data=!4m7!3m6!1s0x2e787d7b1604cdfd:0x10993f5ea2a80554!8m2!3d-7.8419793!4d112.4665047!16s%2Fg%2F11hdb1mz6n!19sChIJ_c0EFnt9eC4RVAWool4_mRA?authuser=0&hl=id&rclk=1,Minuman,5000,Nasi + Ayam Geprek + Tahu Tempe + God Day Freezz,22850,16900,Sukses,16900,GoFood,https://gofood.co.id/malang/restaurant/kedai-d-djoyo-48e941bf-59e7-40d5-968c-e0ab6c1e3f35
79,Soto Cak Wi,4.8,60,Wisata Umum,-7.8447564,112.4719334,https://www.google.com/maps/place/Soto+Cak+Wi/data=!4m7!3m6!1s0x2e787d7e9690e8bd:0x94639de9379e9482!8m2!3d-7.8447564!4d112.4719334!16s%2Fg%2F11f_4rl244!19sChIJveiQln59eC4RgpSeN-mdY5Q?authuser=0&hl=id&rclk=1,Ati Ampela,5000,Nasi+Ayam+Kuah Soto+Ati Ampela,16000,14000,Sukses,14000,GoFood,https://gofood.co.id/malang/restaurant/soto-ayam-lamongan-cak-wi-bdf31c73-b85d-42a0-a951-5a535c04d61a
80,Omah Dejavu,4.7,31,"Kafe · 5F49+25F, Jl. Retawu",-7.844932,112.467914,https://www.google.com/maps/place/Omah+Dejavu/data=!4m7!3m6!1s0x2e787df82e170faf:0x52322d29f99b0b88!8m2!3d-7.844932!4d112.467914!16s%2Fg%2F11lgl_x2zw!19sChIJrw8XLvh9eC4RiAub-SktMlI?authuser=0&hl=id&rclk=1,Minuman Green Tea Milshake Ice,15000,Nasi + Ayam Bakar Paha Tempong+ Sambal Kecap,25000,18500,Sukses,18500,GoFood,https://gofood.co.id/malang/restaurant/dejavu-cafe-jl-panglima-sudirman-no-147-45bf4ce2-fc36-445a-9832-24cea0ad973b
81,Soto Ayam Lamongan Mbak Esti,4.5,53,Wisata Umum,-7.843419,112.4698885,https://www.google.com/maps/place/Soto+Ayam+Lamongan+Mbak+Esti/data=!4m7!3m6!1s0x2e787d7c09de6e37:0xc67d974c64c4e22b!8m2!3d-7.843419!4d112.4698885!16s%2Fg%2F11b6sd2tkk!19sChIJN27eCXx9eC4RK-LEZEyXfcY?authuser=0&hl=id&rclk=1,Soto Ayam Lamongan,12500,Nasi..Ayam..Soon..Gubris.. Seledri..Telur Jeruk Nipis,12500,12500,Sukses,12500,GoFood,https://gofood.co.id/malang/restaurant/soto-lamongan-mbak-ani-8ffda3de-8687-4a9f-a81e-74487c319bfc
82,Sari Eco,4.5,28,Wisata Umum,-8.3428754,112.4359192,https://www.google.com/maps/place/Sari+Eco/data=!4m7!3m6!1s0x2e78a5b6f795af91:0x72a69c0a69425be7!8m2!3d-8.3428754!4d112.4359192!16s%2Fg%2F11gyyx8325!19sChIJka-V97aleC4R51tCaQqcpnI?authuser=0&hl=id&rclk=1,1 Buah Risol Mayo Dengan Isian Keju Telur Dan Mayonise,5000,Cwie Hitam Terbuat Dari Cumi Cumi Dengan Topping Taburan Ayam Bawang Yang Gurih,20000,15000,Sukses,15000,GoFood,https://gofood.co.id/malang/restaurant/terang-bulan-martabak-bikang-ambon-sari-eco-lowokwaru-tunjung-sekar-eeb79806-154a-46d7-871c-38a0aed781c3
83,warung rujak mbak siti,4.1,67,warung rujak mbak siti,-8.3328001,112.5022227,https://www.google.com/maps/place/warung+rujak+mbak+siti/data=!4m7!3m6!1s0x2e78a5f4953f8465:0xb49f0ec2e57d9fc6!8m2!3d-8.3328001!4d112.5022227!16s%2Fg%2F11gdrxq6kd!19sChIJZYQ_lfSleC4Rxp995cIOn7Q?authuser=0&hl=id&rclk=1,Dg Buah Melon Segar,10000,Dg Ekstrak Buah2 An Yg Super Lengkap Dg Bumbu Sambal Yg Khas,20000,15000,Sukses,15000,GoFood,https://gofood.co.id/malang/restaurant/rujak-legi-mbak-siti-blimbing-07678a3f-a12c-4263-bfeb-27d5d3e15a56
84,Warung makan Soto AYAM KAMPUNG,4.3,42,Warung makan Soto AYAM KAMPUNG,-8.3045529,112.5030402,https://www.google.com/maps/place/Warung+makan+Soto+AYAM+KAMPUNG/data=!4m7!3m6!1s0x2e78a5027848aad5:0xc9054327243d4bc3!8m2!3d-8.3045529!4d112.5030402!16s%2Fg%2F11llk7tq7m!19sChIJ1apIeAKleC4Rw0s9JCdDBck?authuser=0&hl=id&rclk=1,Nasi Putih,5000,"Soto Ayam Kampung Tanpa Nasi, Dengan Kulit, Jerohan Dan Daging Ayam",26000,9500,Sukses,9500,GoFood,https://gofood.co.id/malang/restaurant/soto-ayam-kampung-789bcd2d-a595-477e-9886-1e74236bb41f
85,Warung barokah halal cak aris,4.6,59,Warung barokah halal cak aris,-8.2977645,112.4976858,https://www.google.com/maps/place/Warung+barokah+halal+cak+aris/data=!4m7!3m6!1s0x2e78a563de899e35:0x7bce91d66b930fd5!8m2!3d-8.2977645!4d112.4976858!16s%2Fg%2F11g0m3w68j!19sChIJNZ6J3mOleC4R1Q-Ta9aRzns?authuser=0&hl=id&rclk=1,Teh Botol Sosro,5000,Bakso Campur,15000,9000,Sukses,9000,GoFood,https://gofood.co.id/malang/restaurant/bakso-pangsit-mie-cita-rasa-cak-aris-ciliwung-477c13a7-9e2c-4a54-b469-ee05aef0e566
86,Warung Pak Endro,4.3,45,Warung Pak Endro,-8.3005418,112.4992969,https://www.google.com/maps/place/Warung+Pak+Endro/data=!4m7!3m6!1s0x2e78a5b5e7a40929:0xf0402a1a5e75ca0c!8m2!3d-8.3005418!4d112.4992969!16s%2Fg%2F11c0x_0jtx!19sChIJKQmk57WleC4RDMp1XhoqQPA?authuser=0&hl=id&rclk=1,Rasa Bumbu Khas Asli Kota Malang,5000,Rasa bumbu bakso khas kota malang,17000,10000,Sukses,10000,GoFood,https://gofood.co.id/malang/restaurant/warung-pak-eron-blimbing-5c1ef367-78b5-492b-aedc-ec83d646a527
87,warung mbak YUL,4.2,44,warung mbak YUL,-8.3013709,112.4951549,https://www.google.com/maps/place/warung+mbak+YUL/data=!4m7!3m6!1s0x2e78a5b6af3931db:0x69b769ad4e4a3a00!8m2!3d-8.3013709!4d112.4951549!16s%2Fg%2F11b8v9w7hc!19sChIJ2zE5r7aleC4RADpKTq1pt2k?authuser=0&hl=id&rclk=1,Pisang Pasir Frozen,10000,Sosis Bernardi Horeca Isi 1kg,78000,18500,Sukses,18500,GoFood,https://gofood.co.id/malang/restaurant/warung-mbak-yul-pandanwangi-7ac4eaba-e0aa-4fe1-acb3-8b62ca2b49eb
88,Depot Puji,4.7,26,Restoran · ,-8.2664416,112.4314227,https://www.google.com/maps/place/Depot+Puji/data=!4m7!3m6!1s0x2e78a4acfccfe70b:0x2f6c91879865a27a!8m2!3d-8.2664416!4d112.4314227!16s%2Fg%2F11spp0k7lg!19sChIJC-fP_KykeC4ReqJlmIeRbC8?authuser=0&hl=id&rclk=1,Sambal segar isi terong kacang panjang bawang khas lombok. . yg jelas makan jd lebih mantap,5000,Bakar Bumbu Khas Lombok,35000,15000,Sukses,15000,GoFood,https://gofood.co.id/malang/restaurant/warung-bu-puji-jalibar-44a65c7b-bc9f-4327-a8fe-eac504b916fe
89,Depot Semeru,4.4,565,Restoran · Jl. Semeru No.46,-7.9743427,112.6254003,https://www.google.com/maps/place/Depot+Semeru/data=!4m7!3m6!1s0x2dd628246f9a9905:0xaec3470c964c03c2!8m2!3d-7.9743427!4d112.6254003!16s%2Fg%2F1hm69l55d!19sChIJBZmabyQo1i0RwgNMlgxHw64?authuser=0&hl=id&rclk=1,Bakmie Akor,17000,Cwimie Akor,17000,17000,Sukses,17000,GoFood,https://gofood.co.id/malang/restaurant/depot-akor-jl-semeru-selatan-13-f5085ebe-26bc-4489-8b3b-2dac6facb832
90,Warung ERD masakan jawa makanan jadul,4.9,41,Wisata Umum,-7.9476108,112.6115212,https://www.google.com/maps/place/Warung+ERD+masakan+jawa+makanan+jadul/data=!4m7!3m6!1s0x2e7883fa3c82a1d9:0xa1960bf097364be0!8m2!3d-7.9476108!4d112.6115212!16s%2Fg%2F11n6wxjbyw!19sChIJ2aGCPPqDeC4R4Es2l_ALlqE?authuser=0&hl=id&rclk=1,Ikan Lele Segar Di Goreng Ori,7500,Bumbu pecel manis legit dengan rasa pedas yang nampol,18000,12000,Sukses,12000,GoFood,https://gofood.co.id/malang/restaurant/masakan-jawa-kinake-kota-malang-79e34742-f12b-43d9-b70d-d013c4ab6043
91,Depot Nik'mat,4.4,478,Wisata Umum,-7.9065758,112.6597998,https://www.google.com/maps/place/Depot+Nik%27mat/data=!4m7!3m6!1s0x2dd62a31a0d686ad:0xab5cdb60542ad706!8m2!3d-7.9065758!4d112.6597998!16s%2Fg%2F1hm6c7wyy!19sChIJrYbWoDEq1i0RBtcqVGDbXKs?authuser=0&hl=id&rclk=1,Telor Ceplok,6000,Tanpa nasi,68000,19000,Sukses,19000,GoFood,https://gofood.co.id/malang/restaurant/depot-nikmat-2-pakis-01ef8cf2-454f-4410-9840-ae493e59294e
92,Warung SAHABAT Nasi Tiwul Ikan Nila,4.6,111,Wisata Umum,-8.1982342,112.4978012,https://www.google.com/maps/place/Warung+SAHABAT+Nasi+Tiwul+Ikan+Nila/data=!4m7!3m6!1s0x2e78a35ce4881f2b:0x3e8a239bd7b0ca55!8m2!3d-8.1982342!4d112.4978012!16s%2Fg%2F11gnss_rwf!19sChIJKx-I5FyjeC4RVcqw15sjij4?authuser=0&hl=id&rclk=1,Terbuat dari singkong pilihan,30000,Terbuat dari singkong pilihan,30000,30000,Sukses,30000,GoFood,https://gofood.co.id/malang/restaurant/warung-nasi-tiwul-3262637d-d449-4d31-8756-be3e3a092cbb
93,Cafe Apung Rowo Klampok,4.3,1241,Wisata Umum,-8.1634772,112.5105029,https://www.google.com/maps/place/Cafe+Apung+Rowo+Klampok/data=!4m7!3m6!1s0x2e789998effe4bd3:0x4b09f2b7942c539e!8m2!3d-8.1634772!4d112.5105029!16s%2Fg%2F11ghgsnpdr!19sChIJ00v-75iZeC4RnlMslLfyCUs?authuser=0&hl=id&rclk=1,Ayam Geprek,10000,Nasi + Ayam + Sambal,10000,10000,Sukses,10000,GoFood,https://gofood.co.id/malang/restaurant/kedai-es-penyetan-rowo-klampok-sumber-pucung-4d0abb98-2c3c-4d13-814c-2a5dd7c5e8c6
94,Warung Menthok Pedas Pak Nardi,4.4,1354,Warung Menthok Pedas Pak Nardi,-8.1574514,112.4894026,https://www.google.com/maps/place/Warung+Menthok+Pedas+Pak+Nardi/data=!4m7!3m6!1s0x2e7898920d0a7f51:0xe62e9be65a88e626!8m2!3d-8.1574514!4d112.4894026!16s%2Fg%2F1hm26tmxb!19sChIJUX8KDZKYeC4RJuaIWuabLuY?authuser=0&hl=id&rclk=1,Tahu Crispy,15000,Gurami Asam Manis,75000,39000,Sukses,39000,GoFood,https://gofood.co.id/malang/restaurant/menthok-pedas-pak-nardi-7aa20c71-7e4b-47cc-a58a-166ac97bc947
95,Warung Biru Bu Kambali ( MUJAER PEDAS ),4.7,51,Wisata Umum,-8.1693538,112.5145566,https://www.google.com/maps/place/Warung+Biru+Bu+Kambali+%28+MUJAER+PEDAS+%29/data=!4m7!3m6!1s0x2e78990063c2d349:0x650148429f00ef21!8m2!3d-8.1693538!4d112.5145566!16s%2Fg%2F11vzcstcn3!19sChIJSdPCYwCZeC4RIe8An0JIAWU?authuser=0&hl=id&rclk=1,Es Teh (Gelas Kecil),5000,Nasi+rica mentok+lalapan,30000,22500,Sukses,22500,GoFood,https://gofood.co.id/surabaya/restaurant/warung-biru-e63e2acd-1cb9-40a4-af6a-871e0b82334b
96,istana rujak n resto,4.2,89,Wisata Umum,-8.130014,112.487564,https://www.google.com/maps/place/istana+rujak+n+resto/data=!4m7!3m6!1s0x2e78990323ec0d25:0x9c99b080093d430c!8m2!3d-8.130014!4d112.487564!16s%2Fg%2F11f3jrzkb9!19sChIJJQ3sIwOZeC4RDEM9CYCwmZw?authuser=0&hl=id&rclk=1,Nanas Bangkok,20000,makanan,25000,25000,Sukses,25000,GoFood,https://gofood.co.id/jakarta/restaurant/istana-rujak-buah-jl-h-asmawi-no-81d-beji-09ff95e4-f950-4c09-a1fc-dbd1eed56d74
97,Warung Sadam,4.3,149,Warung Sadam,-8.1298492,112.4912614,https://www.google.com/maps/place/Warung+Sadam/data=!4m7!3m6!1s0x2e78991cfb8c0c93:0x9a4a9a7032e83701!8m2!3d-8.1298492!4d112.4912614!16s%2Fg%2F11cmzz7q6l!19sChIJkwyM-xyZeC4RATfoMnCaSpo?authuser=0&hl=id&rclk=1,Resto's top picks,15000,NASI PUTIH + INDOMIE + ES TEH,15000,15000,Sukses,15000,GoFood,https://gofood.co.id/malang/restaurant/saddam-sukun-dafafcb5-563e-4c26-b64f-9bff8538429f
98,Bakso Banteng Mandiri,4.3,306,Wisata Umum,-8.1594981,112.5007377,https://www.google.com/maps/place/Bakso+Banteng+Mandiri/data=!4m7!3m6!1s0x2e789896278841a7:0xe1f80b596a01a0db!8m2!3d-8.1594981!4d112.5007377!16s%2Fg%2F11dxql65qs!19sChIJp0GIJ5aYeC4R26ABalkL-OE?authuser=0&hl=id&rclk=1,Teh Tawar,5000,"Mie Pangsit dengan Topping Semur Ayam, 1 Telur Ayam Rebus, 2 Bakso Mini, 1 Ampela Hati, 1 Pangsit Basah, 1 Kulit Pangsit Goreng dan Kuah Kaldu Ayam",34000,17000,Sukses,17000,GoFood,https://gofood.co.id/medan/restaurant/bakso-tugu-malang-banteng-4c38192e-f39c-4c3a-bab8-57b4379417d4
99,Pecel Mak Tum,4.6,234,Wisata Umum,-8.1340865,112.4891126,https://www.google.com/maps/place/Pecel+Mak+Tum/data=!4m7!3m6!1s0x2e7899be8debd545:0xf203466c1a40bec7!8m2!3d-8.1340865!4d112.4891126!16s%2Fg%2F11h1y63gp2!19sChIJRdXrjb6ZeC4Rx75AGmxGA_I?authuser=0&hl=id&rclk=1,Perkedel,5000,Nasi Semur Iga Sapi,53000,13000,Sukses,13000,GoFood,https://gofood.co.id/malang/restaurant/warung-pecel-mak-tunah-2-desa-pagedangan-kec-turen-ea6cde4f-6a06-4c82-9d7a-cc5b5d5b01e2
100,WARUNG PAK UNTUNG ngebruk,3.9,151,WARUNG PAK UNTUNG ngebruk,-8.1525949,112.5097378,https://www.google.com/maps/place/WARUNG+PAK+UNTUNG+ngebruk/data=!4m7!3m6!1s0x2e7899005547a205:0x7304687bbe412e32!8m2!3d-8.1525949!4d112.5097378!16s%2Fg%2F11vqs3xwz9!19sChIJBaJHVQCZeC4RMi5BvntoBHM?authuser=0&hl=id&rclk=1,Ayam Goreng Original Tanpa Tepung,10000,Ayam Kampung + Nasi,24000,16500,Sukses,16500,GoFood,https://gofood.co.id/malang/restaurant/warung-pak-untung-lowokwaru-fbf1605d-3c0f-4d77-987c-c04eb04457fd
101,Warung Sriwijaya,4.1,37,Warung Sriwijaya,-8.1096623,112.4756904,https://www.google.com/maps/place/Warung+Sriwijaya/data=!4m7!3m6!1s0x2e78999e3ea54fa5:0xa69fff3bf642c058!8m2!3d-8.1096623!4d112.4756904!16s%2Fg%2F11c13g4dn4!19sChIJpU-lPp6ZeC4RWMBC9jv_n6Y?authuser=0&hl=id&rclk=1,Nasi Goreng Merah,12000,Nasi Ceker Pedas,18000,12000,Sukses,12000,GoFood,https://gofood.co.id/malang/restaurant/warung-tongan-pujasera-sriwijaya-e8638c19-150a-485b-8a2e-e5ad169602fc
102,Warung Rujak Mak' Jas,4.5,32,Warung Rujak Mak' Jas,-8.11064,112.492696,https://www.google.com/maps/place/Warung+Rujak+Mak%27+Jas/data=!4m7!3m6!1s0x2e78996ce92dab7f:0xa724cf59d4541e69!8m2!3d-8.11064!4d112.492696!16s%2Fg%2F11gdw2bw4t!19sChIJf6st6WyZeC4RaR5U1FnPJKc?authuser=0&hl=id&rclk=1,Es Teh,6000,Rujak Cingur Cabe 5,16500,16500,Sukses,16500,GoFood,https://gofood.co.id/malang/restaurant/warung-rujak-mak-pat-pakis-6be8ef7b-fc93-4a9e-bb56-745882a2e20d
103,WARUNG RAGIL BAROKAH BU SUTIKNO,4.4,91,WARUNG RAGIL BAROKAH BU SUTIKNO,-8.1513831,112.5814601,https://www.google.com/maps/place/WARUNG+RAGIL+BAROKAH+BU+SUTIKNO/data=!4m7!3m6!1s0x2e789f99a6a51ee1:0xd725e9656b9f7a22!8m2!3d-8.1513831!4d112.5814601!16s%2Fg%2F11hb9pqfbd!19sChIJ4R6lppmfeC4RInqfa2XpJdc?authuser=0&hl=id&rclk=1,Tahu Lontong,20000,Rawon,25000,25000,Sukses,25000,GoFood,https://gofood.co.id/malang/restaurant/warung-barokah-bu-sulikah-sumbersekar-dau-5ee6734e-209c-43a5-b5e6-f70d74bda242
104,Warung Rujak Mbak Ni,4.5,20,Warung Rujak Mbak Ni,-8.1347548,112.4575386,https://www.google.com/maps/place/Warung+Rujak+Mbak+Ni/data=!4m7!3m6!1s0x2e7899d8f204f349:0xb19b9ceaa92a8245!8m2!3d-8.1347548!4d112.4575386!16s%2Fg%2F11h72jgj5x!19sChIJSfME8tiZeC4RRYIqqeqcm7E?authuser=0&hl=id&rclk=1,Nasi Tahu / Tempe,7000,Rujak Cingur + Es Teh,24000,16500,Sukses,16500,GoFood,https://gofood.co.id/malang/restaurant/rujak-cingur-dan-lalapan-mbak-ning-jl-sawojajar-xiii-no-5a-malang-00c8c1fa-dbe3-43fe-9de6-ccb74f392baf
105,Warung Makan Aninda Spesial Soto Babat Soto Daging,3.5,26,Wisata Umum,-8.1277082,112.5136115,https://www.google.com/maps/place/Warung+Makan+Aninda+Spesial+Soto+Babat+Soto+Daging/data=!4m7!3m6!1s0x2e78992897173397:0xe4c679fcf0ccb9fd!8m2!3d-8.1277082!4d112.5136115!16s%2Fg%2F11cmr043n2!19sChIJlzMXlyiZeC4R_bnM8Px5xuQ?authuser=0&hl=id&rclk=1,Es teh,5000,Sudah Sama Nasi Ya,19000,10000,Sukses,10000,GoFood,https://gofood.co.id/malang/restaurant/soto-daging-sego-babat-0d556f36-bda2-451d-ae5c-52a9244bd438?ot=eyJtZXJjaGFudF9pZCI6IjE4NGRkY2FkLTFjOTUtNDM1ZC1hMDViLTUyN2JhMTQwZWM0MSIsInVzZXJfaWQiOiIwIiwiZXhwaXJ5X3RpbWVfZXBvY2giOjE3NDgyNTg2NDgsImRlbGl2ZXJ5X3ByaWNlIjo0NTAwLCJwYXJraW5nX2ZlZSI6MCwiZXRhX2J1ZmZlcl9taW5zIjo3LCJjdXN0b21lcl9sb2NhdGlvbiI6Ii02LjE4MjMxMywxMDYuODM2NDY0NiJ9.NEoAaT%2BHPlYtqPP9ZPEbehS1poGNUOLt27RC7LbOBcU%3D
106,Depot 29,4.3,2434,Wisata Umum,-7.865991,112.6821414,https://www.google.com/maps/place/Depot+29/data=!4m7!3m6!1s0x2dd62b066bf49569:0x10ad14cfeecbe355!8m2!3d-7.865991!4d112.6821414!16s%2Fg%2F1pv1l19_6!19sChIJaZX0awYr1i0RVePL7s8UrRA?authuser=0&hl=id&rclk=1,Nasi,5000,Spesial Sop Kambing Obat,50000,22000,Sukses,22000,GoFood,https://gofood.co.id/malang/restaurant/depot-29-singosari-9a4096a1-7b93-407a-8cce-fbbb8bf3e45d
107,Kambing Pedas Gunung Kawi,4.6,150,Kambing Pedas Gunung Kawi,-8.0300684,112.4956682,https://www.google.com/maps/place/Kambing+Pedas+Gunung+Kawi/data=!4m7!3m6!1s0x2e789b3e1bb35ce7:0x465bd5ede599eb21!8m2!3d-8.0300684!4d112.4956682!16s%2Fg%2F11hcq76ptt!19sChIJ51yzGz6beC4RIeuZ5e3VW0Y?authuser=0&hl=id&rclk=1,Es Teh,5000,Tongseng Daging Kambing,38000,23500,Sukses,23500,GoFood,https://gofood.co.id/malang/restaurant/kambing-pedas-gn-kawi-cab-jalibar-482c4585-2b0c-4410-9eb5-e19a0bf493c9
108,Warung Makan Buk Mis,4.6,22,Warung Makan Buk Mis,-8.008041,112.505953,https://www.google.com/maps/place/Warung+Makan+Buk+Mis/data=!4m7!3m6!1s0x2e7884b4983c1f5f:0x54766eb6f5ac511f!8m2!3d-8.008041!4d112.505953!16s%2Fg%2F11g01_6dfq!19sChIJXx88mLSEeC4RH1Gs9bZudlQ?authuser=0&hl=id&rclk=1,Nasi Putih,5000,Nasi + Sambal Bawang + Ayam Goreng + Kremesan Krispi + Tempe Goreng,21000,5500,Sukses,5500,GoFood,https://gofood.co.id/malang/restaurant/warung-makan-buk-sum-batu-10e083ed-5d32-4b87-a3ed-2432e26b2886
109,Nasi Goreng Maksum,4.7,29,Wisata Umum,-8.0234028,112.4919397,https://www.google.com/maps/place/Nasi+Goreng+Maksum/data=!4m7!3m6!1s0x2e789b3ba9d9a9c3:0x8ba9d97f35896ddb!8m2!3d-8.0234028!4d112.4919397!16s%2Fg%2F11ddxxpvtn!19sChIJw6nZqTubeC4R222JNX_ZqYs?authuser=0&hl=id&rclk=1,Telur Dadar / Ceplok,5000,Ayam Goreng Saus Mentega,31500,23500,Sukses,23500,GoFood,https://gofood.co.id/malang/restaurant/nasi-goreng-malang-sawojajar-0f3286a9-f4c6-4a34-8665-8d79409c8eed
110,"Ayam Bakar Depot ""Anda 12"" ꦄꦪꦩ꧀ꦧꦏꦂꦢꦺꦥꦺꦴꦠ꧀ꦄꦤ꧀ꦢ꧇꧑꧒꧇",4.3,27,Wisata Umum,-8.0251337,112.4936481,https://www.google.com/maps/place/Ayam+Bakar+Depot+%22Anda+12%22+%EA%A6%84%EA%A6%AA%EA%A6%A9%EA%A7%80%EA%A6%A7%EA%A6%8F%EA%A6%82%EA%A6%A2%EA%A6%BA%EA%A6%A5%EA%A6%BA%EA%A6%B4%EA%A6%A0%EA%A7%80%EA%A6%84%EA%A6%A4%EA%A7%80%EA%A6%A2%EA%A7%87%EA%A7%91%EA%A7%92%EA%A7%87/data=!4m7!3m6!1s0x2e789b3c099c966b:0xbbe35cb4727ab1b5!8m2!3d-8.0251337!4d112.4936481!16s%2Fg%2F11b75nr2gf!19sChIJa5acCTybeC4RtbF6crRc47s?authuser=0&hl=id&rclk=1,Terong,5000,Bebek Bakar + Nasi,25000,10000,Sukses,10000,GoFood,https://gofood.co.id/malang/restaurant/depot-ayam-bakar-trisno-sukun-e3eff2ba-ece9-4c5c-85fd-8ea69b255a9a
111,Warung Nasi Goreng Bu Dami,4.2,23,Warung Nasi Goreng Bu Dami,-8.0366269,112.4995986,https://www.google.com/maps/place/Warung+Nasi+Goreng+Bu+Dami/data=!4m7!3m6!1s0x2e789b133f322087:0xdc796dd414ceeb09!8m2!3d-8.0366269!4d112.4995986!16s%2Fg%2F11fx7rym1q!19sChIJhyAyPxObeC4RCevOFNRtedw?authuser=0&hl=id&rclk=1,Es Teh,6000,"Sayur Lengkap, Telur, Ayam, Ati Ayam, Sosis, Bakso, Acar",18000,15000,Sukses,15000,GoFood,https://gofood.co.id/malang/restaurant/nasi-goreng-bu-dini-sidodadi-1-edeab6d8-3909-49fe-a9a3-a2a77c4fb963
112,Jadid Coffee Malang,4.3,213,Wisata Umum,-8.0000979,112.4944847,https://www.google.com/maps/place/Jadid+Coffee+Malang/data=!4m7!3m6!1s0x2e7885177454f5a3:0x5309731b853fbda5!8m2!3d-8.0000979!4d112.4944847!16s%2Fg%2F11fqb3xtnr!19sChIJo_VUdBeFeC4Rpb0_hRtzCVM?authuser=0&hl=id&rclk=1,Singkong Goreng,13000,Coffee Milk Cream 1000ml,65000,20000,Sukses,20000,GoFood,https://gofood.co.id/bandung/restaurant/jadid-coffee-pajajaran-b7e29feb-fc1d-4754-a7dd-58cc83585d4b
113,DEPOT IJO ROYO-ROYO,4.7,1041,Wisata Umum,-7.8735747,112.5204856,https://www.google.com/maps/place/DEPOT+IJO+ROYO-ROYO/data=!4m7!3m6!1s0x2e7887324b4eb3d9:0x5c8073910de5ba0c!8m2!3d-7.8735747!4d112.5204856!16s%2Fg%2F11bx76f211!19sChIJ2bNOSzKHeC4RDLrlDZFzgFw?authuser=0&hl=id&rclk=1,Aqua Botol 600 ml,5500,"Lontong, opor ayam kampung panggang, sayur rebung, sambal goreng tahu ampela, telur bacem, udang kering, bubuk gurih",40000,22000,Sukses,22000,GoFood,https://gofood.co.id/malang/restaurant/depot-ijo-royo-royo-batu-dc1b4a79-a7f7-4b4d-bbca-3ca413e27ef9
114,Kedai Kopi Mbok gandul tujinem,4.5,28,Wisata Umum,-7.9001776,112.5180598,https://www.google.com/maps/place/Kedai+Kopi+Mbok+gandul+tujinem/data=!4m7!3m6!1s0x2e78876d6d6f5f53:0x2685f8822e93c85f!8m2!3d-7.9001776!4d112.5180598!16s%2Fg%2F11s3sxkb3l!19sChIJU19vbW2HeC4RX8iTLoL4hSY?authuser=0&hl=id&rclk=1,"Nasi Putih lauk babat sapi bumbu kuning, plus sambel bawang & lalapan",12000,Nasi putih + daging sapi + babat + paru + limpa + otot + lidah + Telur Bacem + Perkedel + Sambal + kuah rempah khas Nasi Gandul,25000,19000,Sukses,19000,GoFood,https://gofood.co.id/en/malang/restaurant/nasi-gandul-mbok-kitut-sawojajar-862e1ed8-5053-4b9f-9873-cb6d0a18b7fa
115,Depot Harapan,4.3,398,Wisata Umum,-7.8705041,112.5252148,https://www.google.com/maps/place/Depot+Harapan/data=!4m7!3m6!1s0x2e7880cb50b45b91:0xb4e3d37bd50c67f0!8m2!3d-7.8705041!4d112.5252148!16s%2Fg%2F1hm444jft!19sChIJkVu0UMuAeC4R8GcM1XvT47Q?authuser=0&hl=id&rclk=1,Nasi Putih,5000,9 Potong Ayam Kremes + Sambal + Lalapan + Tepung Kremesan (3 Dada 2 Paha Atas 2 Paha Bawah 2 Sayap),105000,20000,Sukses,20000,GoFood,https://gofood.co.id/malang/restaurant/depot-harapan-depot-harapan-ea892100-4145-4c85-b7fb-7e62c0b029d8
116,Warung Mundu Batu,4.7,490,Warung Mundu Batu,-7.8683932,112.5130027,https://www.google.com/maps/place/Warung+Mundu+Batu/data=!4m7!3m6!1s0x2e788709d742bf73:0xbf3a67f9d242e1bb!8m2!3d-7.8683932!4d112.5130027!16s%2Fg%2F11jzx7pfjq!19sChIJc79C1wmHeC4Ru-FC0vlnOr8?authuser=0&hl=id&rclk=1,Air Mineral,6500,Daging iga yang dibakar dengan bumbu kecap serta dipadukan dengan sambal ijo pedas khas mundu.,49400,22750,Sukses,22750,GoFood,https://gofood.co.id/malang/restaurant/warung-mundu-batu-ba28d3f8-1c8a-4a32-bac3-c1bea2119855
117,warung jago suro,4.5,65,warung jago suro,-7.8731864,112.5099657,https://www.google.com/maps/place/warung+jago+suro/data=!4m7!3m6!1s0x2e7887924c657561:0x3fc4e2ddd677d3ee!8m2!3d-7.8731864!4d112.5099657!16s%2Fg%2F11scvcwtt8!19sChIJYXVlTJKHeC4R7tN31t3ixD8?authuser=0&hl=id&rclk=1,Nasi Putih,5000,Nugget Goreng,17500,12000,Sukses,12000,GoFood,https://gofood.co.id/malang/restaurant/warung-jago-suro-batu-pesangrahan-jl-cempaka-d7f63201-58de-4e4e-970f-fa3b460d9bf8
118,Warung Sari Rasa 2,4.7,26,Warung Sari Rasa 2,-7.8679884,112.4952277,https://www.google.com/maps/place/Warung+Sari+Rasa+2/data=!4m7!3m6!1s0x2e788714af66dddb:0x8a8b4f78cd855037!8m2!3d-7.8679884!4d112.4952277!16s%2Fg%2F1hm4xr85s!19sChIJ291mrxSHeC4RN1CFzXhPi4o?authuser=0&hl=id&rclk=1,Air Meneral 600 Ml,5500,Bebek Goreng 1/4 Ekor+Nasi+Sambal+ Lalapan,38500,18000,Sukses,18000,GoFood,https://gofood.co.id/malang/restaurant/warung-sari-rasa-2-payung-1-brigadir-jenderal-moh-manan-24347412-f8dd-4054-b612-6522ae91d25a?locality=ngantang-restaurants
119,Dewarung Trunojoyo,4.2,488,Dewarung Trunojoyo,-7.865075,112.506924,https://www.google.com/maps/place/Dewarung+Trunojoyo/data=!4m7!3m6!1s0x2e788747317dfa5f:0xcd2c3c6fa87b1beb!8m2!3d-7.865075!4d112.506924!16s%2Fg%2F11b6zkp40q!19sChIJX_p9MUeHeC4R6xt7qG88LM0?authuser=0&hl=id&rclk=1,Jeruk Panas,5000,Nasi + opor ayam + Sambal Goreng Cecek Pedas+ sambal,15000,10000,Sukses,10000,GoFood,https://gofood.co.id/malang/restaurant/yoiki-warung-trunojoyo-8625fe16-ecb8-471c-9c76-beddef88bd34
120,Warung Wisata,4.6,206,Warung Wisata,-7.8678907,112.4952019,https://www.google.com/maps/place/Warung+Wisata/data=!4m7!3m6!1s0x2e788714ae5bdd4f:0x8335b0e2a6fd48ed!8m2!3d-7.8678907!4d112.4952019!16s%2Fg%2F11b6__mxv4!19sChIJT91brhSHeC4R7Uj9puKwNYM?authuser=0&hl=id&rclk=1,Aqua 330ml,11265,Bakar pedes manis wenuk pol,130300,41337,Sukses,41337,GoFood,https://gofood.co.id/malang/restaurant/wisata-warung-wareg-batu-771b5ef3-249b-4dcc-a50b-53ab83c480f5
121,"Depot ""Cha Be Ca""",4.7,41,Wisata Umum,-7.8685294,112.5140099,https://www.google.com/maps/place/Depot+%22Cha+Be+Ca%22/data=!4m7!3m6!1s0x2e78873798cbdc6f:0x504fe3569d3837f6!8m2!3d-7.8685294!4d112.5140099!16s%2Fg%2F11fjxq3688!19sChIJb9zLmDeHeC4R9jc4nVbjT1A?authuser=0&hl=id&rclk=1,Telor Ceplok / Dadar,5000,Ayam Dibalut Tepung + Telor. Saus Asam Manis,30000,20000,Sukses,20000,GoFood,https://gofood.co.id/malang/restaurant/nasi-goreng-bakmie-cha-be-ca-848b441d-85ee-49f5-8d03-3276d5436f59
122,Yoenoes Roti Bakar & STMJ,4.4,2014,Wisata Umum,-7.8663227,112.5106608,https://www.google.com/maps/place/Yoenoes+Roti+Bakar+%26+STMJ/data=!4m7!3m6!1s0x2e7887478926cc49:0x63131d8dcf437de3!8m2!3d-7.8663227!4d112.5106608!16s%2Fg%2F1hm6k6bp6!19sChIJScwmiUeHeC4R431Dz40dE2M?authuser=0&hl=id&rclk=1,Kopi,8000,Nasi Bebek Sambel Sayur,32000,17000,Sukses,17000,GoFood,https://gofood.co.id/malang/restaurant/yoenoes-roti-bakar-stmj-panglima-sudirman-8b21432b-8b54-4097-858e-8834f06bb4dc
123,Warung Family,4.6,27,Warung Family,-7.8632579,112.4965556,https://www.google.com/maps/place/Warung+Family/data=!4m7!3m6!1s0x2e78876b94dc005d:0x3a5a2c23b6b2ca87!8m2!3d-7.8632579!4d112.4965556!16s%2Fg%2F11gbxbm69q!19sChIJXQDclGuHeC4Rh8qytiMsWjo?authuser=0&hl=id&rclk=1,Nasi Putih,8500,Tahu Telor Nasi Bumbu Kacang,20000,16000,Sukses,16000,GoFood,https://gofood.co.id/id/malang/restaurant/warung-family-randutelu-sebelahe-sdn-1-randuagung-singosari-malang-f969adff-f5d4-48ce-b5e5-014419c4bbc5
124,Rumah Makan Cairo,4.2,641,Wisata Umum,-7.8689906,112.5208458,https://www.google.com/maps/place/Rumah+Makan+Cairo/data=!4m7!3m6!1s0x2e7887344538efe9:0xfa9a4aaee1eeb65b!8m2!3d-7.8689906!4d112.5208458!16s%2Fg%2F1tgcv58c!19sChIJ6e84RTSHeC4RW7bu4a5Kmvo?authuser=0&hl=id&rclk=1,1 Btl. Air Soda,7500,Kambing Goreng,107250,38500,Sukses,38500,GoFood,https://gofood.co.id/malang/restaurant/rumah-makan-cairo-1ae893c5-90d4-4870-9c88-20c18f11ed74
125,Kedai mas billy 2.0,4.4,54,Wisata Umum,-7.8731732,112.5117611,https://www.google.com/maps/place/Kedai+mas+billy+2.0/data=!4m7!3m6!1s0x2e78879a78a11221:0x47914112d0f9ad43!8m2!3d-7.8731732!4d112.5117611!16s%2Fg%2F11y39bd81z!19sChIJIRKheJqHeC4RQ6350BJBkUc?authuser=0&hl=id&rclk=1,Beras kukus,6900,Indomie Goreng Pedas + Ayam Geprek Kampung (Sambal Dicampur),39900,19900,Sukses,19900,GoFood,https://gofood.co.id/malang/restaurant/kedai-mas-billy-2-0-suropati-3e72ba2c-462a-4336-be9e-f148af18817c
126,De Bamboo Restaurant,4.2,1883,Wisata Umum,-7.8664436,112.5111261,https://www.google.com/maps/place/De+Bamboo+Restaurant/data=!4m7!3m6!1s0x2e788747f32ceed5:0x299c52e419c0e806!8m2!3d-7.8664436!4d112.5111261!16s%2Fg%2F11dfswcjm_!19sChIJ1e4s80eHeC4RBujAGeRSnCk?authuser=0&hl=id&rclk=1,Nasi Putih,12375,Gurame Telor Asin,123750,51182,Sukses,51182,GoFood,https://gofood.co.id/en/malang/restaurant/de-bamboo-resto-47ff84e5-6cae-48c6-944c-f96ec35a9214
127,Warung Bang Joe,4.4,50,Warung Bang Joe,-7.8640693,112.5065335,https://www.google.com/maps/place/Warung+Bang+Joe/data=!4m7!3m6!1s0x2e7887476f95cfdd:0xbc51367be0731d7!8m2!3d-7.8640693!4d112.5065335!16s%2Fg%2F11b6s06yyc!19sChIJ3c-Vb0eHeC4R1zEHvmcTxQs?authuser=0&hl=id&rclk=1,Ayam Fillet + Telor Orak Arik,24000,"Mie Sarang Burung, Ayam, Wortel, Sawi Hijau, Sawi Putih,Brungkul, Udang, Sosis, Bakso, Jeroan,",37000,30000,Sukses,30000,GoFood,https://gofood.co.id/malang/restaurant/warung-bang-joe-30451bc5-da77-41ef-896c-f0330bf4adab
128,Warung Bu Siti,4.4,70,Warung Bu Siti,-7.8616265,112.4954032,https://www.google.com/maps/place/Warung+Bu+Siti/data=!4m7!3m6!1s0x2e7887695bc072e5:0x2ed06c94db576d21!8m2!3d-7.8616265!4d112.4954032!16s%2Fg%2F11g69h01gr!19sChIJ5XLAW2mHeC4RIW1X25Rs0C4?authuser=0&hl=id&rclk=1,Ayam Crispy (Tanpa tulang) + Nasi + Lalapan Sambal Bawang,15000,"Telur, mie, bakso, sosis, chikuwa, dumpling keju, ceker, crab stik. level 1 - 5",20000,19500,Sukses,19500,GoFood,https://gofood.co.id/malang/restaurant/warung-bu-siti-29961f07-5c5f-41d5-9ee5-84ab6d9f442d
129,Ayam Bakar Bu Mus Kota Batu,4.6,73,Wisata Umum,-7.874266,112.5102811,https://www.google.com/maps/place/Ayam+Bakar+Bu+Mus+Kota+Batu/data=!4m7!3m6!1s0x2e78871e8fd8306f:0xe9aae223778867b0!8m2!3d-7.874266!4d112.5102811!16s%2Fg%2F11ngqcnp05!19sChIJbzDYjx6HeC4RsGeIdyPiquk?authuser=0&hl=id&rclk=1,Air mineral botol le minerale 600ml (dingin),5600,Otak Otak Bandeng Goreng Jumbo + Lalapan + Sambal,40000,17500,Sukses,17500,GoFood,https://gofood.co.id/malang/restaurant/ayam-bakar-bu-mus-kota-batu-229f2ef0-b89c-4c70-80ba-ffbf5096db8c
130,Warung Bu Mariani,4.5,33,Warung Bu Mariani,-7.859017,112.509584,https://www.google.com/maps/place/Warung+Bu+Mariani/data=!4m7!3m6!1s0x2e788744554e708d:0xdb2f471b84b47fa!8m2!3d-7.859017!4d112.509584!16s%2Fg%2F11f2b0bp2b!19sChIJjXBOVUSHeC4R-kdLuHH0sg0?authuser=0&hl=id&rclk=1,Es Jeruk,5000,Nasi Campur Ayam Bakar - Capcay - Kering Tempe,26500,15000,Sukses,15000,GoFood,https://gofood.co.id/malang/restaurant/warung-bumarni-prasmanan-24jam-malang-bendungan-sutami-657f7d5c-c1e1-4605-895d-950379978a38
131,Soto Ayam Lamongan Pak Pri Morena,4.5,458,Wisata Umum,-7.8731938,112.5101696,https://www.google.com/maps/place/Soto+Ayam+Lamongan+Pak+Pri+Morena/data=!4m7!3m6!1s0x2e78873a493ba9f3:0xdd47649c35314b8b!8m2!3d-7.8731938!4d112.5101696!16s%2Fg%2F11ddyd43mx!19sChIJ86k7STqHeC4Ri0sxNZxkR90?authuser=0&hl=id&rclk=1,Tanpa nasi (irisan dada paha kulit) cukup untuk 1 porsi,20000,Nasi Soto Spesial (Irisan Dada Paha Kulit Jeroan),30000,22250,Sukses,22250,GoFood,https://gofood.co.id/malang/restaurant/soto-ayam-lamongan-pak-pri-morena-batu-a4c75ef0-ef2b-495e-ac36-becbbcdb6e6e
132,DEDUWA OLEH OLEH RESTO DAN TRANSIT,4.4,696,Wisata Umum,-7.8660322,112.5108618,https://www.google.com/maps/place/DEDUWA+OLEH+OLEH+RESTO+DAN+TRANSIT/data=!4m7!3m6!1s0x2e78872cd2b83f59:0x12c4f051ca0ddb6e!8m2!3d-7.8660322!4d112.5108618!16s%2Fg%2F11b6dg4p8d!19sChIJWT-40iyHeC4RbtsNylHwxBI?authuser=0&hl=id&rclk=1,"Sari apel waybee, kripik apel 100gr, kripik nangka 100gr, kripik Tempe original, Dodol Apel, packing kardus.",100000,"Sari apel Brosem, Apel Tr 100, krupuk naga, Kripik ubi ungu, kripik tempe original, Kripik kentang rama, Biskuit sultana, stick on you, Jenang apel, packing kardus.",250000,150000,Sukses,150000,GoFood,https://gofood.co.id/malang/restaurant/deduwa-oleh-oleh-resto-batu-5127764f-f387-4235-9bda-938fb4e7e998
133,Warung Bu Sar,4.7,122,Warung Bu Sar,-7.8689523,112.5102679,https://www.google.com/maps/place/Warung+Bu+Sar/data=!4m7!3m6!1s0x2e78873852916c25:0x965bc6629af2328d!8m2!3d-7.8689523!4d112.5102679!16s%2Fg%2F11bx43krbz!19sChIJJWyRUjiHeC4RjTLymmLGW5Y?authuser=0&hl=id&rclk=1,Teh Panas,5000,Nasi+Ikan Gurame,50000,15000,Sukses,15000,GoFood,https://gofood.co.id/malang/restaurant/warung-bu-sar-f1cf8d6f-e5eb-45df-8f8a-608eb7a7235a
134,Warung Nasi Djamiah Putra,4.4,1783,Warung Nasi Djamiah Putra,-7.8688656,112.5207095,https://www.google.com/maps/place/Warung+Nasi+Djamiah+Putra/data=!4m7!3m6!1s0x2e788734458d4ccb:0x66dae50025a20243!8m2!3d-7.8688656!4d112.5207095!16s%2Fg%2F1hm4zq3yp!19sChIJy0yNRTSHeC4RQwKiJQDl2mY?authuser=0&hl=id&rclk=1,Tempe Bacem,5000,Pecel Ikan Nila Goreng+Nasi Putih,23000,10000,Sukses,10000,GoFood,https://gofood.co.id/jakarta/restaurant/warung-nasi-putra-1f2840bf-addf-41be-b5c3-a5281e10db85
135,Warung Sate Kelinci P.Atim,4.8,74,Warung Sate Kelinci P.Atim,-7.8691099,112.5097119,https://www.google.com/maps/place/Warung+Sate+Kelinci+P.Atim/data=!4m7!3m6!1s0x2e7887bdeaae45a7:0x89408e106b494cce!8m2!3d-7.8691099!4d112.5097119!16s%2Fg%2F11f8mh717j!19sChIJp0Wu6r2HeC4RzkxJaxCOQIk?authuser=0&hl=id&rclk=1,Susu Jahe Sacset,5000,Sate kelinci,42000,16000,Sukses,16000,GoFood,https://gofood.co.id/malang/restaurant/warung-sate-kelinci-bulilah-batu-31c1457a-5da6-4423-9826-9ff5ae0764ef
136,Depot Gloria,4.0,98,Wisata Umum,-7.8736048,112.517035,https://www.google.com/maps/place/Depot+Gloria/data=!4m7!3m6!1s0x2e7887310adf28c7:0x7ea33b4cf677cc!8m2!3d-7.8736048!4d112.517035!16s%2Fg%2F1hm40bry5!19sChIJxyjfCjGHeC4RzHf2TDujfgA?authuser=0&hl=id&rclk=1,Es Teh,6000,Ayam Saos Inggris,45000,21000,Sukses,21000,GoFood,https://gofood.co.id/malang/restaurant/depot-gloria-batu-ef401902-9bee-4c22-9f83-01c9cd50d5d6
137,Warung Sate B. Anik,4.7,31,Warung Sate B. Anik,-7.8645745,112.5038765,https://www.google.com/maps/place/Warung+Sate+B.+Anik/data=!4m7!3m6!1s0x2e788740fefab7d3:0x13901e73ef498cab!8m2!3d-7.8645745!4d112.5038765!16s%2Fg%2F11fn7_8h6p!19sChIJ07f6_kCHeC4Rq4xJ73MekBM?authuser=0&hl=id&rclk=1,Nasi Putih,7500,Paket Nasi + Gule + 5pcs Sate Kambing,50000,25000,Sukses,25000,GoFood,https://gofood.co.id/malang/restaurant/warung-sate-bu-anik-songgokerto-d20adb48-9caf-4674-92d9-b4ae57789f33
138,KIKIL SAPI Ario SAMBA,4.7,247,Wisata Umum,-7.8717977,112.5102417,https://www.google.com/maps/place/KIKIL+SAPI+Ario+SAMBA/data=!4m7!3m6!1s0x2e788709cb5ba801:0x57f48ab13a1c06eb!8m2!3d-7.8717977!4d112.5102417!16s%2Fg%2F11fjrhjpp0!19sChIJAahbywmHeC4R6wYcOrGK9Fc?authuser=0&hl=id&rclk=1,Es Teh,7000,Kikil Urat + Daun Bawang+jeruk Nipis,19000,7000,Sukses,7000,GoFood,https://gofood.co.id/malang/restaurant/kikil-ario-samba-0140fcca-4479-4c23-9f44-63809e2ca382
139,Sate madura pak badri,4.4,26,Wisata Umum,-7.8646708,112.5061808,https://www.google.com/maps/place/Sate+madura+pak+badri/data=!4m7!3m6!1s0x2e7887e4b5f04e8b:0xe34a5477f17bdc96!8m2!3d-7.8646708!4d112.5061808!16s%2Fg%2F11llyk2w6m!19sChIJi07wteSHeC4Rltx78XdUSuM?authuser=0&hl=id&rclk=1,Nasi Putih,5000,1 Porsi Sate Kelinci Dan Lontong,30000,22500,Sukses,22500,GoFood,https://gofood.co.id/malang/restaurant/sate-madura-pak-badri-63e4a5f9-9698-44e1-a9a5-3c3810b66987
140,A-yem Tiamkopi,5.0,44,Restoran · Jl. Indragiri,-7.8657243,112.5105723,https://www.google.com/maps/place/A-yem+Tiamkopi/data=!4m7!3m6!1s0x2e7887001e240c81:0x17c532c66774ea6a!8m2!3d-7.8657243!4d112.5105723!16s%2Fg%2F11wr607380!19sChIJgQwkHgCHeC4Raup0Z8YyxRc?authuser=0&hl=id&rclk=1,Hot Kopi O,30030,"Kopi Susu Gula Aren khas Kopitiam kini hadir dalam kemasan 1 liter, cocok untuk dinikmati santai bersama teman. Cukup hingga 8 cup sharing",130000,49665,Sukses,49665,GoFood,https://gofood.co.id/jakarta/restaurant/kopitiam-bursa-efek-jakarta-8672fb9a-c4a2-44a9-8955-5e87a8d0578c
141,Angkringan Asli Jogja,4.5,36,Wisata Umum,-7.8690354,112.5101591,https://www.google.com/maps/place/Angkringan+Asli+Jogja/data=!4m7!3m6!1s0x2e788783d418fe7f:0xcaf90c1832548ad1!8m2!3d-7.8690354!4d112.5101591!16s%2Fg%2F11rcqdrt6d!19sChIJf_4Y1IOHeC4R0YpUMhgM-co?authuser=0&hl=id&rclk=1,Kepala Ayam,5000,Nasi Putih,5000,5000,Sukses,5000,GoFood,https://gofood.co.id/malang/restaurant/angkringan-jogja-989a156a-ec96-40c1-a9f4-f78650830b4c
142,"Warung Sate Kelinci, Songgoriti Batu",4.9,34,"Warung Sate Kelinci, Songgoriti Batu",-7.8652351,112.4934423,"https://www.google.com/maps/place/Warung+Sate+Kelinci,+Songgoriti+Batu/data=!4m7!3m6!1s0x2e78876c8bce03cf:0x1db14a5ad77db991!8m2!3d-7.8652351!4d112.4934423!16s%2Fg%2F11clw924f5!19sChIJzwPOi2yHeC4Rkbl911pKsR0?authuser=0&hl=id&rclk=1",Teh Tawar Panas,5000,"Ayam Goreng Bumbu Khas Nikmat (2 Dada, 2paha Dan Kepala) Include Sambal Dan Lalapan",100000,17250,Sukses,17250,GoFood,https://gofood.co.id/malang/restaurant/warung-sate-kelinci-rekor-muri-batu-4b0065f4-6a1a-4919-916d-30f0f127a6d1
143,Depot Sarbini Ikan Bakar,4.7,21,Wisata Umum,-8.4028789,112.5415054,https://www.google.com/maps/place/Depot+Sarbini+Ikan+Bakar/data=!4m7!3m6!1s0x2e78a9446f0c6c97:0x76aadb01e7e3fbbc!8m2!3d-8.4028789!4d112.5415054!16s%2Fg%2F11fxdy4lfj!19sChIJl2wMb0SpeC4RvPvj5wHbqnY?authuser=0&hl=id&rclk=1,Ukuran Sedang,9000,Nasi rames cumi + nasi rames tongkol + esteh 2,75000,27500,Sukses,27500,GoFood,https://gofood.co.id/malang/restaurant/warung-bu-warni-ikan-tombro-tunjungsekar-merjosari-4db048bd-279a-44ae-8900-b80de3298a08
144,Mak Sih - Seafood Spesialis,4.5,274,Wisata Umum,-8.3971435,112.5214661,https://www.google.com/maps/place/Mak+Sih+-+Seafood+Spesialis/data=!4m7!3m6!1s0x2e78aeb5802844e1:0x1b242ed6bf55a97!8m2!3d-8.3971435!4d112.5214661!16s%2Fg%2F11c61z1r3j!19sChIJ4UQogLWueC4Rl1r1a-1CsgE?authuser=0&hl=id&rclk=1,Es Teh Melati,5000,Kepiting Berat 150.gram Dan Lobster 100.gram Mix Kerang 3 Macam,130000,30000,Sukses,30000,GoFood,https://gofood.co.id/malang/restaurant/warung-seafood-mak-yam-jl-mt-haryono-gang-6-no-946-1c5f2302-f165-4cc3-a7b2-10e8d620daa2
145,Waroeng N` Cafe Bamboe Slorok,4.4,59,Wisata Umum,-8.1456642,112.5234532,https://www.google.com/maps/place/Waroeng+N%60+Cafe+Bamboe+Slorok/data=!4m7!3m6!1s0x2e7898cca47780fd:0x417cc896c6726a39!8m2!3d-8.1456642!4d112.5234532!16s%2Fg%2F11cs17pn1k!19sChIJ_YB3pMyYeC4ROWpyxpbIfEE?authuser=0&hl=id&rclk=1,Nasi Putih,5000,"1 Bandeng Crispy Tanpa Duri, 1 Gurame Bakar, 1 Kakap Asam Manis, 1 Udang Goreng Tepung, 1 Udang Cah Sawi, 1 Cah Kangkung, 6 Nasi Putih, 6 Jus Sirsat Pelangi, 6 Air Mineral Gelas",381500,44500,Sukses,44500,GoFood,https://gofood.co.id/malang/restaurant/lesehan-waroeng-bamboe-b511fa75-1cc9-4038-9c8d-8b85d8b773d7
146,Warung Sobat Slorok,4.5,127,Warung Sobat Slorok,-8.1434549,112.5245422,https://www.google.com/maps/place/Warung+Sobat+Slorok/data=!4m7!3m6!1s0x2e789f332a8d7587:0x61a7b3cd8f6ca3e9!8m2!3d-8.1434549!4d112.5245422!16s%2Fg%2F11b6_f6x5x!19sChIJh3WNKjOfeC4R6aNsj82zp2E?authuser=0&hl=id&rclk=1,Nasi pelengkap kuah,5000,"Nasi, Lauk Ayam kampung goreng,/kare, /pedas, dg tumis kacang,sambel goreng kentang dan usus ayam",30000,13500,Sukses,13500,GoFood,https://gofood.co.id/malang/restaurant/warung-sobat-slorok-kalibiru-bf5fd70f-0a8b-4d5a-91d7-875af97295d0
147,NIKI ECO MENTOK & AYAM PEDAS,4.3,1675,Wisata Umum,-8.1402959,112.5292129,https://www.google.com/maps/place/NIKI+ECO+MENTOK+%26+AYAM+PEDAS/data=!4m7!3m6!1s0x2e789f2df3eb113f:0x38a79c12fe8d4bb1!8m2!3d-8.1402959!4d112.5292129!16s%2Fg%2F11bt_hqc1p!19sChIJPxHr8y2feC4RsUuN_hKcpzg?authuser=0&hl=id&rclk=1,Kering Ketang,6499,Bebek Goreng (Tanpa Nasi),27499,12000,Sukses,12000,GoFood,https://gofood.co.id/malang/restaurant/niki-eco-menthok-pedas-kromengan-82bcf9b0-d09f-4cd1-98d4-79cf000f057e
148,Soto Subur,4.5,31,Wisata Umum,-8.1456848,112.5233587,https://www.google.com/maps/place/Soto+Subur/data=!4m7!3m6!1s0x2e78993381a086e3:0xe73bab1fb4a66c48!8m2!3d-8.1456848!4d112.5233587!16s%2Fg%2F11gjxtzggw!19sChIJ44aggTOZeC4RSGymtB-rO-c?authuser=0&hl=id&rclk=1,Bakwan Halus,5000,Es Jeruk,8000,5000,Sukses,5000,GoFood,https://gofood.co.id/surabaya/restaurant/bakwan-subur-malang-ruko-san-antonio-4448fdb2-1715-4ab8-973f-61f94f3f09a7
149,Mbok Giyah Rujak Cingur Selatan Stasiun Ngebruk.,4.3,190,Wisata Umum,-8.1538419,112.515618,https://www.google.com/maps/place/Mbok+Giyah+Rujak+Cingur+Selatan+Stasiun+Ngebruk./data=!4m7!3m6!1s0x2e7898b65327d3d7:0x667c6a4c5c983b97!8m2!3d-8.1538419!4d112.515618!16s%2Fg%2F11b6zr2b8k!19sChIJ19MnU7aYeC4RlzuYXExqfGY?authuser=0&hl=id&rclk=1,Nasi Putih,6000,Rujak Cingur Special,23000,9500,Sukses,9500,GoFood,https://gofood.co.id/malang/restaurant/warung-rujak-cingur-stasiun-mbok-giyah-sumber-pucung-94cdc022-227e-4ae5-a666-87f4fc22f48d
150,Warung Bu Nur,4.3,25,Warung Bu Nur,-8.1376678,112.5385262,https://www.google.com/maps/place/Warung+Bu+Nur/data=!4m7!3m6!1s0x2e789f25082763bd:0xdc281ac8a6e4f433!8m2!3d-8.1376678!4d112.5385262!16s%2Fg%2F11b6v7lzh7!19sChIJvWMnCCWfeC4RM_TkpsgaKNw?authuser=0&hl=id&rclk=1,Es Teh,5000,Gurame Goreng + Nasi,34000,15500,Sukses,15500,GoFood,https://gofood.co.id/malang/restaurant/warung-bu-nur-klojen-501e1887-fcfa-4257-a241-7823e16d530f
151,Nasi Goreng Palang Merah,4.3,41,Wisata Umum,-8.1491327,112.5193763,https://www.google.com/maps/place/Nasi+Goreng+Palang+Merah/data=!4m7!3m6!1s0x2e7899198b38f685:0x59ff2fa5c6dee550!8m2!3d-8.1491327!4d112.5193763!16s%2Fg%2F11j01ps8xb!19sChIJhfY4ixmZeC4RUOXexqUv_1k?authuser=0&hl=id&rclk=1,Nasi Goreng Biasa,16000,Bihun Istimewa,26000,20000,Sukses,20000,GoFood,https://gofood.co.id/malang/restaurant/nasi-goreng-palang-merah-ngebruk-f6ce6c30-6bd3-4a9e-85b7-9024f53ea267
152,Warung Pedas KINANTI,4.6,20,Warung Pedas KINANTI,-8.0956867,112.5279486,https://www.google.com/maps/place/Warung+Pedas+KINANTI/data=!4m7!3m6!1s0x2e789eac63f5411d:0xf000e552fbb07199!8m2!3d-8.0956867!4d112.5279486!16s%2Fg%2F11fzfdkb8v!19sChIJHUH1Y6yeeC4RmXGw-1LlAPA?authuser=0&hl=id&rclk=1,Cireng + Saos Cuka,10500,Nasi + Ayam Pokpok + Mentai Sauce,22250,17750,Sukses,17750,GoFood,https://gofood.co.id/malang/restaurant/warung-kinanti-88b88c3d-08e2-4914-832e-a34928fba2e3
153,DEPOT PAK GURU,5.0,21,Wisata Umum,-8.1237975,112.565752,https://www.google.com/maps/place/DEPOT+PAK+GURU/data=!4m7!3m6!1s0x2e789ff283457f53:0x38b95bebcbc35e40!8m2!3d-8.1237975!4d112.565752!16s%2Fg%2F11y5_l7v_5!19sChIJU39Fg_KfeC4RQF7Dy-tbuTg?authuser=0&hl=id&rclk=1,Es Teh,5000,"Lalapan Ayam Bakar, masih sejurus dengan Lalapan Ayam Goreng DPG, tapi bumbu bakarannya tidak kalah nuiikkkmat! Dan untuk sekali lagi saya tekankan kepada Anda, sambelnya ituloh, apalagi kalau di makan pas lagi panas, nasinya kemelung, ayam bakarnya",22500,15500,Sukses,15500,GoFood,https://gofood.co.id/malang/restaurant/depot-pak-guru-sukun-utara-kepanjen-d1f326e3-ace5-453b-9f3b-78c2fc65f243
154,Bakso Darussalam,4.2,87,Wisata Umum,-8.1331438,112.5429678,https://www.google.com/maps/place/Bakso+Darussalam/data=!4m7!3m6!1s0x2e789f2131bd6519:0x6e155a77158dbdd0!8m2!3d-8.1331438!4d112.5429678!16s%2Fg%2F11b6znzm_9!19sChIJGWW9MSGfeC4R0L2NFXdaFW4?authuser=0&hl=id&rclk=1,Aqua,5900,"3 Porsi Bakso Urat, Masing2 Isi (1 Bakso Urat Besar, 5 Bakso Kecil, Isian Mie Dan Sayur, Saus Sambal Kecap Pisah)",80000,30000,Sukses,30000,GoFood,https://gofood.co.id/jakarta/restaurant/bakso-jontor-ibas-masjid-darussalam-c9a8e81e-f711-4489-bd5f-be3950e74880
155,Kedai Sam Owob,4.8,26,Restoran · WGM9+WGW,-8.0651429,112.5188197,https://www.google.com/maps/place/Kedai+Sam+Owob/data=!4m7!3m6!1s0x2e789b4888dffb5d:0x46d2069a8ee62ea3!8m2!3d-8.0651429!4d112.5188197!16s%2Fg%2F11jn46rfsc!19sChIJXfvfiEibeC4Roy7mjpoG0kY?authuser=0&hl=id&rclk=1,Kopi Hitam,6000,Sambal merah/ijo Yang Pedas Uweanak+lalap,16000,15000,Sukses,15000,GoFood,https://gofood.co.id/malang/restaurant/lalapan-sam-owob-lowokwaru-29e1f3a8-22a6-4d2c-83f0-3bd743e8e197
156,Warung Tegal Dau,4.4,208,Warung Tegal Dau,-7.913746,112.5845741,https://www.google.com/maps/place/Warung+Tegal+Dau/data=!4m7!3m6!1s0x2e7881cb5418b91d:0x57de8829b53ae6a9!8m2!3d-7.913746!4d112.5845741!16s%2Fg%2F11lkh32x4c!19sChIJHbkYVMuBeC4RqeY6tSmI3lc?authuser=0&hl=id&rclk=1,Kopi hitam yang diseduh secara tradisional,7000,Nasi + pe + sambelan,20000,13000,Sukses,13000,GoFood,https://gofood.co.id/malang/restaurant/warung-tegalan-dau-e0ac48cd-5a3e-4644-bf30-e6a450d5f52c
157,Warung Seruni (Masakan Khas Bali),4.8,343,Warung Seruni (Masakan Khas Bali),-7.9691983,112.6029967,https://www.google.com/maps/place/Warung+Seruni+%28Masakan+Khas+Bali%29/data=!4m7!3m6!1s0x2e78828ebc6dae7b:0x2aeb41c1e7304384!8m2!3d-7.9691983!4d112.6029967!16s%2Fg%2F11hd4v3r99!19sChIJe65tvI6CeC4RhEMw58FB6yo?authuser=0&hl=id&rclk=1,kuah dgn bumbu rempah dan potongan tulang babi,5000,sate babi yg d marinasi dgn bumbu khas seruni dengan cita rasa manis gula merah asli,115000,45625,Sukses,45625,GoFood,https://gofood.co.id/malang/restaurant/warung-seruni-masakan-bali-sukun-6dad7ecc-e964-4f1a-8626-033789350440
158,Depot Pondok Indah,4.3,126,Wisata Umum,-7.9217659,112.5956311,https://www.google.com/maps/place/Depot+Pondok+Indah/data=!4m7!3m6!1s0x2e78818ab3f215b1:0x71e5a2b394d09cdf!8m2!3d-7.9217659!4d112.5956311!16s%2Fg%2F11btm8tnzk!19sChIJsRXys4qBeC4R35zQlLOi5XE?authuser=0&hl=id&rclk=1,Telur Dadar,7692,Nasi Putih Dengan Potongan Ayam Ber Saus Spicy Spices (Hampir Seperti Balado Namun Sedikit Lebih Pedas),41538,35385,Sukses,35385,GoFood,https://gofood.co.id/malang/restaurant/depot-2-legenda-jl-candi-penataran-0add4191-d600-4e8c-94b9-ec8b8608683a
159,Depot Idola,4.4,166,Wisata Umum,-7.947223,112.6253095,https://www.google.com/maps/place/Depot+Idola/data=!4m7!3m6!1s0x2dd629d95a6407f7:0x3a1b20d5aa382c36!8m2!3d-7.947223!4d112.6253095!16s%2Fg%2F11b6gh5dzs!19sChIJ9wdkWtkp1i0RNiw4qtUgGzo?authuser=0&hl=id&rclk=1,Es Teh,6000,Nasi+Lalapan/Sayur+Ikan Dorang,28000,11000,Sukses,11000,GoFood,https://gofood.co.id/malang/restaurant/depot-idola-5246b2d5-9e7b-48bc-83f6-8807c0291e7d
160,Depot Guntur,4.5,23,"Restoran · 2JJG+M28, Jl. Guntur",-7.9683431,112.6250635,https://www.google.com/maps/place/Depot+Guntur/data=!4m7!3m6!1s0x2dd628293821e39b:0x3a5cdd9fc047838e!8m2!3d-7.9683431!4d112.6250635!16s%2Fg%2F12qh56btq!19sChIJm-MhOCko1i0RjoNHwJ_dXDo?authuser=0&hl=id&rclk=1,Nasi Pecel,12000,1 Porsi Rawon,38000,15000,Sukses,15000,GoFood,https://gofood.co.id/malang/restaurant/depot-guntur-bliputhu-gelato-oro-oro-dowo-5d3bb8a1-dd38-4010-883e-77aa49c09bb0
161,Depot Goyang Lidah 1987,4.2,226,Wisata Umum,-7.9641545,112.6389724,https://www.google.com/maps/place/Depot+Goyang+Lidah+1987/data=!4m7!3m6!1s0x2dd6283466112157:0x6aa9dbf9efa0ce0c!8m2!3d-7.9641545!4d112.6389724!16s%2Fg%2F1hm5_zkf4!19sChIJVyERZjQo1i0RDM6g7_nbqWo?authuser=0&hl=id&rclk=1,Es Teh,5000,Potongan Ayam Goreng Tepung Dimasak Asam Manis Dengan Isian Wortel+Nanas+Bungkol+Timun,37500,29000,Sukses,29000,GoFood,https://gofood.co.id/malang/restaurant/depot-goyang-lidah-1987-serayu-7cc45e59-b043-4aff-bcd7-639bbdf63963
162,Bli Badre Kictchen,4.6,134,Wisata Umum,-7.9189371,112.5852516,https://www.google.com/maps/place/Bli+Badre+Kictchen/data=!4m7!3m6!1s0x2e78829d1ee26db9:0xf3d2370a46dc492c!8m2!3d-7.9189371!4d112.5852516!16s%2Fg%2F11ggs_mtkx!19sChIJuW3iHp2CeC4RLEncRgo30vM?authuser=0&hl=id&rclk=1,"Kudapan paling anyar dan unik, Kol Crispy dengan rasa yang gurih, pas di santap dengan sambal matah",6250,"Ayam Bakar Taliwang 1 Ekor ( Kampung ), Lawar Putih, Bihun biasa, Sambal Lalah dan Sambal Matah",143750,22500,Sukses,22500,GoFood,https://gofood.co.id/malang/restaurant/nasi-bali-bli-badre-halal-klojen-82147ded-5023-4b07-9c87-145bb4ddcf9c
163,Lathea,4.5,294,Restoran · 3GGR+R8G,-7.9231106,112.5405775,https://www.google.com/maps/place/Lathea/data=!4m7!3m6!1s0x2e78810010b00eb3:0xdb34c6ca34acc5fc!8m2!3d-7.9231106!4d112.5405775!16s%2Fg%2F11x2ywqjdw!19sChIJsw6wEACBeC4R_MWsNMrGNNs?authuser=0&hl=id&rclk=1,Aci Goreng,13500,"Kentang, sosis dan nugget",19500,18000,Sukses,18000,GoFood,https://gofood.co.id/malang/restaurant/calathea-garden-klojen-966077e6-ca56-4418-9f0c-537b8b3f18cd
164,Rawon Subuh Makmur,4.9,56,Wisata Umum,-7.8946322,112.5335391,https://www.google.com/maps/place/Rawon+Subuh+Makmur/data=!4m7!3m6!1s0x2e788192637d75fd:0x62145379503646f5!8m2!3d-7.8946322!4d112.5335391!16s%2Fg%2F11tmtz9s7j!19sChIJ_XV9Y5KBeC4R9UY2UHlTFGI?authuser=0&hl=id&rclk=1,"Pecel, Telor Ceplok, Tempe, Bakwan, Timun, Kemangi",13000,"Nasi, Daging Sapi, Telor Asin, Tempe, Tauge, Sa mbal",28000,20000,Sukses,20000,GoFood,https://gofood.co.id/malang/restaurant/rawon-subuh-makmur-jl-raya-oro-oro-ombo-kotabatu-0270f381-8475-4d40-9fcc-dd8ee4379f5a
165,Catering & Rumah makan Cak Tono,4.5,498,Wisata Umum,-7.8879523,112.5310303,https://www.google.com/maps/place/Catering+%26+Rumah+makan+Cak+Tono/data=!4m7!3m6!1s0x2e788120af3f56b3:0xa7a4664e6a2d33c0!8m2!3d-7.8879523!4d112.5310303!16s%2Fg%2F11h7cy93_8!19sChIJs1Y_ryCBeC4RwDMtak5mpKc?authuser=0&hl=id&rclk=1,Terong goreng disajikan dengan sambel,5000,"Gurami 450gr sd 500gr, lalapan, dan sambal",60000,13000,Sukses,13000,GoFood,https://gofood.co.id/malang/restaurant/warung-cak-tono-ayam-goreng-geprek-bebek-ikan-batu-temas-ruko-green-park-0ab78449-ab77-43e6-a2ad-f1e8d639cf28
166,"Warung Nasi ""Sidik""",4.4,4510,"Warung Nasi ""Sidik""",-7.8818524,112.5297002,https://www.google.com/maps/place/Warung+Nasi+%22Sidik%22/data=!4m7!3m6!1s0x2e7880d42331219b:0x4fb74825451bdece!8m2!3d-7.8818524!4d112.5297002!16s%2Fg%2F1hm476h71!19sChIJmyExI9SAeC4Rzt4bRSVIt08?authuser=0&hl=id&rclk=1,Telor Bali,5000,Nasi Campur Lauk Daging Empal,30000,23000,Sukses,23000,GoFood,https://gofood.co.id/malang/restaurant/warung-sidik-fe7b8b31-4201-4cc8-a138-30b1f373ee55
167,WARUNG SEGO SAMBEL,4.7,41,WARUNG SEGO SAMBEL,-7.8950787,112.5335161,https://www.google.com/maps/place/WARUNG+SEGO+SAMBEL/data=!4m7!3m6!1s0x2e7881052dd429bf:0xd7608cf87005ed84!8m2!3d-7.8950787!4d112.5335161!16s%2Fg%2F11qnjb48yp!19sChIJvynULQWBeC4RhO0FcPiMYNc?authuser=0&hl=id&rclk=1,Es Teh/Teh Panas,5000,Nasi + Bebek + Lalapan + Tahu + Tempe + Sambal + Teh Panas/Es Teh,30000,21500,Sukses,21500,GoFood,https://gofood.co.id/malang/restaurant/warung-sego-sambel-671f83ac-b9ef-4454-9aa7-709355a284b8
168,Resto Bu Atik,4.4,2073,Wisata Umum,-7.8801897,112.5315519,https://www.google.com/maps/place/Resto+Bu+Atik/data=!4m7!3m6!1s0x2e7880d1492f9221:0x7866531ec2f05725!8m2!3d-7.8801897!4d112.5315519!16s%2Fg%2F1hm1tjv5d!19sChIJIZIvSdGAeC4RJVfwwh5TZng?authuser=0&hl=id&rclk=1,1 porsi nasi putih,8000,1 ekor gurame masak kuning kemangi resep Bu Atik dan 2 porsi nasi putih,122000,32000,Sukses,32000,GoFood,https://gofood.co.id/malang/restaurant/resto-bu-atik-batu-a3160a33-6de0-4af9-b219-68abaded55e9
169,Depot Flamboyant,4.2,1209,Wisata Umum,-7.868462,112.519597,https://www.google.com/maps/place/Depot+Flamboyant/data=!4m7!3m6!1s0x2e788735cc7e92e9:0xc81b6e0670b998eb!8m2!3d-7.868462!4d112.519597!16s%2Fg%2F1hm3ptvqv!19sChIJ6ZJ-zDWHeC4R65i5cAZuG8g?authuser=0&hl=id&rclk=1,Teh Manis,6000,"Ayam Goreng/Bakar (1 Ekor), Gurame Pesmol/Goreng/Bakar (1 ekor), Pepes Cumi-cumi/Udang (2 Bungkus), Tempe/Tahu Goreng (5 Potong), Tumis kangkung / Selada air / sayur asem / Lodeh, Nasi Putih 1 Bakul (untuk 5 orang), Aqua botol / teh manis",437500,40000,Sukses,40000,GoFood,https://gofood.co.id/malang/restaurant/depot-flamboyant-oro-oro-dowo-7273dff3-ab30-4a2a-b5c6-6cef4def5faf
170,Kedai Dipo Stella,4.3,88,Wisata Umum,-7.8837687,112.5291387,https://www.google.com/maps/place/Kedai+Dipo+Stella/data=!4m7!3m6!1s0x2e7880d5c8ec302b:0xac307d78400dc358!8m2!3d-7.8837687!4d112.5291387!16s%2Fg%2F11b6_f4cjx!19sChIJKzDsyNWAeC4RWMMNQHh9MKw?authuser=0&hl=id&rclk=1,Es/Hangat,6500,"Lontong, Sayur Kare Ayam dan Telur Ayam Sambal Petis",24000,18000,Sukses,18000,GoFood,https://gofood.co.id/malang/restaurant/kedai-dipo-7de05a3b-7962-4c98-9aff-26302a61075d?bonsai_code=GVgfqUL
171,Mbak Is Kedai Makan,4.7,158,Wisata Umum,-7.8733183,112.5228461,https://www.google.com/maps/place/Mbak+Is+Kedai+Makan/data=!4m7!3m6!1s0x2e788733192d2e81:0x79f208d89391c3d3!8m2!3d-7.8733183!4d112.5228461!16s%2Fg%2F11b6_bfgtl!19sChIJgS4tGTOHeC4R08ORk9gI8nk?authuser=0&hl=id&rclk=1,Kopi Manis Pahit,5000,"Nasi Putih,Bakmie goreng,kering tempe,teri kacang,sbl goreng kentang,sambal,Daging.",21500,13250,Sukses,13250,GoFood,https://gofood.co.id/malang/restaurant/mbak-is-kedai-makan-b7636068-31cc-4f8c-8d3b-636be4234ecf
172,Warung Kendedes Batu (Rest Area),4.6,202,Warung Kendedes Batu (Rest Area),-7.9080777,112.5612878,https://www.google.com/maps/place/Warung+Kendedes+Batu+%28Rest+Area%29/data=!4m7!3m6!1s0x2e7881e8fe47d4d9:0xe3eb247352e0583e!8m2!3d-7.9080777!4d112.5612878!16s%2Fg%2F11k3q5jg7g!19sChIJ2dRH_uiBeC4RPljgUnMk6-M?authuser=0&hl=id&rclk=1,Kopi Hitam,5000,Nasi / lontong,13000,11500,Sukses,11500,GoFood,https://gofood.co.id/malang/restaurant/warung-simpang-kendedes-candirenggo-f69d2fc9-de86-4ba7-a517-1e135cc16d33
173,Depot Shun Jaya Putra,4.4,394,Wisata Umum,-7.8676277,112.5262924,https://www.google.com/maps/place/Depot+Shun+Jaya+Putra/data=!4m7!3m6!1s0x2e7880cae62567df:0xfceb533310e1fc4a!8m2!3d-7.8676277!4d112.5262924!16s%2Fg%2F1hm2b0548!19sChIJ32cl5sqAeC4RSvzhEDNT6_w?authuser=0&hl=id&rclk=1,Nasi Putih,6000,Lalapan Cumi + Nasi,32000,26000,Sukses,26000,GoFood,https://gofood.co.id/malang/restaurant/depot-shunjaya-bromo-cae2a175-8c0a-40bb-91b7-6dabc2c97734
174,Warung Zaki,4.9,29,Warung Zaki,-7.8934287,112.5329608,https://www.google.com/maps/place/Warung+Zaki/data=!4m7!3m6!1s0x2e78812e5624b57f:0x6bd379a5e4169fb4!8m2!3d-7.8934287!4d112.5329608!16s%2Fg%2F11f03k2396!19sChIJf7UkVi6BeC4RtJ8W5KV502s?authuser=0&hl=id&rclk=1,Pake gula apa tawar?,5000,Nasi + Ayam Kampung Bakar Paha/Dada + Tahu Tempe + Lalapan + Sambal,38000,15000,Sukses,15000,GoFood,https://gofood.co.id/malang/restaurant/warung-zaki-oro-oro-ombo-f05188a2-3123-4594-8ed2-fc290c89461e
175,Warung Bu Riati,4.2,52,Warung Bu Riati,-7.9080296,112.5380051,https://www.google.com/maps/place/Warung+Bu+Riati/data=!4m7!3m6!1s0x2e788146271fbe93:0x34ef74e4bbe0b033!8m2!3d-7.9080296!4d112.5380051!16s%2Fg%2F11d_tqgnkv!19sChIJk74fJ0aBeC4RM7Dgu-R07zQ?authuser=0&hl=id&rclk=1,Dawet+Gula Merah+Santan,8000,"Rujak Manis+Varian Pop Ice(Vanila Blue, Coklat,Srowberry,Grape,Durian, Vanilla Latte)",17500,9000,Sukses,9000,GoFood,https://gofood.co.id/malang/restaurant/warung-rujak-bu-riati-27be18a1-256e-4e3c-b031-551a3d1e2139
176,Warung Bedua,4.5,356,Warung Bedua,-7.873562,112.524247,https://www.google.com/maps/place/Warung+Bedua/data=!4m7!3m6!1s0x2e788732d5b4c041:0xbbfb693f6b1d0921!8m2!3d-7.873562!4d112.524247!16s%2Fg%2F11b74v5zxx!19sChIJQcC01TKHeC4RIQkdaz9p-7s?authuser=0&hl=id&rclk=1,Masakan kuping babi (pork ears) yang dimasak dengan kecap manis (sweet soy sauce),38000,Masakan daging babi (pork) yang dimasak dengan sensasi pedas (hot and spicy),44000,42000,Sukses,42000,GoFood,https://gofood.co.id/malang/restaurant/warung-bedua-batu-beb44bd7-2ca0-4e6a-b124-d3fa15387498
177,Warung Relawan,4.8,126,Warung Relawan,-7.904354,112.5255308,https://www.google.com/maps/place/Warung+Relawan/data=!4m7!3m6!1s0x2e7887897cc87857:0x1f4c81b561820deb!8m2!3d-7.904354!4d112.5255308!16s%2Fg%2F11f5vk415g!19sChIJV3jIfImHeC4R6w2CYbWBTB8?authuser=0&hl=id&rclk=1,Ceker Mendem,6000,Nasi + Daging/paha (pilih Salah Satu) + Tempe Bakar + Sambal,15000,10000,Sukses,10000,GoFood,https://gofood.co.id/malang/restaurant/warung-relawan-junrejo-303b3b06-3cd5-4bd6-8298-bc7cb074fd89
178,Depot Marem Batu,4.4,142,Wisata Umum,-7.8767658,112.5244512,https://www.google.com/maps/place/Depot+Marem+Batu/data=!4m7!3m6!1s0x2e78872d4cc59715:0x60cd99c515a2031f!8m2!3d-7.8767658!4d112.5244512!16s%2Fg%2F11b75l9fvg!19sChIJFZfFTC2HeC4RHwOiFcWZzWA?authuser=0&hl=id&rclk=1,Teri,6250,Nasi Ayam Kremes 1 Ekor,43750,21000,Sukses,21000,GoFood,https://gofood.co.id/malang/restaurant/depot-mbok-marem-joyoagung-539d9a95-69ac-4fd9-b2fc-eb03e54c8589
179,Bakso Pak Waji,4.8,180,Wisata Umum,-7.9041922,112.5263219,https://www.google.com/maps/place/Bakso+Pak+Waji/data=!4m7!3m6!1s0x2e788144459d8e1f:0x95e561e8500352b4!8m2!3d-7.9041922!4d112.5263219!16s%2Fg%2F11fd4j3wh8!19sChIJH46dRUSBeC4RtFIDUOhh5ZU?authuser=0&hl=id&rclk=1,Kasar Besarr,6000,Mix 2bakso halus 1kasar 1siomai 1tahu 1goreng dan 1mie,12000,6000,Sukses,6000,GoFood,https://gofood.co.id/malang/restaurant/bakso-eco-pak-waji-karangploso-c0af629a-7720-42a4-9ecb-172fac034188
180,Iga Bakar Saudara,4.7,313,Wisata Umum,-7.8875185,112.5440439,https://www.google.com/maps/place/Iga+Bakar+Saudara/data=!4m7!3m6!1s0x2e788138f50301eb:0x983f223290cdcc57!8m2!3d-7.8875185!4d112.5440439!16s%2Fg%2F11t__rvy7_!19sChIJ6wED9TiBeC4RV8zNkDIiP5g?authuser=0&hl=id&rclk=1,Es Teh Manis,5000,Iga bakar khas betawi dan disajikan dengan kuah terpisah,48000,40000,Sukses,40000,GoFood,https://gofood.co.id/jakarta/restaurant/iga-bakar-empat-saudara-40143b90-aeb7-4224-a6b3-3800136e9a71
181,Warung Es dan Kue Mungil Batu,3.6,290,Wisata Umum,-7.8714211,112.5277361,https://www.google.com/maps/place/Warung+Es+dan+Kue+Mungil+Batu/data=!4m7!3m6!1s0x2e7880cc6300400b:0x869966aac835fa95!8m2!3d-7.8714211!4d112.5277361!16s%2Fg%2F11c1_vtc5m!19sChIJC0AAY8yAeC4Rlfo1yKpmmYY?authuser=0&hl=id&rclk=1,Cah Kangkung Polos,10000,Gurami Asam Manis,70000,27500,Sukses,27500,GoFood,https://gofood.co.id/malang/restaurant/warung-es-kue-mungil-batu-7905c2d8-bcda-4013-902d-971da754bb8f
182,REMPAH - Warung Khas Batu - Wisata Kuliner Unik Khas Kota Batu,4.4,2331,Wisata Umum,-7.8792451,112.5227186,https://www.google.com/maps/place/REMPAH+-+Warung+Khas+Batu+-+Wisata+Kuliner+Unik+Khas+Kota+Batu/data=!4m7!3m6!1s0x2e78872cc21859c3:0x4d75ac2531447cd2!8m2!3d-7.8792451!4d112.5227186!16s%2Fg%2F11bw2164rg!19sChIJw1kYwiyHeC4R0nxEMSWsdU0?authuser=0&hl=id&rclk=1,Ekstra Telur Ceplok,6000,Sambel extra banyakk. Bisa request goreng / bakar,79000,29250,Sukses,29250,GoFood,https://gofood.co.id/malang/restaurant/rempah-warung-khas-batu-the-batu-villas-63bd85a7-936f-487a-a91a-b221cea52d9e
183,Wisata Warung Wareg,4.5,8157,Wisata Warung Wareg,-7.8628503,112.5288779,https://www.google.com/maps/place/Wisata+Warung+Wareg/data=!4m7!3m6!1s0x2e7880b870f94b1b:0xc202a92d0ec575cf!8m2!3d-7.8628503!4d112.5288779!16s%2Fg%2F11bzzzcpdq!19sChIJG0v5cLiAeC4Rz3XFDi2pAsI?authuser=0&hl=id&rclk=1,Aqua 330ml,11265,Bakar pedes manis wenuk pol,130300,41337,Sukses,41337,GoFood,https://gofood.co.id/malang/restaurant/wisata-warung-wareg-batu-771b5ef3-249b-4dcc-a50b-53ab83c480f5
184,Warung Luweng Pedes,4.2,828,Warung Luweng Pedes,-7.8777466,112.5212529,https://www.google.com/maps/place/Warung+Luweng+Pedes/data=!4m7!3m6!1s0x2e7881fca678d89d:0xf768ddec89b169dc!8m2!3d-7.8777466!4d112.5212529!16s%2Fg%2F11mfm3bcjr!19sChIJndh4pvyBeC4R3GmxiezdaPc?authuser=0&hl=id&rclk=1,Lodeh Tewel / Sayur Pedas Tahu Tempe / Balado Terong,5000,Kepala Kakap + Kuah Pedas,35000,20000,Sukses,20000,GoFood,https://gofood.co.id/malang/restaurant/warung-luweng-pedes-b68b60e2-66d8-4cc4-92d6-4765e80e3267
185,Rumah Makan Mesir,4.6,3385,Wisata Umum,-7.871857,112.5279112,https://www.google.com/maps/place/Rumah+Makan+Mesir/data=!4m7!3m6!1s0x2e7880ce06fa4cd7:0xfc4d1540653cb7bb!8m2!3d-7.871857!4d112.5279112!16s%2Fg%2F11dx8z0m02!19sChIJ10z6Bs6AeC4Ru7c8ZUAVTfw?authuser=0&hl=id&rclk=1,Sayur Asem,5000,Kambing Oven (1 Porsi),50000,20000,Sukses,20000,GoFood,https://gofood.co.id/malang/restaurant/rumah-makan-mesir-batu-c9f4e0ca-0dad-48dc-bac8-8bedb5117d10
186,Khas Jawa 1985,4.5,1969,Wisata Umum,-7.8735622,112.5290518,https://www.google.com/maps/place/Khas+Jawa+1985/data=!4m7!3m6!1s0x2dd628304d2bbcdd:0xb4e7413c093168d3!8m2!3d-7.8735622!4d112.5290518!16s%2Fg%2F1hm2662xm!19sChIJ3bwrTTAo1i0R02gxCTxB57Q?authuser=0&hl=id&rclk=1,1 Gelas Teh Manis,7250,"Nasi Putih, 1 Porsi Sop Buntut, Tomat, Sledri, Sambel, Jeruk Nipis",109750,31250,Sukses,31250,GoFood,https://gofood.co.id/malang/restaurant/khas-jawa-1985-diponegoro-7b568f12-41f0-4fb4-b285-9eeca74672de
187,"Ayam Tulang Lunak MBOK SURIP, Sisir, Kota Batu",4.3,2761,Wisata Umum,-7.8757277,112.5314335,"https://www.google.com/maps/place/Ayam+Tulang+Lunak+MBOK+SURIP,+Sisir,+Kota+Batu/data=!4m7!3m6!1s0x2e7881bb98656a43:0x8e084131889b2ae!8m2!3d-7.8757277!4d112.5314335!16s%2Fg%2F11h1m2kpz9!19sChIJQ2plmLuBeC4RrrKJGBOE4Ag?authuser=0&hl=id&rclk=1",Sedia dingin dan biasa,6000,Ayam tulang lunak jumbo + minuman teh,63000,21000,Sukses,21000,GoFood,https://gofood.co.id/malang/restaurant/ayam-tulang-lunak-mbok-surip-diponegoro-6debbfa9-bb75-48f5-ac6b-7191373f07cf
188,WARUNK WOW KWB,4.5,5275,Restoran bergaya industri dengan camilan,-7.86937,112.5210543,https://www.google.com/maps/place/WARUNK+WOW+KWB/data=!4m7!3m6!1s0x2e7887344f8dc2c5:0x41a52c330799ee6!8m2!3d-7.86937!4d112.5210543!16s%2Fg%2F11dfjzlmh6!19sChIJxcKNTzSHeC4R5p55MMNSGgQ?authuser=0&hl=id&rclk=1,Telur,5500,Wings Sultan Spicy Mala 18 Pcs,129250,28875,Sukses,28875,GoFood,https://gofood.co.id/malang/restaurant/warunk-wow-kwb-malang-mt-haryono-5908b764-eee9-4677-bf08-4167549daf12
189,Warung Atikah,4.8,119,Warung Atikah,-7.8703306,112.5293253,https://www.google.com/maps/place/Warung+Atikah/data=!4m7!3m6!1s0x2e7881eefcaffe35:0xa3a32d727b106f02!8m2!3d-7.8703306!4d112.5293253!16s%2Fg%2F11n6gks3x1!19sChIJNf6v_O6BeC4RAm8Qe3Ito6M?authuser=0&hl=id&rclk=1,Es Teh Manis,5000,Lontong Cingur Tahu Tempe Sayur Mentimun Bumbu Kacang Dll (Level Pedas Bisa Request),24000,16000,Sukses,16000,GoFood,https://gofood.co.id/malang/restaurant/warung-atikah-abc809a4-6918-4ff9-9f1e-e9ff4ad573ae
190,Rumah Makan Kerta Sari Batu,4.3,624,Restoran luas bercitarasa Indonesia,-7.863149,112.527514,https://www.google.com/maps/place/Rumah+Makan+Kerta+Sari+Batu/data=!4m7!3m6!1s0x2e7880b5a9a37805:0x4398f2b4455fe655!8m2!3d-7.863149!4d112.527514!16s%2Fg%2F11b6ytslfh!19sChIJBXijqbWAeC4RVeZfRbTymEM?authuser=0&hl=id&rclk=1,Nasi Putih,10000,Ayam Goreng Kerta Sari 1 Ekor,120000,30000,Sukses,30000,GoFood,https://gofood.co.id/malang/restaurant/rumah-makan-kerta-sari-batu-392e1e5e-2b97-462d-9975-3bf4aac25eed
191,Kuliner Warung ANTICA 81,4.7,76,Kuliner Warung ANTICA 81,-7.8645359,112.54156,https://www.google.com/maps/place/Kuliner+Warung+ANTICA+81/data=!4m7!3m6!1s0x2e7881edadddedc9:0xc1b4c5c7db775c61!8m2!3d-7.8645359!4d112.54156!16s%2Fg%2F1hm2grjxj!19sChIJye3dre2BeC4RYVx328fFtME?authuser=0&hl=id&rclk=1,teh panas,5000,bebek+nasi+tahu/tempe,25000,18000,Sukses,18000,GoFood,https://gofood.co.id/malang/restaurant/warung-antica81-dc0653eb-b10d-4da3-bafc-ae3190a7012b
192,Warung Bethania Batu,4.4,2638,Warung Bethania Batu,-7.8746495,112.5300749,https://www.google.com/maps/place/Warung+Bethania+Batu/data=!4m7!3m6!1s0x2e7880cde6a785db:0x6bd802548e620f78!8m2!3d-7.8746495!4d112.5300749!16s%2Fg%2F1tf12_kg!19sChIJ24Wn5s2AeC4ReA9ijlQC2Gs?authuser=0&hl=id&rclk=1,Es Teh Manis,7500,Gurame Pesmol,96875,31250,Sukses,31250,GoFood,https://gofood.co.id/malang/restaurant/warung-bethania-batu-c33a718a-a60b-4218-b908-cd774b401cb3
193,Warung 9,4.7,263,Warung 9,-7.8817845,112.5338902,https://www.google.com/maps/place/Warung+9/data=!4m7!3m6!1s0x2e7880d7220cce5f:0x797dc4b4bf4ca03a!8m2!3d-7.8817845!4d112.5338902!16s%2Fg%2F11b7q8s6zn!19sChIJX84MIteAeC4ROqBMv7TEfXk?authuser=0&hl=id&rclk=1,"angsle dengan isian petulo, kacang hijau, ketan putih, roti tawar, mutiara, kuah santan",15000,"Ronde dengan isian pentol gula kacang, mutiara, taburan kacang sangrai",15000,15000,Sukses,15000,GoFood,https://gofood.co.id/malang/restaurant/warung-9-3c87a436-4115-4dfc-8633-b2e1c27014f8
194,Pos Ketan Legenda - 1967 Batu,4.5,4955,Wisata Umum,-7.8709526,112.5259953,https://www.google.com/maps/place/Pos+Ketan+Legenda+-+1967+Batu/data=!4m7!3m6!1s0x2e7880cc98ace265:0x814879a4d6aa759e!8m2!3d-7.8709526!4d112.5259953!16s%2Fg%2F1hm37b8nt!19sChIJZeKsmMyAeC4RnnWq1qR5SIE?authuser=0&hl=id&rclk=1,Teh Manis,6000,"Cireng Isi dengan kuah keju creamy.Ukuran Cetakan Cireng 8cm, isi 5pcs Varian Rasa Campur. Tanda Warna : Biru (Ayam Ori) , Merah (Ayam Peda)s, Kuning (Keju Cheddar).",19000,12000,Sukses,12000,GoFood,https://gofood.co.id/malang/restaurant/pos-ketan-legenda-1967-stadion-batu-113f1094-b8e9-4533-84cc-c9d350882dd8
195,LALAPAN KHAS SOLO Bu Yanti,4.7,387,Wisata Umum,-7.8819723,112.5356854,https://www.google.com/maps/place/LALAPAN+KHAS+SOLO+Bu+Yanti/data=!4m7!3m6!1s0x2e7880d76f581b4d:0x9ce832756f6b4e75!8m2!3d-7.8819723!4d112.5356854!16s%2Fg%2F11f5dfvkd4!19sChIJTRtYb9eAeC4RdU5rb3Uy6Jw?authuser=0&hl=id&rclk=1,Sambel Bawang,5000,Bebek+ Pilihan Sambel : Sambel Bawang / Sambel Tomat / Sambel Ijo,30500,15000,Sukses,15000,GoFood,https://gofood.co.id/malang/restaurant/lalapan-khas-solo-bu-yanti-dewi-sartika-970d8338-6654-4c37-86ae-fc1b573a839e
196,Maha Ruang,4.8,20,Wisata Umum,-7.8851931,112.5390742,https://www.google.com/maps/place/Maha+Ruang/data=!4m7!3m6!1s0x2e7881b63f8c154f:0xc8e4899ba5de24cd!8m2!3d-7.8851931!4d112.5390742!16s%2Fg%2F11sq5jnvgb!19sChIJTxWMP7aBeC4RzSTepZuJ5Mg?authuser=0&hl=id&rclk=1,Es Teh,7000,Indomie + Ayam Geprek + Sambal,22000,17500,Sukses,17500,GoFood,https://gofood.co.id/malang/restaurant/maha-ruang-5e2bf690-7906-4b59-9dea-45183b0aac62
197,Gubug asape Asapan dan bakaran,4.8,278,Restoran · 4GGQ+CM3,-7.874505,112.539181,https://www.google.com/maps/place/Gubug+asape+Asapan+dan+bakaran/data=!4m7!3m6!1s0x2e7881004dd9ae9f:0x6c0772b787ad7706!8m2!3d-7.874505!4d112.539181!16s%2Fg%2F11y2y4byhv!19sChIJn67ZTQCBeC4RBneth7dyB2w?authuser=0&hl=id&rclk=1,Nasi Putih 1 Porsi,7000,Soup Kakap,143000,37800,Sukses,37800,GoFood,https://gofood.co.id/malang/restaurant/bakaran-dan-asapan-temas-batu-cba15320-cbc1-40d2-b062-6ba21193b0de
198,Waroeng Spesial Sambal 'SS' Batu,4.3,967,Wisata Umum,-7.8706031,112.5191749,https://www.google.com/maps/place/Waroeng+Spesial+Sambal+%27SS%27+Batu/data=!4m7!3m6!1s0x2e7887341addd04b:0x1e78fb77f4dcab4b!8m2!3d-7.8706031!4d112.5191749!16s%2Fg%2F11fkn10218!19sChIJS9DdGjSHeC4RS6vc9Hf7eB4?authuser=0&hl=id&rclk=1,Sambal Tempe,5400,3 porsi lauk iga sapi siap goreng dalam bentuk frozen,117500,12800,Sukses,12800,GoFood,https://gofood.co.id/bali/restaurant/waroeng-spesial-sambal-ss-batu-bulan-a423b55b-ab3c-487c-9937-0482ab1d8e3c?as=gmaps
199,Warung Wareg Ngandat,4.5,6330,Warung Wareg Ngandat,-7.902663,112.562229,https://www.google.com/maps/place/Warung+Wareg+Ngandat/data=!4m7!3m6!1s0x2e78810d0e026e61:0xa28a77f85da6ab30!8m2!3d-7.902663!4d112.562229!16s%2Fg%2F11ghtpzm0c!19sChIJYW4CDg2BeC4RMKumXfh3iqI?authuser=0&hl=id&rclk=1,"Nasi, tahu- tempe, lalapan sambal",9000,"Nasi, mujaer, lalapan, sambal",15000,10750,Sukses,10750,GoFood,https://gofood.co.id/malang/restaurant/warung-wareg-kedungkandang-01f9ef48-c1ad-4c28-8907-4582cc9554ae
200,Sop Janda Suroboyo - BATU MALANG,4.9,44,Wisata Umum,-7.8719706,112.5279924,https://www.google.com/maps/place/Sop+Janda+Suroboyo+-+BATU+MALANG/data=!4m7!3m6!1s0x2dd629bcf9980b7d:0xef8988569dbdd8cf!8m2!3d-7.8719706!4d112.5279924!16s%2Fg%2F11y_vtslwq!19sChIJfQuY-bwp1i0Rz9i9nVaIie8?authuser=0&hl=id&rclk=1,Air Mineral 600Ml,6000,Sop Iga Dan Sop Buntut,115000,68500,Sukses,68500,GoFood,https://gofood.co.id/malang/restaurant/sop-janda-suroboyo-batu-malang-6bf17b0e-c2d7-4972-a21f-698662e0fab2
201,Warung makan dan kopi bu hendra,4.7,88,Restoran · Jl. Kartika,-7.8824084,112.5237218,https://www.google.com/maps/place/Warung+makan+dan+kopi+bu+hendra/data=!4m7!3m6!1s0x2e78872b383c0f3f:0x24a17e4b39cbb80d!8m2!3d-7.8824084!4d112.5237218!16s%2Fg%2F11fzv1f6sl!19sChIJPw88OCuHeC4RDbjLOUt-oSQ?authuser=0&hl=id&rclk=1,Telor Ceplok,5000,"Nasi Rawon, Tempe, Teh Panas, Krupuk",40000,13000,Sukses,13000,GoFood,https://gofood.co.id/id/malang/restaurant/warung-bu-hendra-batu-a50c60b8-bb4f-486e-a3d5-fdae0f292ace
202,Warung Bromo Mas Maman,3.8,80,Warung Bromo Mas Maman,-7.8678656,112.5253595,https://www.google.com/maps/place/Warung+Bromo+Mas+Maman/data=!4m7!3m6!1s0x2e7881fbc0af4d8b:0x1494f807f9f991c5!8m2!3d-7.8678656!4d112.5253595!16s%2Fg%2F11f631tb2p!19sChIJi02vwPuBeC4RxZH5-Qf4lBQ?authuser=0&hl=id&rclk=1,Minuman,5000,Ikan : Cumi + Udang + Kerang + Pentol,43500,23750,Sukses,23750,GoFood,https://gofood.co.id/malang/restaurant/warung-bromo-mas-maman-batu-0ce1abad-605c-42b7-b157-231d710b6faf
203,JM Steak and Milk Kota Batu,4.1,1199,Wisata Umum,-7.8772522,112.5286615,https://www.google.com/maps/place/JM+Steak+and+Milk+Kota+Batu/data=!4m7!3m6!1s0x2e7881f0d034074f:0x3a533126c536299f!8m2!3d-7.8772522!4d112.5286615!16s%2Fg%2F11ry7vxj42!19sChIJTwc00PCBeC4Rnyk2xSYxUzo?authuser=0&hl=id&rclk=1,Fresh Tea,9799,Steak Beef Crispy Double + Sayur + Kentang Goreng + Brown Souce,44207,19432,Sukses,19432,GoFood,https://gofood.co.id/malang/restaurant/jm-steak-n-milk-batu-0759bd63-713a-458a-9a6d-95a5d10eddea
204,Warung 29B (Dapur Bu Tirtha),4.7,69,Warung 29B (Dapur Bu Tirtha),-7.8733935,112.5261437,https://www.google.com/maps/place/Warung+29B+%28Dapur+Bu+Tirtha%29/data=!4m7!3m6!1s0x2e7880cd1fdebd51:0x3cf3d9916f2dde4d!8m2!3d-7.8733935!4d112.5261437!16s%2Fg%2F11g8zd0gjd!19sChIJUb3eH82AeC4RTd4tb5HZ8zw?authuser=0&hl=id&rclk=1,Teh Manis (Es/Hangat),5500,Ayam Bumbu Rujak,47500,22000,Sukses,22000,GoFood,https://gofood.co.id/malang/restaurant/warung-29b-sisir-18ec2d87-fe8c-4317-99ab-4880936e12fc
205,Ayam Tulang Lunak H.Yono,3.5,646,Wisata Umum,-7.871676,112.526476,https://www.google.com/maps/place/Ayam+Tulang+Lunak+H.Yono/data=!4m7!3m6!1s0x2e7880cc93e65a23:0x4dc03f630412d49e!8m2!3d-7.871676!4d112.526476!16s%2Fg%2F11b6_sg40b!19sChIJI1rmk8yAeC4RntQSBGM_wE0?authuser=0&hl=id&rclk=1,Tahu Goreng,5400,4 Atl Large + 1 Cah Kangkung / Cah Slada + 1 Jamur Krispy / Kulit Krispy + 4 Es Teh Manis,105000,11200,Sukses,11200,GoFood,https://gofood.co.id/malang/restaurant/ayam-tulang-lunak-h-yono-d48ea5c1-ac3e-4ebe-94b1-c712060f4363
206,Bellis Kitchen & Bar,4.6,171,Wisata Umum,-7.8824911,112.5195533,https://www.google.com/maps/place/Bellis+Kitchen+%26+Bar/data=!4m7!3m6!1s0x2e788760753cec8b:0x419cf9c628079370!8m2!3d-7.8824911!4d112.5195533!16s%2Fg%2F11mtjyzlq1!19sChIJi-w8dWCHeC4RcJMHKMb5nEE?authuser=0&hl=id&rclk=1,Thai Tea Original,20400,Manalagi Pie Diameter 23cm,78000,25700,Sukses,25700,GoFood,https://gofood.co.id/malang/restaurant/belis-kitchen-bar-ba6067a5-a4f6-4eb1-88ae-f5fb97629d13
207,Warung Bu Ani,4.7,612,Warung Bu Ani,-7.8703504,112.5155819,https://www.google.com/maps/place/Warung+Bu+Ani/data=!4m7!3m6!1s0x2e788700768a7ad7:0xedc03f49f35a70bf!8m2!3d-7.8703504!4d112.5155819!16s%2Fg%2F11wqmqpqhg!19sChIJ13qKdgCHeC4Rv3Ba80k_wO0?authuser=0&hl=id&rclk=1,Es Jeruk,5000,Tahu Telor + Lontong + Teh Hangat / Dingin,18000,14000,Sukses,14000,GoFood,https://gofood.co.id/malang/restaurant/warung-bu-ani-bantaran-0603dc8e-d29f-44ce-8c96-0279ce927076
208,Warung Pecel Madiun Amin 2,4.3,444,Warung Pecel Madiun Amin 2,-7.8734212,112.5161511,https://www.google.com/maps/place/Warung+Pecel+Madiun+Amin+2/data=!4m7!3m6!1s0x2e78874778c7286d:0x25023bedfeddb8a5!8m2!3d-7.8734212!4d112.5161511!16s%2Fg%2F1hm4p3ffc!19sChIJbSjHeEeHeC4Rpbjd_u07AiU?authuser=0&hl=id&rclk=1,Teh hangat jumbo (480ml)ml botol seperti botol juice.,6000,"Nasi putih, sayur pecel, ayam kampung bakar dan peyek",34000,26000,Sukses,26000,GoFood,https://gofood.co.id/pasuruan/restaurant/warung-pecel-madiun-bsk-raya-surabaya-malang-81fb9834-38bf-48e7-ad49-15f164399ee8
209,Bakso DE STADION,4.4,4507,Wisata Umum,-7.8769447,112.5256254,https://www.google.com/maps/place/Bakso+DE+STADION/data=!4m7!3m6!1s0x2e7880d2b8b40a05:0x9fc4e0132233f760!8m2!3d-7.8769447!4d112.5256254!16s%2Fg%2F11b75kymry!19sChIJBQq0uNKAeC4RYPczIhPgxJ8?authuser=0&hl=id&rclk=1,Teh Tawar,5000,Bakso Lobster Jumbo,40000,12000,Sukses,12000,GoFood,https://gofood.co.id/malang/restaurant/bakso-de-stadion-batu-7b0e8430-509d-48b6-ae6c-ee9eba7955ab
210,Ayam Goreng Pemuda,4.5,341,Restoran · Jl. Diponegoro No.20,-7.8713315,112.5277117,https://www.google.com/maps/place/Ayam+Goreng+Pemuda/data=!4m7!3m6!1s0x2e7880d1ac7b97fb:0x344a9f1bece3dde1!8m2!3d-7.8713315!4d112.5277117!16s%2Fg%2F1pzsxsbc2!19sChIJ-5d7rNGAeC4R4d3j7BufSjQ?authuser=0&hl=id&rclk=1,Teh Tawar,7100,2 Paha 2 Dada + Kepal Ati Ampela,191700,33750,Sukses,33750,GoFood,https://gofood.co.id/malang/restaurant/ayam-goreng-pemuda-malang-e8d02094-b8ec-4f4e-9fa5-985fd1e9cae8
211,WARUNG IDAMAN,4.9,25,WARUNG IDAMAN,-7.8744778,112.5275311,https://www.google.com/maps/place/WARUNG+IDAMAN/data=!4m7!3m6!1s0x2e7881866be0d2bf:0x7882f2a779ab8f75!8m2!3d-7.8744778!4d112.5275311!16s%2Fg%2F11fqzt17h1!19sChIJv9Lga4aBeC4RdY-reafygng?authuser=0&hl=id&rclk=1,usus ayam,10000,Iga bakarnya empuk yg empuk banget. . . .,24000,17000,Sukses,17000,GoFood,https://gofood.co.id/malang/restaurant/warung-idaman-batu-2d0b5038-66f8-4a82-b559-e6d65a36539b
212,Bebek Goreng H.Slamet by Waroeng Kota Batu,4.4,2058,Restoran · Jl. Kartini No.18,-7.8713783,112.5252218,https://www.google.com/maps/place/Bebek+Goreng+H.Slamet+by+Waroeng+Kota+Batu/data=!4m7!3m6!1s0x2e7880ccafeca199:0x737c48a3c2463820!8m2!3d-7.8713783!4d112.5252218!16s%2Fg%2F11c1r72l3r!19sChIJmaHsr8yAeC4RIDhGwqNIfHM?authuser=0&hl=id&rclk=1,"Daun Pepaya Rebus, Kobis & Mentimun Iris",9100,"2 Dada, 2 Paha, Nasi 3-4 Orang, 3 Ice Tea, Lalapan, Sambal Korek Dan Pilihan Sayur Tempe / Tumis Tauge, Tempe / Tahu",318500,41600,Sukses,41600,GoFood,https://gofood.co.id/malang/restaurant/bebek-goreng-h-slamet-batu-malang-b7c912b1-b767-43fc-9b1f-ed4b84ce5610
213,Warung Y Bakso GRATIS,4.2,70,Warung Y Bakso GRATIS,-7.8831462,112.5299559,https://www.google.com/maps/place/Warung+Y+Bakso+GRATIS/data=!4m7!3m6!1s0x2e7880d716aac373:0x81425c5d56f5c250!8m2!3d-7.8831462!4d112.5299559!16s%2Fg%2F11fy4c5dsr!19sChIJc8OqFteAeC4RUML1Vl1cQoE?authuser=0&hl=id&rclk=1,Telur ceplok,5000,Nasi + Lalapan + Sambal,25000,7000,Sukses,7000,GoFood,https://gofood.co.id/malang/restaurant/warung-y-dan-bakso-nyedok-dewe-dewi-sartika-0e48f347-ad89-4af5-a0f7-68e23da50127
214,Warung Asep,4.3,127,Warung Asep,-7.8798256,112.5253083,https://www.google.com/maps/place/Warung+Asep/data=!4m7!3m6!1s0x2e78819683142585:0x423156501d3aee64!8m2!3d-7.8798256!4d112.5253083!16s%2Fg%2F11gy4w8t99!19sChIJhSUUg5aBeC4RZO46HVBWMUI?authuser=0&hl=id&rclk=1,Teh Pucuk Harum mini,5500,Abon Sapi Al wahid terbuat daging sapi dan rempah,30000,17000,Sukses,17000,GoFood,https://gofood.co.id/malang/restaurant/batagor-dan-bakso-geprek-mang-asep-malang-3b45546a-bc59-4e72-b4fe-e8876dacab86
215,Warung Emak PRASMANAN,4.3,594,Warung Emak PRASMANAN,-7.849829,112.528089,https://www.google.com/maps/place/Warung+Emak+PRASMANAN/data=!4m7!3m6!1s0x2e7880ab869cc0ed:0xea2637e3309cf3e!8m2!3d-7.849829!4d112.528089!16s%2Fg%2F11gf5qzp38!19sChIJ7cCchquAeC4RPs8JM35jog4?authuser=0&hl=id&rclk=1,Kopi Hitam,5000,"Nasi Ayam Goreng(Random), Sayur Lalap Tempe Tahu Dan Sambel Lalapan",20000,17000,Sukses,17000,GoFood,https://gofood.co.id/malang/restaurant/warung-emak-f291d83e-ea9d-45e7-af2d-0c10fb7f6647
216,Warung Pring Pethuk,4.3,2503,Warung Pring Pethuk,-7.8497702,112.5203191,https://www.google.com/maps/place/Warung+Pring+Pethuk/data=!4m7!3m6!1s0x2e788754663ee9b9:0x274fd04442a133e!8m2!3d-7.8497702!4d112.5203191!16s%2Fg%2F1tyh4t1r!19sChIJuek-ZlSHeC4RPhMqRAT9dAI?authuser=0&hl=id&rclk=1,Sambel Terasi / Sambel Kecap,8250,Cumi Asam Manis,82500,34375,Sukses,34375,GoFood,https://gofood.co.id/malang/restaurant/waroeng-lesehan-pring-pethuk-pasar-bunga-df49b15a-788a-47fb-8b8d-2f09c10abbce
217,Warung Mrene,4.7,1087,Warung Mrene,-7.8358515,112.5401698,https://www.google.com/maps/place/Warung+Mrene/data=!4m7!3m6!1s0x2e787f0bb05000c7:0x87f0f98ec3c73d58!8m2!3d-7.8358515!4d112.5401698!16s%2Fg%2F11rqxq7744!19sChIJxwBQsAt_eC4RWD3Hw4758Ic?authuser=0&hl=id&rclk=1,Nasi Putih,5000,Nasi Udang,17000,13000,Sukses,13000,GoFood,https://gofood.co.id/malang/restaurant/warung-marem-0fcd8120-c9e4-4324-a798-b228b483d9a7
218,Waroeng Bamboe Lesehan Sidomulyo,4.5,6488,Wisata Umum,-7.8417982,112.528173,https://www.google.com/maps/place/Waroeng+Bamboe+Lesehan+Sidomulyo/data=!4m7!3m6!1s0x2e787e011a956a01:0xa6b9e55c71d36daf!8m2!3d-7.8417982!4d112.528173!16s%2Fg%2F1234cz31n!19sChIJAWqVGgF-eC4Rr23TcVzluaY?authuser=0&hl=id&rclk=1,Air Mineral Botol 330ml,6500,1 ekor,134375,32625,Sukses,32625,GoFood,https://gofood.co.id/malang/restaurant/lesehan-waroeng-bamboe-sidomoeljo-jl-raya-selecta-bumiaji-batu-03a0416a-05b1-416c-bc9f-b75f8c11998e
219,Warung Kalinung,4.5,385,Warung Kalinung,-7.8316653,112.5246932,https://www.google.com/maps/place/Warung+Kalinung/data=!4m7!3m6!1s0x2e787f7ff3b14dad:0x6dfa72aa718214b4!8m2!3d-7.8316653!4d112.5246932!16s%2Fg%2F11mtd8ld2p!19sChIJrU2x839_eC4RtBSCcapy-m0?authuser=0&hl=id&rclk=1,Nasi Putih,7000,Nasi Gurame Bakar (Besar),108000,22250,Sukses,22250,GoFood,https://gofood.co.id/malang/restaurant/kalinung-3f83bd50-c737-410a-9fea-4244c212ea4b
220,Omah Madhang Saridjoyo,4.1,1622,Wisata Umum,-7.8531295,112.5192799,https://www.google.com/maps/place/Omah+Madhang+Saridjoyo/data=!4m7!3m6!1s0x2e78878661389a35:0x9874e5475f230021!8m2!3d-7.8531295!4d112.5192799!16s%2Fg%2F11rk2_y_74!19sChIJNZo4YYaHeC4RIQAjX0fldJg?authuser=0&hl=id&rclk=1,Somay Ikan Sayur,5000,Empal Goreng,25300,12700,Sukses,12700,GoFood,https://gofood.co.id/malang/restaurant/omah-madhang-saridjoyo-sumberejo-3137f763-6b4c-4647-9423-285bda9b0b84
221,RM. Sambel Ulek,4.5,252,Wisata Umum,-7.8508217,112.527615,https://www.google.com/maps/place/RM.+Sambel+Ulek/data=!4m7!3m6!1s0x2e787e01b7ba1595:0xdf9cd130053f212e!8m2!3d-7.8508217!4d112.527615!16s%2Fg%2F1hm21ycy4!19sChIJlRW6twF-eC4RLiE_BTDRnN8?authuser=0&hl=id&rclk=1,Teh Manis,5200,Belum nasi,58500,13650,Sukses,13650,GoFood,https://gofood.co.id/malang/restaurant/rm-sambel-ulek-2f9a20c0-fa81-4a58-aac1-696ca1e64e35
222,Warung Sumber Rejeki 2,4.5,27,Warung Sumber Rejeki 2,-7.8461663,112.5283775,https://www.google.com/maps/place/Warung+Sumber+Rejeki+2/data=!4m7!3m6!1s0x2e787e01059d628f:0x791ad99ace2e5e28!8m2!3d-7.8461663!4d112.5283775!16s%2Fg%2F11cs5rh_cy!19sChIJj2KdBQF-eC4RKF4uzprZGnk?authuser=0&hl=id&rclk=1,LALAPAN LELE,13000,NASI+MUJAER+SAMBEL+LALAPAN,15000,15000,Sukses,15000,GoFood,https://gofood.co.id/malang/restaurant/warung-sumber-rejeki-610b7321-b42c-4104-a3dd-bb1c6a6fb917
223,Pondok Kopi Sambel teri,4.7,292,Wisata Umum,-7.8225496,112.5324022,https://www.google.com/maps/place/Pondok+Kopi+Sambel+teri/data=!4m7!3m6!1s0x2e787fb1287e5295:0x15800763c4af600d!8m2!3d-7.8225496!4d112.5324022!16s%2Fg%2F11fmxc6xzc!19sChIJlVJ-KLF_eC4RDWCvxGMHgBU?authuser=0&hl=id&rclk=1,Es Teh,6000,"sego sambel teri, es teh",22000,12500,Sukses,12500,GoFood,https://gofood.co.id/malang/restaurant/pondok-kopi-sambel-teri-bumiaji-7feab647-e951-4be9-be0f-ca35d1b99eb7
224,Kedai Sego Gurih Iwak Ingkung Junggo Batu,4.6,640,Wisata Umum,-7.8005154,112.5256272,https://www.google.com/maps/place/Kedai+Sego+Gurih+Iwak+Ingkung+Junggo+Batu/data=!4m7!3m6!1s0x2e787e81eea08ef1:0x327a1debf6c17623!8m2!3d-7.8005154!4d112.5256272!16s%2Fg%2F11b6zwl5ms!19sChIJ8Y6g7oF-eC4RI3bB9usdejI?authuser=0&hl=id&rclk=1,Teh Manis Es/Hot,5000,Bebek Utuh Goreng,90000,11000,Sukses,11000,GoFood,https://gofood.co.id/en/yogyakarta/restaurant/ingkung-bakar-sego-gurih-sekaten-prawirodirjan-d85774d8-663f-4941-a49a-38a4ce95baf2
225,Warung Watu Gedhek,4.4,358,Warung Watu Gedhek,-7.8201184,112.5235524,https://www.google.com/maps/place/Warung+Watu+Gedhek/data=!4m7!3m6!1s0x2e787dd8ad4c2633:0x93d98234a4fef93d!8m2!3d-7.8201184!4d112.5235524!16s%2Fg%2F11g6j76t4r!19sChIJMyZMrdh9eC4RPfn-pDSC2ZM?authuser=0&hl=id&rclk=1,Teh dg aroma melati bisa dingin/panas,5000,pedasnya bisa request,31000,11000,Sukses,11000,GoFood,https://gofood.co.id/malang/restaurant/gudeg-watu-gedhe-oro-oro-dowo-8d369337-292c-40f0-9ff4-0457f77db8c1
226,Warung Mbok D'Jess,4.8,26,Warung Mbok D'Jess,-7.8470968,112.5226348,https://www.google.com/maps/place/Warung+Mbok+D%27Jess/data=!4m7!3m6!1s0x2e7887ca0c51916d:0x8e28c463f2b09af8!8m2!3d-7.8470968!4d112.5226348!16s%2Fg%2F11nsvft8_6!19sChIJbZFRDMqHeC4R-Jqw8mPEKI4?authuser=0&hl=id&rclk=1,Teh Telang + Jeruk Lemon,10000,Nasi + Bebek Goreng + Sambal + Garnish,27500,12000,Sukses,12000,GoFood,https://gofood.co.id/malang/restaurant/warung-mbok-djess-5c98ab8e-36ad-4bee-9b46-ca7fb58cf408
227,Warung Jawa Sohibul Barokah,4.5,48,Warung Jawa Sohibul Barokah,-7.8297165,112.5295418,https://www.google.com/maps/place/Warung+Jawa+Sohibul+Barokah/data=!4m7!3m6!1s0x2e787e0be30075e9:0x1c3a56588a23ca2f!8m2!3d-7.8297165!4d112.5295418!16s%2Fg%2F11f1c59hyd!19sChIJ6XUA4wt-eC4RL8ojilhWOhw?authuser=0&hl=id&rclk=1,Es Joshua,8000,Seblak,19000,15000,Sukses,15000,GoFood,https://gofood.co.id/malang/restaurant/warung-barokah-malang-58d224e9-0d71-4dc8-afda-87889436ff8c
228,The painu Coffee and Eatery,4.7,263,Wisata Umum,-7.8022278,112.5223421,https://www.google.com/maps/place/The+painu+Coffee+and+Eatery/data=!4m7!3m6!1s0x2e787d67900f3b85:0x3f2e33c9213040f5!8m2!3d-7.8022278!4d112.5223421!16s%2Fg%2F11q4332_m_!19sChIJhTsPkGd9eC4R9UAwIckzLj8?authuser=0&hl=id&rclk=1,Telur Mata Sapi,6050,2 Es Kopi Susu Pak Lurah Gratis 1 Es Kopi Susu Coconut,39600,24200,Sukses,24200,GoFood,https://gofood.co.id/malang/restaurant/balai-kopi-malang-coffee-eatery-dewandaru-f210f453-903c-4399-a67c-741c32db4061
229,Warung Bu Wit Soto Daging,4.6,270,Warung Bu Wit Soto Daging,-7.8457338,112.5231041,https://www.google.com/maps/place/Warung+Bu+Wit+Soto+Daging/data=!4m7!3m6!1s0x2e788755677827d5:0x3e334513f071b002!8m2!3d-7.8457338!4d112.5231041!16s%2Fg%2F11g871q7cd!19sChIJ1Sd4Z1WHeC4RArBx8BNFMz4?authuser=0&hl=id&rclk=1,"Nasi, ati, rempla, tahu, lalapan",14900,"Nasi, ayam gulai, sayur",17000,16000,Sukses,16000,GoFood,https://gofood.co.id/malang/restaurant/warung-bu-wit-kedungkandang-337d9eca-9e79-4899-a8ef-e058e9e02932
230,Warung Biru Lesti,4.8,121,Warung Biru Lesti,-7.8659723,112.5211638,https://www.google.com/maps/place/Warung+Biru+Lesti/data=!4m7!3m6!1s0x2e78873639744a25:0x4d23b690208df681!8m2!3d-7.8659723!4d112.5211638!16s%2Fg%2F11gtzpx5rn!19sChIJJUp0OTaHeC4RgfaNIJC2I00?authuser=0&hl=id&rclk=1,Es Teh,5000,"nasi , ayam goreng dengan taburan kres , tahu , tempe , terong , lalapan , krupuk bisa sambal bawang atau sambal ijo",16000,15000,Sukses,15000,GoFood,https://gofood.co.id/malang/restaurant/warung-biru-lesti-batu-264a0085-010b-493d-80dd-3de44359f14e
231,Sitangsu Cafe,4.5,276,Wisata Umum,-7.8412278,112.527924,https://www.google.com/maps/place/Sitangsu+Cafe/data=!4m7!3m6!1s0x2e787e0121802ef5:0x7a85c41976a28940!8m2!3d-7.8412278!4d112.527924!16s%2Fg%2F11b6rz2_9v!19sChIJ9S6AIQF-eC4RQImidhnEhXo?authuser=0&hl=id&rclk=1,Onion Ring,16500,Nasi + Bebek Goreng Kering Disajikan Bersama Sambal Matah,44000,27000,Sukses,27000,GoFood,https://gofood.co.id/malang/restaurant/sitangsu-caf-batu-2f3b5158-07df-47dd-a23a-cacacb1be0f9
232,Warung Mak Jum,4.4,28,Warung Mak Jum,-7.837077,112.534156,https://www.google.com/maps/place/Warung+Mak+Jum/data=!4m7!3m6!1s0x2e787e050326ab0f:0xea0686f67dd6a828!8m2!3d-7.837077!4d112.534156!16s%2Fg%2F11b6ybs06h!19sChIJD6smAwV-eC4RKKjWffaGBuo?authuser=0&hl=id&rclk=1,Rice Bowl Ayam Koloke,13000,Nasi + Ayam Geprek + Sambal,13000,13000,Sukses,13000,GoFood,https://gofood.co.id/malang/restaurant/warung-mak-jum-c1218d96-0e59-45a5-a563-a2e996f4a42f
233,Warung Berkah,4.5,85,Warung Berkah,-7.8473204,112.5226064,https://www.google.com/maps/place/Warung+Berkah/data=!4m7!3m6!1s0x2e788755113ac70f:0x4cd4ddde5db8f718!8m2!3d-7.8473204!4d112.5226064!16s%2Fg%2F11gczsb55b!19sChIJD8c6EVWHeC4RGPe4Xd7d1Ew?authuser=0&hl=id&rclk=1,Nasi+Jamur+Lalapan+Sambal+Kol Goreng,12500,Nasi+Bandeng+tempe+Lalapan Sambel+Kol Goreng,16500,15000,Sukses,15000,GoFood,https://gofood.co.id/malang/restaurant/warung-berkah-3b2a81bc-d7f1-4248-aa49-63706f0a74f0
234,Warung Djitoe,4.8,23,Warung Djitoe,-7.8579114,112.5376991,https://www.google.com/maps/place/Warung+Djitoe/data=!4m7!3m6!1s0x2e788124832a2b6f:0x82cf1a43f04e88e2!8m2!3d-7.8579114!4d112.5376991!16s%2Fg%2F11jybq59wf!19sChIJbysqgySBeC4R4ohO8EMaz4I?authuser=0&hl=id&rclk=1,Kwetiaw,26000,Tofu + Enoki + Telur,27000,27000,Sukses,27000,GoFood,https://gofood.co.id/malang/restaurant/warung-djitoe-dau-4e9c5fcf-acf8-4692-9cc0-561c9b65b51d
235,Susy Catering,4.9,61,Wisata Umum,-7.8408927,112.5301665,https://www.google.com/maps/place/Susy+Catering/data=!4m7!3m6!1s0x2e7880d7d956dab5:0xb19b4adb32345333!8m2!3d-7.8408927!4d112.5301665!16s%2Fg%2F11cs5w9t7k!19sChIJtdpW2deAeC4RM1M0MttKm7E?authuser=0&hl=id&rclk=1,Ayam Sadek Sambel Bawang +Nasi,22000,Ayam Sadek Frozen (1 Ekor)+ Sambel Bajak,72500,22500,Sukses,22500,GoFood,https://gofood.co.id/malang/restaurant/susi-kitchen-malang-ee65ff56-98a1-4fb4-bd73-386efa18c0f8
236,Warung Bu Ngawe,4.8,21,Warung Bu Ngawe,-7.8363457,112.5273325,https://www.google.com/maps/place/Warung+Bu+Ngawe/data=!4m7!3m6!1s0x2e787e0638fd0561:0x4cd6561357464e83!8m2!3d-7.8363457!4d112.5273325!16s%2Fg%2F11b6zrxb1y!19sChIJYQX9OAZ-eC4Rg05GVxNW1kw?authuser=0&hl=id&rclk=1,Green Tea,9000,Kopi + Susu + Sirup Melon,11000,10500,Sukses,10500,GoFood,https://gofood.co.id/malang/restaurant/warung-bu-ngawe-niki-kopi-a03d7662-8899-4db5-96a9-65e54eaf3c63
237,Warung Buk Sum,4.7,128,Warung Buk Sum,-7.7786119,112.5270735,https://www.google.com/maps/place/Warung+Buk+Sum/data=!4m7!3m6!1s0x2e787ea72f4b878d:0x30d9b81e07f095dc!8m2!3d-7.7786119!4d112.5270735!16s%2Fg%2F11hc_8j__0!19sChIJjYdLL6d-eC4R3JXwBx642TA?authuser=0&hl=id&rclk=1,Nasi Putih,5000,Nasi + Sambal Bawang + Ayam Goreng + Kremesan Krispi + Tempe Goreng,21000,5500,Sukses,5500,GoFood,https://gofood.co.id/malang/restaurant/warung-makan-buk-sum-batu-10e083ed-5d32-4b87-a3ed-2432e26b2886
238,Warung Taker Wareg,4.8,128,Warung Taker Wareg,-7.8204058,112.5240965,https://www.google.com/maps/place/Warung+Taker+Wareg/data=!4m7!3m6!1s0x2e787daba219cc97:0xda99f57c2df499a!8m2!3d-7.8204058!4d112.5240965!16s%2Fg%2F11j0xp5xn_!19sChIJl8wZoqt9eC4RmknfwlefqQ0?authuser=0&hl=id&rclk=1,Hangat / Dingin,5000,Cwi Mie + PB. 1 + Somay 1,22500,12750,Sukses,12750,GoFood,https://gofood.co.id/malang/restaurant/warung-taker-wareg-kota-batu-5f50c3b8-f1bc-4920-a6c8-4dd12b84cc7d
239,Ayam laos,4.5,135,Wisata Umum,-7.8352211,112.5264486,https://www.google.com/maps/place/Ayam+laos/data=!4m7!3m6!1s0x2e787e07d8beb24d:0x3a175942e52773c3!8m2!3d-7.8352211!4d112.5264486!16s%2Fg%2F11csqc5tjc!19sChIJTbK-2Ad-eC4Rw3Mn5UJZFzo?authuser=0&hl=id&rclk=1,Es Teh,6000,2 Nasi + 1 Ayam Laos Paha Atas + 1 Ayam Geprek + 2 Es Teh,43800,14800,Sukses,14800,GoFood,https://gofood.co.id/malang/restaurant/ayam-laos-geprek-malang-candi-3-c5c20974-ca21-4f9d-b538-9ae4d0463df8
240,d'jebrax Cafe & Warung,4.6,146,d'jebrax Cafe & Warung,-7.8096052,112.5278464,https://www.google.com/maps/place/d%27jebrax+Cafe+%26+Warung/data=!4m7!3m6!1s0x2e787fb5f45957e3:0xf27aa263827fb39b!8m2!3d-7.8096052!4d112.5278464!16s%2Fg%2F11sx6w3kn7!19sChIJ41dZ9LV_eC4Rm7N_gmOievI?authuser=0&hl=id&rclk=1,Indomie Goreng,10000,Nasi + Iga Bakar + Sambel,35000,22000,Sukses,22000,GoFood,https://gofood.co.id/malang/restaurant/d-jebrax-cafe-dan-warung-tulungrejo-bumiaji-kota-batu-03e9ef9c-f7da-4d00-9ef6-35ec44b441fc
241,Bakso Anda Punten,4.3,543,Wisata Umum,-7.8303557,112.5244848,https://www.google.com/maps/place/Bakso+Anda+Punten/data=!4m7!3m6!1s0x2e787de200a28925:0x70a1dcbfb94d6152!8m2!3d-7.8303557!4d112.5244848!16s%2Fg%2F11cksgw5hr!19sChIJJYmiAOJ9eC4RUmFNub_coXA?authuser=0&hl=id&rclk=1,Pentol Sedang,7000,Bakso Dengan Isian Pentol Cincang + Sambal Disiram Sambal Dengan Olahan Rasa Khas Bakso Anda Dijamin Nagih !!,25000,15000,Sukses,15000,GoFood,https://gofood.co.id/malang/restaurant/bakso-anda-punten-depan-barokah-bf8d7c9b-16ae-40c5-849c-56694094128a
242,Soto Daging (Abah Paidi),5.0,23,Wisata Umum,-7.7839654,112.5250291,https://www.google.com/maps/place/Soto+Daging+%28Abah+Paidi%29/data=!4m7!3m6!1s0x2e787fdf7a0adf6f:0x655db69154e78442!8m2!3d-7.7839654!4d112.5250291!16s%2Fg%2F11nmnlj723!19sChIJb98Ket9_eC4RQoTnVJG2XWU?authuser=0&hl=id&rclk=1,Telor Asin (Per Butir),5000,Soto Iga,50000,7000,Sukses,7000,GoFood,https://gofood.co.id/surabaya/restaurant/soto-daging-abah-roni-11bbb6d1-81a1-4cbe-ac6d-5f8573f09f18?ot=eyJtZXJjaGFudF9pZCI6ImZkMGNmZWFjLTFkMzItNGMyYi1hODlkLTQwMDI5ZTIxMWQ5YSIsInVzZXJfaWQiOiIwIiwiZXhwaXJ5X3RpbWVfZXBvY2giOjE3NDkzMTkxNDUsImRlbGl2ZXJ5X3ByaWNlIjo0NTAwLCJwYXJraW5nX2ZlZSI6MCwiZXRhX2J1ZmZlcl9taW5zIjo3LCJjdXN0b21lcl9sb2NhdGlvbiI6Ii02LjE4MjMxMywxMDYuODM2NDY0NiJ9.of8OI+eiXI1jLFaTaNMvfdu4+VbCNS78UGnH9Z8RjAU%3D
243,"Warung ""Kawi""",4.4,62,"Warung ""Kawi""",-8.1312118,112.5685877,https://www.google.com/maps/place/Warung+%22Kawi%22/data=!4m7!3m6!1s0x2e789f010fb770e1:0x1ed24d1b277185b3!8m2!3d-8.1312118!4d112.5685877!16s%2Fg%2F1hm4fmkpd!19sChIJ4XC3DwGfeC4Rs4VxJxtN0h4?authuser=0&hl=id&rclk=1,Tahu Bumbu Bali,5000,Untuk 2 Porsi,20000,16500,Sukses,16500,GoFood,https://gofood.co.id/malang/restaurant/warung-kawi-sore-kepanjen-9ba53a5b-684f-4dd0-8ad7-8ee9081a9f5b
244,waroeng jagoan,4.4,493,Wisata Umum,-8.1445484,112.5613085,https://www.google.com/maps/place/waroeng+jagoan/data=!4m7!3m6!1s0x2e789fc27f89661b:0xeba046209505a798!8m2!3d-8.1445484!4d112.5613085!16s%2Fg%2F11l6v435w2!19sChIJG2aJf8KfeC4RmKcFlSBGoOs?authuser=0&hl=id&rclk=1,es teh manis,5200,"Seblak SeafoodSeblak dengan isian: chikuwa, dumpling keju, sosis ayam, kembang cumi, ekor udang, crabstick, bakso ikan, makroni, kerupuk, sawi, enoki",33000,18000,Sukses,18000,GoFood,https://gofood.co.id/id/malang/restaurant/waroeng-jagoan-2-jendral-sudirman-fa06bef5-1d17-4d32-983d-203a00ca5aa2
245,Dappur Lekoh,4.4,65,Wisata Umum,-8.1277137,112.5666404,https://www.google.com/maps/place/Dappur+Lekoh/data=!4m7!3m6!1s0x2e789ffdcb78105d:0x81cce34f1bccae87!8m2!3d-8.1277137!4d112.5666404!16s%2Fg%2F11qv69l7gc!19sChIJXRB4y_2feC4Rh67MG0_jzIE?authuser=0&hl=id&rclk=1,Jeruk Buah Bukan Nutrisatri,5000,Nasi Pecel 10 Porsi,125000,15000,Sukses,15000,GoFood,https://gofood.co.id/malang/restaurant/dapur-lekoh-kepanjen-2b96c0e0-4c7b-49bb-8a81-8f6e46c91bfe
246,Mr. Mac Resto,4.0,299,Wisata Umum,-8.1311039,112.5674435,https://www.google.com/maps/place/Mr.+Mac+Resto/data=!4m7!3m6!1s0x2e789f0174825349:0x95cdad7a7199d01e!8m2!3d-8.1311039!4d112.5674435!16s%2Fg%2F11dfpfq2zk!19sChIJSVOCdAGfeC4RHtCZcXqtzZU?authuser=0&hl=id&rclk=1,Sundae Choco Caviar,14500,Sup Buntut Disajikan Dengan Nasi Hangat,62000,26050,Sukses,26050,GoFood,https://gofood.co.id/malang/restaurant/mr-mac-resto-gofood-festival-malang-city-point-b78c0775-5d87-4408-b0d5-665cf8281b77
247,Poskoffie,4.5,2609,Wisata Umum,-8.1397453,112.5714527,https://www.google.com/maps/place/Poskoffie/data=!4m7!3m6!1s0x2e789f08009bb6e9:0xcfba79a936beac05!8m2!3d-8.1397453!4d112.5714527!16s%2Fg%2F11b6dhz7_f!19sChIJ6babAAifeC4RBay-Nql5us8?authuser=0&hl=id&rclk=1,HOT TEA,10000,NASI RAWON SPESIAL,59000,25000,Sukses,25000,GoFood,https://gofood.co.id/malang/restaurant/poskoffie-a480ae3a-c250-43cc-b1a2-c3137fb9d845
248,Warung Cak Deg Kepanjen,4.8,22,Warung Cak Deg Kepanjen,-8.1306459,112.5634949,https://www.google.com/maps/place/Warung+Cak+Deg+Kepanjen/data=!4m7!3m6!1s0x2e789f4948474ae7:0x167f1654ea50a440!8m2!3d-8.1306459!4d112.5634949!16s%2Fg%2F11vcbgcwc2!19sChIJ50pHSEmfeC4RQKRQ6lQWfxY?authuser=0&hl=id&rclk=1,Sambal Bawang,5000,Nasi Ayam Goreng Jumbo + Tahu Tempe Terong,28000,17000,Sukses,17000,GoFood,https://gofood.co.id/malang/restaurant/warung-cak-deg-kepanjen-6572ae94-390e-4293-acf1-5fdc6307197d
249,GURAMI BAKAR Cak Riyanto,4.3,956,Wisata Umum,-8.130594,112.5560114,https://www.google.com/maps/place/GURAMI+BAKAR+Cak+Riyanto/data=!4m7!3m6!1s0x2e789f1dbf0c7427:0x417cf47bcf47351c!8m2!3d-8.130594!4d112.5560114!16s%2Fg%2F11b6vdq01g!19sChIJJ3QMvx2feC4RHDVHz3v0fEE?authuser=0&hl=id&rclk=1,Sambel+Selar Goreng+Lalapan,17000,Nasi+Dorang Goreng+Sambel,48000,29500,Sukses,29500,GoFood,https://gofood.co.id/malang/restaurant/gurami-bakar-kepanjen-malang-ffb14fe8-5a10-49f6-81d2-3a9c643092d6
250,Warung Bu Mira,4.8,26,Warung Bu Mira,-8.1544519,112.55554,https://www.google.com/maps/place/Warung+Bu+Mira/data=!4m7!3m6!1s0x2e789f6c1e40d74d:0xcd7eddf8c51b0cee!8m2!3d-8.1544519!4d112.55554!16s%2Fg%2F11b6xf53lk!19sChIJTddAHmyfeC4R7gwbxfjdfs0?authuser=0&hl=id&rclk=1,Nasi putih,5000,Nasi lalapan ayam goreng + tempe + es teh,28600,17600,Sukses,17600,GoFood,https://gofood.co.id/malang/restaurant/warung-mira-cabang-bareng-blimbing-60d7ba20-fd88-4e21-8015-dfc78677b2ce
251,Warung Udin,4.1,385,Warung Udin,-8.1329782,112.5721467,https://www.google.com/maps/place/Warung+Udin/data=!4m7!3m6!1s0x2e789faa0055ea05:0xa9824818fc815cb!8m2!3d-8.1329782!4d112.5721467!16s%2Fg%2F126107kbh!19sChIJBepVAKqfeC4RyxXIj4EkmAo?authuser=0&hl=id&rclk=1,JUICE MELON,9000,Nasi + Lele Bakar + Tahu/Tempe + Lalapan + Sambal,20000,13000,Sukses,13000,GoFood,https://gofood.co.id/malang/restaurant/warung-lamongan-cak-udin-1c2d315c-2cd3-4c7d-b291-de6ab19e555c
252,Cwie Mie Pelita Kuliner Kepanjen,4.6,39,Wisata Umum,-8.1311866,112.5674496,https://www.google.com/maps/place/Cwie+Mie+Pelita+Kuliner+Kepanjen/data=!4m7!3m6!1s0x2e789f4a7f979c4f:0xd08c0733bbc945a9!8m2!3d-8.1311866!4d112.5674496!16s%2Fg%2F11tnjtntgx!19sChIJT5yXf0qfeC4RqUXJuzMHjNA?authuser=0&hl=id&rclk=1,Kopi Hitam Panas,5000,Isi 6,25000,16500,Sukses,16500,GoFood,https://gofood.co.id/malang/restaurant/cwie-mie-pelita-perumahan-pelita-fba4447b-40fa-432a-8e49-153e2355727c
253,Family Resto,4.4,36,Restoran · Jl. Effendi No.12,-8.1300721,112.5707893,https://www.google.com/maps/place/Family+Resto/data=!4m7!3m6!1s0x2e789f0067d9aae3:0x63019457c0224821!8m2!3d-8.1300721!4d112.5707893!16s%2Fg%2F11dfxgzkdn!19sChIJ46rZZwCfeC4RIUgiwFeUAWM?authuser=0&hl=id&rclk=1,AQUA,6000,Ayam Kampung Kremes 1 Ekor,107000,30000,Sukses,30000,GoFood,https://gofood.co.id/malang/restaurant/family-resto-efendi-effendi-kepanjen-ca98d476-6f27-478d-a744-4afa6e72db90
254,Warung Pojok Sate Gule,4.5,224,Warung Pojok Sate Gule,-8.1331519,112.572507,https://www.google.com/maps/place/Warung+Pojok+Sate+Gule/data=!4m7!3m6!1s0x2e789fa9ff5a5cb1:0xaf52e9f2663bdd56!8m2!3d-8.1331519!4d112.572507!16s%2Fg%2F11b6dqcllm!19sChIJsVxa_6mfeC4RVt07ZvLpUq8?authuser=0&hl=id&rclk=1,Es Jeruk Manis,8000,Bakso Tumpeng +tahu+mie+goreng,18000,15000,Sukses,15000,GoFood,https://gofood.co.id/malang/restaurant/warung-pojok-42c351a4-6a4a-44ac-904e-ec61e6ab523c
255,"WARUNG GIWANGAN ""NASI PADANG""",4.5,257,"WARUNG GIWANGAN ""NASI PADANG""",-8.1305314,112.566788,https://www.google.com/maps/place/WARUNG+GIWANGAN+%22NASI+PADANG%22/data=!4m7!3m6!1s0x2e789f0183941ff1:0x70bcbda5932e5da2!8m2!3d-8.1305314!4d112.566788!16s%2Fg%2F11b6vf67sw!19sChIJ8R-UgwGfeC4Rol0uk6W9vHA?authuser=0&hl=id&rclk=1,Nasi Putih,5000,Nasi lengkap plus lauk rendang,20000,12500,Sukses,12500,GoFood,https://gofood.co.id/malang/restaurant/warung-padang-giwangan-jaya-kepanjen-9a942f30-73b6-42a4-852d-7046b9d4a21b
256,Nasi Pecel Pak Dipo Tulungagung,4.3,94,Wisata Umum,-8.1342274,112.5735886,https://www.google.com/maps/place/Nasi+Pecel+Pak+Dipo+Tulungagung/data=!4m7!3m6!1s0x2e789fa9eac3b799:0x7bb259376b0f1513!8m2!3d-8.1342274!4d112.5735886!16s%2Fg%2F11gf41ty2m!19sChIJmbfD6qmfeC4RExUPazdZsns?authuser=0&hl=id&rclk=1,Telor Ceplok,5000,Nasi Pecel + Empal Daging + Peyek + Tempe / Tahu,26500,16000,Sukses,16000,GoFood,https://gofood.co.id/malang/restaurant/nasi-pecel-pak-dipo-469806d0-77b2-4500-a79c-bfddfd330116?ot=eyJtZXJjaGFudF9pZCI6ImE2ODFmZDAzLTQzYjgtNDg4YS1iMWIzLTFmNTMwYTZjNzM3OSIsInVzZXJfaWQiOiIwIiwiZXhwaXJ5X3RpbWVfZXBvY2giOjE3MzUwODQxMTUsImRlbGl2ZXJ5X3ByaWNlIjoxMDAwLCJwYXJraW5nX2ZlZSI6MCwiZXRhX2J1ZmZlcl9taW5zIjo3LCJjdXN0b21lcl9sb2NhdGlvbiI6Ii02LjE4MjMxMywxMDYuODM2NDY0NiJ9.aVFTM8gF7e83UNrDjguOyUyYeSOSrf5wJwH9hooP33M%3D
257,Chickmi Kepanjen,3.8,82,Wisata Umum,-8.131227,112.5677406,https://www.google.com/maps/place/Chickmi+Kepanjen/data=!4m7!3m6!1s0x2e789f0b042192e1:0x5764376be20f030b!8m2!3d-8.131227!4d112.5677406!16s%2Fg%2F11kl4s4d8q!19sChIJ4ZIhBAufeC4RCwMP4ms3ZFc?authuser=0&hl=id&rclk=1,Sosis Goreng,17999,Chicken Popcorn/Chicken Fillet + Chicken Ball + Chicken Nugget + Mini Pangsit,85000,22999,Sukses,22999,GoFood,https://gofood.co.id/malang/restaurant/chickmi-kepanjen-8021ef74-1866-4e77-a1ef-4b91c39a4ea6
258,"""PARIS DAKAR"" MASAKAN PADANG",4.1,331,Wisata Umum,-8.1313847,112.5685851,https://www.google.com/maps/place/%22PARIS+DAKAR%22+MASAKAN+PADANG/data=!4m7!3m6!1s0x2e789f0109acee57:0x2f7a7d660a2e9bae!8m2!3d-8.1313847!4d112.5685851!16s%2Fg%2F1hm1w1nmt!19sChIJV-6sCQGfeC4RrpsuCmZ9ei8?authuser=0&hl=id&rclk=1,Es kopi,7000,Nasi kikil,28000,20000,Sukses,20000,GoFood,https://gofood.co.id/malang/restaurant/masakan-padang-paris-dakar-92972ace-d140-433c-a62f-3e96c460667d
259,Warung Makan Ikan Gurame Bakar Sumber Rejeki,4.3,1045,Wisata Umum,-8.1364663,112.5544016,https://www.google.com/maps/place/Warung+Makan+Ikan+Gurame+Bakar+Sumber+Rejeki/data=!4m7!3m6!1s0x2e789f1bd8d03341:0xd4f91eb694e6ce5c!8m2!3d-8.1364663!4d112.5544016!16s%2Fg%2F11c0ps0fvb!19sChIJQTPQ2BufeC4RXM7mlLYe-dQ?authuser=0&hl=id&rclk=1,LALAPAN LELE,13000,NASI+MUJAER+SAMBEL+LALAPAN,15000,15000,Sukses,15000,GoFood,https://gofood.co.id/malang/restaurant/warung-sumber-rejeki-610b7321-b42c-4104-a3dd-bb1c6a6fb917
260,Q5 STEAK KEPANJEN,4.4,320,Wisata Umum,-8.1324535,112.5715107,https://www.google.com/maps/place/Q5+STEAK+KEPANJEN/data=!4m7!3m6!1s0x2e789f6e4e9b07eb:0xed7fda0118e1f21b!8m2!3d-8.1324535!4d112.5715107!16s%2Fg%2F11pqd8myqh!19sChIJ6webTm6feC4RG_LhGAHaf-0?authuser=0&hl=id&rclk=1,extra Saos,6000,extra Saos,6000,6000,Sukses,6000,GoFood,https://gofood.co.id/malang/restaurant/q5-steak-and-bowl-kepanjen-malang-83387d28-b5c4-426e-b30c-1f03d08b4d88
261,Warung SEGAR 58,4.1,51,Warung SEGAR 58,-8.1470477,112.5708963,https://www.google.com/maps/place/Warung+SEGAR+58/data=!4m7!3m6!1s0x2e789f0abe1e2199:0x75c954fc5b2aa046!8m2!3d-8.1470477!4d112.5708963!16s%2Fg%2F11f03x18hn!19sChIJmSEevgqfeC4RRqAqW_xUyXU?authuser=0&hl=id&rclk=1,Es Jeruk,6000,"Bakso Daging Sapi, Ukuran Tanggung (1 Pak Isi 25 Biji)",115000,25000,Sukses,25000,GoFood,https://gofood.co.id/malang/restaurant/bakso-beranak-segar-58-kepanjen-malang-60bbde07-0688-4cfa-b0bd-035b3e3f7b10
262,Nasi Goreng CAKGIK KUD Kepanjen,4.5,23,Wisata Umum,-8.1460138,112.5686954,https://www.google.com/maps/place/Nasi+Goreng+CAKGIK+KUD+Kepanjen/data=!4m7!3m6!1s0x2e789fc43637f06d:0xa7e6ed67703ff080!8m2!3d-8.1460138!4d112.5686954!16s%2Fg%2F11f6xz4d12!19sChIJbfA3NsSfeC4RgPA_cGft5qc?authuser=0&hl=id&rclk=1,Telor Mata Sapi,5000,5 Porsi Nasi Goreng K59,76250,16500,Sukses,16500,GoFood,https://gofood.co.id/malang/restaurant/nasi-goreng-goyang-wajan-kepanjen-3859e6f6-b3e2-468a-b11e-742f06e079f2
263,KISARASA Restaurant,5.0,82,Wisata Umum,-8.1499055,112.5667518,https://www.google.com/maps/place/KISARASA+Restaurant/data=!4m7!3m6!1s0x2e789fb9a8c9320f:0x9d3f35d0a4b4a04!8m2!3d-8.1499055!4d112.5667518!16s%2Fg%2F11xm5cnty3!19sChIJDzLJqLmfeC4RBEpLCl3z0wk?authuser=0&hl=id&rclk=1,"Wonton chili oil isi 5 pcs, bumbu bisa dicampur atau dipisah",14000,Dimsum Mentai Isi 16 Pcs Free Chili Oil,81000,16500,Sukses,16500,GoFood,https://gofood.co.id/malang/restaurant/kirasa-food-0345bd63-79c0-4404-8339-73e798c9aeb9
264,Wisata Pemancingan Dan Warung Makan Keluarga,4.2,90,Restoran · VH73+MQ3,-8.1358588,112.5544071,https://www.google.com/maps/place/Wisata+Pemancingan+Dan+Warung+Makan+Keluarga/data=!4m7!3m6!1s0x2e789fede18fb943:0x54929496ff779afe!8m2!3d-8.1358588!4d112.5544071!16s%2Fg%2F11gjxtb0n6!19sChIJQ7mP4e2feC4R_pp3_5aUklQ?authuser=0&hl=id&rclk=1,Nasi 1 Porsi,5000,Gurami Bakar Merah Besar,70000,25000,Sukses,25000,GoFood,https://gofood.co.id/id/malang/restaurant/mabuk-mancing-fishing-resto-kedungkandang-6daa75b3-b484-4db8-bbf6-def1f8898c30
265,Papringan Coffee & Food,3.9,774,Wisata Umum,-8.116538,112.5676345,https://www.google.com/maps/place/Papringan+Coffee+%26+Food/data=!4m7!3m6!1s0x2e789ef715f22e3d:0xf49c452fae79a37e!8m2!3d-8.116538!4d112.5676345!16s%2Fg%2F11c467rts1!19sChIJPS7yFfeeeC4RfqN5ri9FnPQ?authuser=0&hl=id&rclk=1,Es Teh,5000,Mohon pilih salah satu sambal : Sambal Tomat / Sambal Bawang,26500,14500,Sukses,14500,GoFood,https://gofood.co.id/malang/restaurant/papringan-cafe-resto-kepanjen-8c03e6f6-76ae-4d56-8530-69bda0259f33
266,Seafood Sinyonya,4.4,367,Wisata Umum,-8.1185263,112.5708405,https://www.google.com/maps/place/Seafood+Sinyonya/data=!4m7!3m6!1s0x2e789fe3d26253bd:0x9707508043647c33!8m2!3d-8.1185263!4d112.5708405!16s%2Fg%2F11fsb513pj!19sChIJvVNi0uOfeC4RM3xkQ4BQB5c?authuser=0&hl=id&rclk=1,Air Mineral Biasa,5000,3 Lobster+ Kerang Mix 450g + Cumi + Udang+ Jagung+ Sosis (Pilihan Saus : Spesial Sinyonya/Lada Hitam (Blackpaper)/Padang),250000,19500,Sukses,19500,GoFood,https://gofood.co.id/malang/restaurant/seafood-sinyonya-kepanjen-45aa119e-17cc-4878-9c5c-61fd6875868f
267,Warung Mak Roes,4.3,25,Warung Mak Roes,-8.127963,112.5711009,https://www.google.com/maps/place/Warung+Mak+Roes/data=!4m7!3m6!1s0x2e789effe245e5b5:0x23b2eb7082f5d6de!8m2!3d-8.127963!4d112.5711009!16s%2Fg%2F11f_j8ltv8!19sChIJteVF4v-eeC4R3tb1gnDrsiM?authuser=0&hl=id&rclk=1,Air Mineral,8000,"Nasi Hangat Di Hidangkan Dengan Tahu Tempe Terong Goreng, Bayam Kulup, Timun, Ikan Asin, Sambal Tempong Dan Belut Goreng",52000,33000,Sukses,33000,GoFood,https://gofood.co.id/malang/restaurant/nasi-tempong-mak-ros-malang-jl-arif-margono-no-31-klojen-fb1a6519-0e8a-47f6-a1ee-ba7333b63862
268,Markatam Kepanjen,4.8,344,Wisata Umum,-8.1246954,112.5726057,https://www.google.com/maps/place/Markatam+Kepanjen/data=!4m7!3m6!1s0x2e789f7e818b6c09:0xafa102b4b2de4dba!8m2!3d-8.1246954!4d112.5726057!16s%2Fg%2F11x6j66nfk!19sChIJCWyLgX6feC4Ruk3esrQCoa8?authuser=0&hl=id&rclk=1,Nasi Putih,5000,Spaghetti Carbonara,15000,10000,Sukses,10000,GoFood,https://gofood.co.id/malang/restaurant/markatam-kepanjen-b1fa0f7a-b1ef-4f7b-8236-69552d54bee7
269,Dapur Protiga,4.3,586,Wisata Umum,-8.1336648,112.5742188,https://www.google.com/maps/place/Dapur+Protiga/data=!4m7!3m6!1s0x2e789fa98e59daf7:0xe58d201459514db8!8m2!3d-8.1336648!4d112.5742188!16s%2Fg%2F11b6nxtn3l!19sChIJ99pZjqmfeC4RuE1RWRQgjeU?authuser=0&hl=id&rclk=1,Telur Dadar / Mata Sapi,6000,Daging Buntut Yang Diolah Dengan Kuah Sup Yg Segar Lengkap Dengan Banyak Kondimen,102000,34200,Sukses,34200,GoFood,https://gofood.co.id/malang/restaurant/dapur-protiga-penarukan-2c837384-fa55-4f24-91ed-dd69b0beb0f4
270,Warung Fadhillah,4.7,20,Warung Fadhillah,-8.1173293,112.5678813,https://www.google.com/maps/place/Warung+Fadhillah/data=!4m7!3m6!1s0x2e789ef768915dc1:0x838d94ce9552e2ab!8m2!3d-8.1173293!4d112.5678813!16s%2Fg%2F11b6p9x41r!19sChIJwV2RaPeeeC4Rq-JSlc6UjYM?authuser=0&hl=id&rclk=1,Hanya Nasi Putih Saja,5000,Nasi+Ikan Mujair Goreng+Lalapan+Sambal,13500,10500,Sukses,10500,GoFood,https://gofood.co.id/malang/restaurant/warung-fadilah-lowokwaru-b023489b-82a7-4f23-bdd0-bdd50d31f656
271,Bebek Goreng Mbak Lik Kepanjen,4.4,199,Wisata Umum,-8.1266286,112.5717133,https://www.google.com/maps/place/Bebek+Goreng+Mbak+Lik+Kepanjen/data=!4m7!3m6!1s0x2e789fa6b9eacb9f:0xd208e1ccf6dc3cf5!8m2!3d-8.1266286!4d112.5717133!16s%2Fg%2F11g0jdj_vs!19sChIJn8vquaafeC4R9Tzc9szhCNI?authuser=0&hl=id&rclk=1,Teh Hangat,6000,Gurami Bakar (Tanpa Nasi) + Sambal + Lalapan,65999,30599,Sukses,30599,GoFood,https://gofood.co.id/malang/restaurant/lalapan-mbak-lik-2f03308f-3aa9-4448-8267-e163861e2d34
272,Warung Sederhano,4.5,51,Warung Sederhano,-8.1106182,112.5768301,https://www.google.com/maps/place/Warung+Sederhano/data=!4m7!3m6!1s0x2e789e5e92be80f3:0x3c6a0bdf0dc84d85!8m2!3d-8.1106182!4d112.5768301!16s%2Fg%2F1hm331kpy!19sChIJ84C-kl6eeC4RhU3IDd8Lajw?authuser=0&hl=id&rclk=1,Nasi Rames,10000,Ayam Wungkul Kampung,250000,13500,Sukses,13500,GoFood,https://gofood.co.id/malang/restaurant/warung-sederhana-8d8242c0-8602-4be2-992e-36ceb6b7e7b9
273,Makcik Pakcik Resto & Cafe,4.2,38,Wisata Umum,-8.1319712,112.5703771,https://www.google.com/maps/place/Makcik+Pakcik+Resto+%26+Cafe/data=!4m7!3m6!1s0x2e789f007286aa03:0xf631fd5254feaaf0!8m2!3d-8.1319712!4d112.5703771!16s%2Fg%2F11xswz5kgk!19sChIJA6qGcgCfeC4R8Kr-VFL9MfY?authuser=0&hl=id&rclk=1,Kepala Bebek,7500,Nasi + Bebek + Lalapan + Sambal,42000,19000,Sukses,19000,GoFood,https://gofood.co.id/malang/restaurant/makcikpakcik-resto-cafe-bf2dbfe3-7805-41f5-96a4-2b769d6c7759
274,Chicken Home Kepanjen,4.8,274,Wisata Umum,-8.1261572,112.5716075,https://www.google.com/maps/place/Chicken+Home+Kepanjen/data=!4m7!3m6!1s0x2e789fb80c607c0f:0x396068d8c4ac722!8m2!3d-8.1261572!4d112.5716075!16s%2Fg%2F11xgk_5555!19sChIJD3xgDLifeC4RIsdKjI0GlgM?authuser=0&hl=id&rclk=1,Scrambled eggs,5000,Ayam Fillet,25600,13550,Sukses,13550,GoFood,https://gofood.co.id/malang/restaurant/chicken-home-kepanjen-eabc1819-bf92-4edc-b511-6c5da566cfd7
275,TAHU CAMPUR TALANG AGUNG,4.6,74,Wisata Umum,-8.1282591,112.5527091,https://www.google.com/maps/place/TAHU+CAMPUR+TALANG+AGUNG/data=!4m7!3m6!1s0x2e789ee1c237284d:0xbc172224c46bdf0f!8m2!3d-8.1282591!4d112.5527091!16s%2Fg%2F11b6vbx286!19sChIJTSg3wuGeeC4RD99rxCQiF7w?authuser=0&hl=id&rclk=1,Kopi Hitam,5000,"Dengan Isian Tahu, Lontong, Timun, Telor, Kentang, Kecambah, Kerupuk Dengan Dicampur Bumbu Khas Mbak Santi",15000,10000,Sukses,10000,GoFood,https://gofood.co.id/malang/restaurant/hutahu-talangagung-8271b285-f714-4b25-9b34-74ce61382760
276,Bahagia Family Cafe & Pool,4.6,270,Wisata Umum,-8.133757,112.5747369,https://www.google.com/maps/place/Bahagia+Family+Cafe+%26+Pool/data=!4m7!3m6!1s0x2e789fd4aea2de51:0xe849a332368c60ee!8m2!3d-8.133757!4d112.5747369!16s%2Fg%2F11jsls2426!19sChIJUd6irtSfeC4R7mCMNjKjSeg?authuser=0&hl=id&rclk=1,Nasi Putih,10000,Sup Buntut Jumbo,88750,26000,Sukses,26000,GoFood,https://gofood.co.id/malang/restaurant/bahagia-family-caffe-kepanjen-31d638c5-a90b-4246-9a77-067059492287?page=15
277,Warung Nayamul,4.5,907,Warung Nayamul,-8.1493875,112.5767169,https://www.google.com/maps/place/Warung+Nayamul/data=!4m7!3m6!1s0x2e789f58b6fb682f:0xb45895dda63f5161!8m2!3d-8.1493875!4d112.5767169!16s%2Fg%2F11b6p86bs4!19sChIJL2j7tlifeC4RYVE_pt2VWLQ?authuser=0&hl=id&rclk=1,Nasi Putih,7500,Mentok Pedas,27500,15500,Sukses,15500,GoFood,https://gofood.co.id/malang/restaurant/warung-nayamul-kanjuruhan-trunojoyo-fa51b9b6-dac9-4c19-b8db-61d26c57da74
278,Warung Indah Jalibar,4.4,36,Warung Indah Jalibar,-8.1113936,112.5597354,https://www.google.com/maps/place/Warung+Indah+Jalibar/data=!4m7!3m6!1s0x2e789eed86adf6b7:0x4914cd87323dc0f6!8m2!3d-8.1113936!4d112.5597354!16s%2Fg%2F11csp7kphy!19sChIJt_athu2eeC4R9sA9MofNFEk?authuser=0&hl=id&rclk=1,Nasi,5000,bebek goreng + lalapan + sambel + nasi,31500,12250,Sukses,12250,GoFood,https://gofood.co.id/malang/restaurant/warung-indah-jalibar-kepanjen-1be5c062-cecf-412f-bccc-57a2357f8474
279,Seafood dan lalapan MBAK ITA 1,4.3,396,Wisata Umum,-8.1256299,112.5721872,https://www.google.com/maps/place/Seafood+dan+lalapan+MBAK+ITA+1/data=!4m7!3m6!1s0x2e789eff7fe591a1:0xf6655841d82d0fba!8m2!3d-8.1256299!4d112.5721872!16s%2Fg%2F11dxq81y1j!19sChIJoZHlf_-eeC4Rug8t2EFYZfY?authuser=0&hl=id&rclk=1,Teh Hangat,5000,Tanpa Nasi,110000,23000,Sukses,23000,GoFood,https://gofood.co.id/malang/restaurant/lalapan-mbak-ita-kepanjen-61aff965-a99b-4cae-a041-95c3178d6a7f
280,Warung Pojok Jalibar Bu Sri,4.1,854,Warung Pojok Jalibar Bu Sri,-8.1178965,112.554001,https://www.google.com/maps/place/Warung+Pojok+Jalibar+Bu+Sri/data=!4m7!3m6!1s0x2e789ee8b67bad2f:0x32346ff5dfa4a7f6!8m2!3d-8.1178965!4d112.554001!16s%2Fg%2F11b73mws4r!19sChIJL617tuieeC4R9qek3_VvNDI?authuser=0&hl=id&rclk=1,Sambal segar isi terong kacang panjang bawang khas lombok. . yg jelas makan jd lebih mantap,5000,Bakar Bumbu Khas Lombok,35000,15000,Sukses,15000,GoFood,https://gofood.co.id/malang/restaurant/warung-bu-puji-jalibar-44a65c7b-bc9f-4327-a8fe-eac504b916fe
281,Kedai Garputala,4.2,504,Kafe · Jl. Banurejo No.1,-8.1296641,112.5744203,https://www.google.com/maps/place/Kedai+Garputala/data=!4m7!3m6!1s0x2e789faaef81581f:0x5a5159cdb76fa508!8m2!3d-8.1296641!4d112.5744203!16s%2Fg%2F11b6yb19nd!19sChIJH1iB76qfeC4RCKVvt81ZUVo?authuser=0&hl=id&rclk=1,Tape Bakar+topingkejucoklat+susu,7500,Mielevel+somay+katsu+sausteriyaki,15600,10000,Sukses,10000,GoFood,https://gofood.co.id/malang/restaurant/kedai-garputala-banurejo-3c0e63a0-28ec-4970-a458-7c5c40b37904
282,"Warung ""Romantis"" Bu Pi'in",4.3,21,"Warung ""Romantis"" Bu Pi'in",-8.1296661,112.5642508,https://www.google.com/maps/place/Warung+%22Romantis%22+Bu+Pi%27in/data=!4m7!3m6!1s0x2e789f0269a41403:0xc3c7dd9943ce5659!8m2!3d-8.1296661!4d112.5642508!16s%2Fg%2F11b73zppm9!19sChIJAxSkaQKfeC4RWVbOQ5ndx8M?authuser=0&hl=id&rclk=1,Teh Panas,5000,Tahu Aci + Sambel Pedes,10000,8000,Sukses,8000,GoFood,https://gofood.co.id/malang/restaurant/warung-romantis-sukun-kepanjen-28a1be73-ef27-4c9d-92f0-4a9c3517e54a
283,Rujak Cingur Bu Slamet,4.4,212,Wisata Umum,-8.1313396,112.5714631,https://www.google.com/maps/place/Rujak+Cingur+Bu+Slamet/data=!4m7!3m6!1s0x2e789f009a76837f:0x23c9ef9a147a17ac!8m2!3d-8.1313396!4d112.5714631!16s%2Fg%2F11b6nptpr1!19sChIJf4N2mgCfeC4RrBd6FJrvySM?authuser=0&hl=id&rclk=1,Es Teh,5000,(Tulis jumlah cabai) Rujak cingur+1 potong cingur (bisa diiris/tidak),40000,17000,Sukses,17000,GoFood,https://gofood.co.id/malang/restaurant/rujak-cingur-bu-slamet-kepanjen-c886caae-34b0-49ab-94db-48eac79ca734
284,Nasi Goreng Sam Onyis,4.5,42,Wisata Umum,-8.1104976,112.5703432,https://www.google.com/maps/place/Nasi+Goreng+Sam+Onyis/data=!4m7!3m6!1s0x2e789ef5a708f7bf:0x49d70a8c92e57a04!8m2!3d-8.1104976!4d112.5703432!16s%2Fg%2F11fy4k7219!19sChIJv_cIp_WeeC4RBHrlkowK10k?authuser=0&hl=id&rclk=1,Nasi Goreng Tanpa Saus,9000,Tamicay,13000,11000,Sukses,11000,GoFood,https://gofood.co.id/malang/restaurant/nasi-goreng-onyis-7e3c39b7-f759-4ed9-81d0-603ab121c5ec
285,Kedai Radin Bakso & Cafe,4.0,688,Wisata Umum,-8.1292031,112.5686005,https://www.google.com/maps/place/Kedai+Radin+Bakso+%26+Cafe/data=!4m7!3m6!1s0x2e789f01dac0fd4b:0x8c23f31fb670e03b!8m2!3d-8.1292031!4d112.5686005!16s%2Fg%2F11gc9jcm66!19sChIJS_3A2gGfeC4RO-Bwth_zI4w?authuser=0&hl=id&rclk=1,Jeruk (hot / Cold),5000,Pudding Bowl Choco Oreo,43750,13750,Sukses,13750,GoFood,https://gofood.co.id/malang/restaurant/kedai-radin-malang-kh-hasyim-ashari-6c45b90c-35b7-4f3c-9c69-8375e49aeaf0
286,Joglo Babon Angkrem,4.4,157,Wisata Umum,-8.0090547,112.5660102,https://www.google.com/maps/place/Joglo+Babon+Angkrem/data=!4m7!3m6!1s0x2e789d02e2c2b841:0xb0b28ea9e48ba5da!8m2!3d-8.0090547!4d112.5660102!16s%2Fg%2F11sl_dsp03!19sChIJQbjC4gKdeC4R2qWL5KmOsrA?authuser=0&hl=id&rclk=1,Teh Tawar,8100,Bebek Bakar Pontianak ( Ekor),155250,33750,Sukses,33750,GoFood,https://gofood.co.id/malang/restaurant/ocean-garden-joglo-wagir-e30c0247-c0ac-42af-902f-271904c9e9b8
287,Depot Dua Putri,4.8,21,Wisata Umum,-8.0457872,112.6074765,https://www.google.com/maps/place/Depot+Dua+Putri/data=!4m7!3m6!1s0x2e789d9d36798341:0x4da0d1e320e3d0ca!8m2!3d-8.0457872!4d112.6074765!16s%2Fg%2F1hm2xb36b!19sChIJQYN5Np2deC4RytDjIOPRoE0?authuser=0&hl=id&rclk=1,Es Teh,5000,Udang Asam Manis,41000,18000,Sukses,18000,GoFood,https://gofood.co.id/mojokerto/restaurant/depot-dua-putri-1c5d2e1c-bf9a-4957-80fe-bf1b1f2c347c
288,Pak jokomie & jokoffee,4.8,29,Wisata Umum,-8.0081782,112.5669787,https://www.google.com/maps/place/Pak+jokomie+%26+jokoffee/data=!4m7!3m6!1s0x2e789cd4860f2bef:0xcdd0faad27f442d1!8m2!3d-8.0081782!4d112.5669787!16s%2Fg%2F11gfjtgynv!19sChIJ7ysPhtSceC4R0UL0J6360M0?authuser=0&hl=id&rclk=1,Pangsit Kuah,12000,Mie Ayam Komplit +pangsit goreng,22000,14500,Sukses,14500,GoFood,https://gofood.co.id/malang/restaurant/mie-ayam-pak-joko-klojen-8b2deeaa-af36-40df-ab6b-a4a735fbf4c6
289,"Cafe Omah Ndeso""ON""",4.1,1082,Wisata Umum,-7.979392,112.565231,https://www.google.com/maps/place/Cafe+Omah+Ndeso%22ON%22/data=!4m7!3m6!1s0x2e788382fbcfebd9:0x9975e7a520fcd49!8m2!3d-7.979392!4d112.565231!16s%2Fg%2F11lkhnwj5t!19sChIJ2evP-4KDeC4RSc0PUnpelwk?authuser=0&hl=id&rclk=1,Teh + Gula,5000,"Robusta Ampelgading, Medium to Dark Roasting, 250 gram",16500,10000,Sukses,10000,GoFood,https://gofood.co.id/malang/restaurant/omah-kopi-ndeso-coffee-and-roastery-bulupayung-e690dfad-9c40-476d-aac4-935c94f96410
290,Depot Nank Garasi,4.7,153,Wisata Umum,-7.978248,112.6147643,https://www.google.com/maps/place/Depot+Nank+Garasi/data=!4m7!3m6!1s0x2e7883071e711c57:0x3e7b296c3c728302!8m2!3d-7.978248!4d112.6147643!16s%2Fg%2F11j8rhm204!19sChIJVxxxHgeDeC4RAoNyPGwpez4?authuser=0&hl=id&rclk=1,"Nasi Dengan Toping Soun, Suwiran Daging Ayam Kampung, Kerupuk Kentang, Dan Irisan Telor Ayam Rebus. Kemudian Disiram Kuah Kaldu Segar.",14674,"Nasi, Mie, Serundeng, Udang Crispy, Babat, Paru, Empal, Lodeh, Sambal",50692,36018,Sukses,36018,GoFood,https://gofood.co.id/malang/restaurant/nank-garasi-klojen-0faa6924-dc90-451f-a9d4-eb943a32e27f
291,Warung Jaya,4.5,43,Warung Jaya,-7.972791,112.603616,https://www.google.com/maps/place/Warung+Jaya/data=!4m7!3m6!1s0x2e78828e225758ab:0x73c923939b6d2ed3!8m2!3d-7.972791!4d112.603616!16s%2Fg%2F11b6gc5dsx!19sChIJq1hXIo6CeC4R0y5tm5MjyXM?authuser=0&hl=id&rclk=1,Mendol,7000,Onde onde khas malang yg lembut dan renyah dengan isian yg lumer rasa original membuat onde2 ini banyak di gemari dgn kemasan yg cantik cocok utk di jadikan oleh2 untuk orang orang terdekat anda,60000,15000,Sukses,15000,GoFood,https://gofood.co.id/malang/restaurant/warung-jaya-onde-onde-tangkilsari-mayjen-sungkono-676f08fb-97a0-49d6-a393-03a1706a0ee9
292,Depot Indah Jaya,4.4,93,Wisata Umum,-7.978643,112.637149,https://www.google.com/maps/place/Depot+Indah+Jaya/data=!4m7!3m6!1s0x2dd6283c2e4000d3:0x9d190e09150017f4!8m2!3d-7.978643!4d112.637149!16s%2Fg%2F1hm3f3t7d!19sChIJ0wBALjwo1i0R9BcAFQkOGZ0?authuser=0&hl=id&rclk=1,Perasan Jeruk Manis + Gula Asli,5000,Rawon Iga Sapi 1 Porsi (tanpa nasi) + Sambal + Kecambah,43000,27000,Sukses,27000,GoFood,https://gofood.co.id/malang/restaurant/depot-indah-jaya-rawon-stasiun-klojen-151093b7-2e0e-4f23-88a6-2737589877d3
293,Warung nasgor sam pete,4.6,44,Warung nasgor sam pete,-8.0040973,112.5765529,https://www.google.com/maps/place/Warung+nasgor+sam+pete/data=!4m7!3m6!1s0x2e7882d4bfe6add3:0xa7f767276394b96c!8m2!3d-8.0040973!4d112.5765529!16s%2Fg%2F11f0wj40dk!19sChIJ063mv9SCeC4RbLmUYydn96c?authuser=0&hl=id&rclk=1,"Telur,Ayam,Sosis,Sawi Ijo,Sawi Putih,Wortel",18500,"Ayam,Sosis,Pentol,Sawi Ijo,Sawi Putih,Wortel,Brongkol,Kubis,Serta Porsi Banyak Dan Mrekah,",26000,19500,Sukses,19500,GoFood,https://gofood.co.id/malang/restaurant/nasgor-sam-ojik-bunut-wetan-pakis-fabf5d50-d491-4242-8a0a-69aa024e2613
294,Depot Rahayu,4.1,55,Wisata Umum,-7.9929481,112.6322262,https://www.google.com/maps/place/Depot+Rahayu/data=!4m7!3m6!1s0x2dd6280ff3c05083:0xb0e06b4a0cd53ec1!8m2!3d-7.9929481!4d112.6322262!16s%2Fg%2F11bycjvkrj!19sChIJg1DA8w8o1i0RwT7VDEpr4LA?authuser=0&hl=id&rclk=1,Nasi Putih,5000,1 Porsi,25000,17000,Sukses,17000,GoFood,https://gofood.co.id/malang/restaurant/depot-rahayu-klojen-6115fade-bc12-42f6-9603-a633ce7314bc
295,Depot New Purnama,4.2,99,Wisata Umum,-7.9751511,112.6188975,https://www.google.com/maps/place/Depot+New+Purnama/data=!4m7!3m6!1s0x2e78829d9c70a6ab:0xa525916643689f96!8m2!3d-7.9751511!4d112.6188975!16s%2Fg%2F1hm2t8g5p!19sChIJq6ZwnJ2CeC4Rlp9oQ2aRJaU?authuser=0&hl=id&rclk=1,Nasi Putih,5500,Koloke Udang (Resep Resto),42000,31000,Sukses,31000,GoFood,https://gofood.co.id/palangkaraya/restaurant/depot-purnama-620babdd-9561-4fe9-af99-7821c4dd0d80
296,Niki Kopitiam Malang,4.6,3310,Hidangan klasik di restoran santai,-7.9679686,112.6170482,https://www.google.com/maps/place/Niki+Kopitiam+Malang/data=!4m7!3m6!1s0x2e78828232abf86b:0x209b82b2cd726775!8m2!3d-7.9679686!4d112.6170482!16s%2Fg%2F1pzpnggyp!19sChIJa_irMoKCeC4RdWdyzbKCmyA?authuser=0&hl=id&rclk=1,Iced Tea,17000,Niki Sandwhiches,64000,40250,Sukses,40250,GoFood,https://gofood.co.id/malang/restaurant/niki-kopitiam-klojen-f65aa162-8592-4f34-ba04-46773217b5af
297,Depot Ijo Daun,4.5,20,Wisata Umum,-7.9528908,112.6172834,https://www.google.com/maps/place/Depot+Ijo+Daun/data=!4m7!3m6!1s0x2e788278376ae351:0x82c090ffa0f377cb!8m2!3d-7.9528908!4d112.6172834!16s%2Fg%2F11f0wl26xy!19sChIJUeNqN3iCeC4Ry3fzoP-QwII?authuser=0&hl=id&rclk=1,Frozen Roti Burger Isi 4 Pcs Vegan No Eggs No Diary Milk,15000,"Daging Nabati Micia Cocok Untuk Daging Soto, Ayam Goreng, Daging Rawon, Dll",60000,24000,Sukses,24000,GoFood,https://gofood.co.id/malang/restaurant/ijo-daun-vegan-klojen-57a85a01-bebf-4046-9bf7-6f24375b53d4
298,Food center petung sewu,4.6,65,Wisata Umum,-7.949326,112.562018,https://www.google.com/maps/place/Food+center+petung+sewu/data=!4m7!3m6!1s0x2e78833fdcc2c27b:0x1f7f8ae3fa06eb42!8m2!3d-7.949326!4d112.562018!16s%2Fg%2F11mvynvq05!19sChIJe8LC3D-DeC4RQusG-uOKfx8?authuser=0&hl=id&rclk=1,Cilok Mercon,5000,Sempol Ayam + Jamur,10000,7500,Sukses,7500,GoFood,https://gofood.co.id/malang/restaurant/kiki-food-petungsewu-d4eebe51-b829-4dcd-ab0d-9b14eb7386d6
299,Lataran Sendayu,4.6,857,Wisata Umum,-7.948571,112.5615383,https://www.google.com/maps/place/Lataran+Sendayu/data=!4m7!3m6!1s0x2e7883e60758c547:0xba4748dd3f2aa454!8m2!3d-7.948571!4d112.5615383!16s%2Fg%2F11jsbdfdbv!19sChIJR8VYB-aDeC4RVKQqP91IR7o?authuser=0&hl=id&rclk=1,Tahu Sutra Goreng,13000,Es Kopi Susu + Sendang Biru + Snack. Silahkan Tulis Sncak Pilihan Di Catatan,30000,16000,Sukses,16000,GoFood,https://gofood.co.id/malang/restaurant/plataran-coffee-garden-42046a3d-458b-4a07-b761-1060f3e6634f
300,Monggo Pinarak,5.0,33,Wisata Umum,-7.9543069,112.5675645,https://www.google.com/maps/place/Monggo+Pinarak/data=!4m7!3m6!1s0x2e78830036badbf5:0x3f8ab9fd728df058!8m2!3d-7.9543069!4d112.5675645!16s%2Fg%2F11wtpfb06f!19sChIJ9du6NgCDeC4RWPCNcv25ij8?authuser=0&hl=id&rclk=1,Nasi 1 Porsi,7000,Kopi Hitam Filter Olahan + Cream Kuning Telur Omega,27000,18000,Sukses,18000,GoFood,https://gofood.co.id/malang/restaurant/monggo-pinarak-81ee8477-041b-406a-ad6f-db81ad3f74f6
301,Sego Sambel Tegal Phutuk,4.8,28,Wisata Umum,-7.9498243,112.5631165,https://www.google.com/maps/place/Sego+Sambel+Tegal+Phutuk/data=!4m7!3m6!1s0x2e78832507f1a82b:0xc978eefa94845e20!8m2!3d-7.9498243!4d112.5631165!16s%2Fg%2F11fr75fcg3!19sChIJK6jxByWDeC4RIF6ElPrueMk?authuser=0&hl=id&rclk=1,Nasi,8000,Ayam Kampung Bakar,38000,16000,Sukses,16000,GoFood,https://gofood.co.id/malang/restaurant/sego-sambel-tegal-puthuk-b864b576-c96d-44b3-ae4f-c4190062e38d
302,Warung Mitra Rasa,4.2,31,Warung Mitra Rasa,-7.9455813,112.5525999,https://www.google.com/maps/place/Warung+Mitra+Rasa/data=!4m7!3m6!1s0x2e7883c09e1fa2d5:0xa3de524329945547!8m2!3d-7.9455813!4d112.5525999!16s%2Fg%2F11b6yjy52t!19sChIJ1aIfnsCDeC4RR1WUKUNS3qM?authuser=0&hl=id&rclk=1,Air Mineral,5000,Nasi Goreng Spesial+Mie Goreng Spesial+2 Es Teh,47000,16000,Sukses,16000,GoFood,https://gofood.co.id/jember/restaurant/warung-mitra-rasa-kaliwates-6ad6f625-f3a3-4c75-80d7-54804eea277a
303,Warung Sate Gule Bang Tismanto,4.1,42,Warung Sate Gule Bang Tismanto,-7.9627203,112.551696,https://www.google.com/maps/place/Warung+Sate+Gule+Bang+Tismanto/data=!4m7!3m6!1s0x2e7883a10f278fbf:0x499a96112e8b50d0!8m2!3d-7.9627203!4d112.551696!16s%2Fg%2F11cjh_yns8!19sChIJv48nD6GDeC4R0FCLLhGWmkk?authuser=0&hl=id&rclk=1,Nasi Putih,8000,Sate Hati Tanpa Gajih,71000,60000,Sukses,60000,GoFood,https://gofood.co.id/id/malang/restaurant/warung-sate-gule-kambing-bang-saleh-purwantoro-2dead395-4dab-4b0f-9bc4-32074b78f722
304,Warung Pendopo,4.6,175,Warung Pendopo,-7.921815,112.550372,https://www.google.com/maps/place/Warung+Pendopo/data=!4m7!3m6!1s0x2e788221c1ec62f1:0x5083310ab92b09e0!8m2!3d-7.921815!4d112.550372!16s%2Fg%2F11b75pwb70!19sChIJ8WLswSGCeC4R4AkruQoxg1A?authuser=0&hl=id&rclk=1,Uchi Ocha,5000,4 Ayam Laos Siap Goreng + Sambal,57900,21999,Sukses,21999,GoFood,https://gofood.co.id/malang/restaurant/spesial-nasi-goreng-jawa-bang-hanif-kantin-pendopo-kab-malang-3c4faff0-fee4-4066-b7fd-a46aec0d53cb
305,Mas Norin Lalapan,4.4,103,Wisata Umum,-7.9385115,112.5631491,https://www.google.com/maps/place/Mas+Norin+Lalapan/data=!4m7!3m6!1s0x2e7883a1873f4de7:0xb6af0cb8dd4af3bf!8m2!3d-7.9385115!4d112.5631491!16s%2Fg%2F11h_12cck2!19sChIJ500_h6GDeC4Rv_NK3bgMr7Y?authuser=0&hl=id&rclk=1,1 Porsi Mengenyangkan,6000,Nasi + Gurame Goreng + Lalapan + Sambel + Teh,36500,18000,Sukses,18000,GoFood,https://gofood.co.id/malang/restaurant/mas-norin-lalapan-jl-kodya-f6913168-edcf-44e3-8fd6-0a8954ed5ac6
306,CAFE KLANGENAN SPESIALIS AYAM LODHO,4.9,55,Wisata Umum,-7.9249941,112.5691666,https://www.google.com/maps/place/CAFE+KLANGENAN+SPESIALIS+AYAM+LODHO/data=!4m7!3m6!1s0x2e7883b6cde7677b:0xe1515b83998923c7!8m2!3d-7.9249941!4d112.5691666!16s%2Fg%2F11v59v86sg!19sChIJe2fnzbaDeC4RxyOJmYNbUeE?authuser=0&hl=id&rclk=1,Coffe Harapan,10000,Chochocino,18000,13000,Sukses,13000,GoFood,https://gofood.co.id/malang/restaurant/klangenan-coffe-90500efb-b0b2-4615-b59d-a3b9e2d71033
307,"Mandhi Pagi Jual Nasi Goreng Kebuli, Briyani Nampan & Mandhi | Spesialist Arabic Plating Tercantik SeMalang Raya",5.0,45,Wisata Umum,-7.9271327,112.5658525,"https://www.google.com/maps/place/Mandhi+Pagi+Jual+Nasi+Goreng+Kebuli,+Briyani+Nampan+%26+Mandhi+%7C+Spesialist+Arabic+Plating+Tercantik+SeMalang+Raya/data=!4m7!3m6!1s0x2e7883001390ccdb:0xcf6960e296854df9!8m2!3d-7.9271327!4d112.5658525!16s%2Fg%2F11y67n3t2q!19sChIJ28yQEwCDeC4R-U2FluJgac8?authuser=0&hl=id&rclk=1",Nasi Goreng Kebuli Original (Tidak Pedas),15000,"Nasi Briyani + Ayam Bakar, Acar, Sambal, Hiasan, Free Nampan",201250,27000,Sukses,27000,GoFood,https://gofood.co.id/malang/restaurant/mandhi-pagi-landungsari-dau-4f38d06e-904b-416c-b08d-65e3239b3274
308,Kutaraja Boutique Restaurant,4.8,78,Wisata Umum,-7.8945634,112.5494664,https://www.google.com/maps/place/Kutaraja+Boutique+Restaurant/data=!4m7!3m6!1s0x2e7881995063d0ab:0x91bc742037bd143b!8m2!3d-7.8945634!4d112.5494664!16s%2Fg%2F11fjt_24qd!19sChIJq9BjUJmBeC4ROxS9NyB0vJE?authuser=0&hl=id&rclk=1,Kerupuk,6500,"Sukang Bakar 1,2Kg",411500,53500,Sukses,53500,GoFood,https://alpha.gofood.co.id/jakarta/restaurant/the-rica-setiabudi-one-74b629a7-94a8-48ba-911e-cd52961d44f9?ot=eyJtZXJjaGFudF9pZCI6IjUzYTgxMTI1LTBmNmEtNGI4Ni1iMzA1LWI5ZTc4OGFjNzE4NiIsInVzZXJfaWQiOiIwIiwiZXhwaXJ5X3RpbWVfZXBvY2giOjE3NTI4MTk0NzgsImRlbGl2ZXJ5X3ByaWNlIjo0NTAwLCJwYXJraW5nX2ZlZSI6MCwiZXRhX2J1ZmZlcl9taW5zIjo3LCJjdXN0b21lcl9sb2NhdGlvbiI6Ii02LjE4MjMxMywxMDYuODM2NDY0NiJ9.5Mq1AHcrejZ%2Fne1KIVY3JTm1lJfiLgcEb9qHu9ftslM%3D
309,Manahayu Cafe & Cottage,4.8,112,Wisata Umum,-7.8611563,112.5522271,https://www.google.com/maps/place/Manahayu+Cafe+%26+Cottage/data=!4m7!3m6!1s0x2e788183ce528ea5:0xe65957047f8f02e9!8m2!3d-7.8611563!4d112.5522271!16s%2Fg%2F11pzy8dcxt!19sChIJpY5SzoOBeC4R6QKPfwRXWeY?authuser=0&hl=id&rclk=1,Ice /panas,11000,Nasi Dengan Kuah Rawon Dengan Sate Komoh,33000,18000,Sukses,18000,GoFood,https://gofood.co.id/malang/restaurant/dapur-manahayu-bumiaji-giripurno-batu-64a4a2c9-79b0-4861-9689-93ccca382b3b
310,Kuliner Rakyat Mojorejo,4.9,36,Wisata Umum,-7.9030348,112.5631483,https://www.google.com/maps/place/Kuliner+Rakyat+Mojorejo/data=!4m7!3m6!1s0x2e788100405e7911:0x10efd2990c95def2!8m2!3d-7.9030348!4d112.5631483!16s%2Fg%2F11x1f5873q!19sChIJEXleQACBeC4R8t6VDJnS7xA?authuser=0&hl=id&rclk=1,Es Teh,6000,6 Wings Saus Lava+Saus Keju,43000,13000,Sukses,13000,GoFood,https://gofood.co.id/malang/restaurant/lalapan-ayam-geprek-mojorejo-12f9e132-394d-46b4-93d0-e49f307bccdd
311,Warung Pojok Proliman,4.5,87,Warung Pojok Proliman,-7.9097527,112.559687,https://www.google.com/maps/place/Warung+Pojok+Proliman/data=!4m7!3m6!1s0x2e78816e065475a3:0xf9e0f770d429aaf!8m2!3d-7.9097527!4d112.559687!16s%2Fg%2F11b74j16tc!19sChIJo3VUBm6BeC4Rr5pCDXcPng8?authuser=0&hl=id&rclk=1,Telor Dadar,5000,Rawon,15000,10000,Sukses,10000,GoFood,https://gofood.co.id/malang/restaurant/warung-pojok-jln-kalimantan-malang-3bd6a9f4-a3b5-414e-a929-4b0ea87ebe94
312,Nasi Bakar Mang Yoyok,4.6,320,Wisata Umum,-7.8782896,112.5510321,https://www.google.com/maps/place/Nasi+Bakar+Mang+Yoyok/data=!4m7!3m6!1s0x2e7880d370befc17:0xdf268fa3e61b1336!8m2!3d-7.8782896!4d112.5510321!16s%2Fg%2F11cs0d96nn!19sChIJF_y-cNOAeC4RNhMb5qOPJt8?authuser=0&hl=id&rclk=1,Sate Kulit Ayam,5000,Nasi Bakar Cumi Hitam,20000,15000,Sukses,15000,GoFood,https://gofood.co.id/malang/restaurant/nasi-bakar-mang-yoyok-torongrejo-junrejo-5f2b8026-586a-4101-b539-2a0cedbc81fa
313,Warung Podho Moro,4.7,31,Warung Podho Moro,-7.8641798,112.5526352,https://www.google.com/maps/place/Warung+Podho+Moro/data=!4m7!3m6!1s0x2e7880eb34de1805:0x932bb4a5825492ec!8m2!3d-7.8641798!4d112.5526352!16s%2Fg%2F11b6_9ct3t!19sChIJBRjeNOuAeC4R7JJUgqW0K5M?authuser=0&hl=id&rclk=1,Es Jeruk Manis,5000,Nasi + Soto Kambing,25000,10000,Sukses,10000,GoFood,https://gofood.co.id/malang/restaurant/warung-podo-moro-karangploso-32d3e881-a5b9-4870-9b82-03926264cc5e
314,Dapur Nick's,4.6,52,Wisata Umum,-7.8637086,112.5532502,https://www.google.com/maps/place/Dapur+Nick%27s/data=!4m7!3m6!1s0x2e788094b13ef407:0x758b67cf096369d4!8m2!3d-7.8637086!4d112.5532502!16s%2Fg%2F11f4pnpmj4!19sChIJB_Q-sZSAeC4R1GljCc9ni3U?authuser=0&hl=id&rclk=1,Makanan,12000,Sego Rawon,17000,12000,Sukses,12000,GoFood,https://gofood.co.id/malang/restaurant/warung-nick-s-bumiaji-bc2a847c-88cd-416b-a44d-14d0a3388ac4
315,Lalapan Nasi Tempong Punten,4.6,109,Wisata Umum,-7.8390926,112.5281078,https://www.google.com/maps/place/Lalapan+Nasi+Tempong+Punten/data=!4m7!3m6!1s0x2e787f8724dadb13:0x7edecec6953a9aca!8m2!3d-7.8390926!4d112.5281078!16s%2Fg%2F11vyrh6c9r!19sChIJE9vaJId_eC4Rypo6lcbO3n4?authuser=0&hl=id&rclk=1,Nasi+Ayam Goreng + Bumbu Laos + Tempe 1 + Sambal Uleg,17000,"Nasi+ Bebek Goreng+ Bumbu Laos+ Tahu Tempe Terong Goreng+ Sambel Ulek/ Sambel Bawang, Bisa Request Pedasnya",32000,17000,Sukses,17000,GoFood,https://gofood.co.id/malang/restaurant/warung-lalapan-fadilah-punten-cdd01aaa-b6ce-46da-85fd-0fbe81015d6a
316,Warung Aziz,4.5,168,Warung Aziz,-7.8641264,112.5563442,https://www.google.com/maps/place/Warung+Aziz/data=!4m7!3m6!1s0x2e7880eccc9f4665:0xa8c7e180f3d085f5!8m2!3d-7.8641264!4d112.5563442!16s%2Fg%2F11b6_70sfr!19sChIJZUafzOyAeC4R9YXQ84Dhx6g?authuser=0&hl=id&rclk=1,es jeruk,5000,nasi empok/nasi pecel+pentol goreng,14000,10000,Sukses,10000,GoFood,https://gofood.co.id/malang/restaurant/warung-aziz-a9cc4251-381d-48e8-beae-e604f214236f
317,Warung Nasi Jagung/Sego Empog Bu Wakini,4.4,1455,Wisata Umum,-7.8598763,112.549383,https://www.google.com/maps/place/Warung+Nasi+Jagung%2FSego+Empog+Bu+Wakini/data=!4m7!3m6!1s0x2e788095df7b0e33:0xff8f213fa292ccf8!8m2!3d-7.8598763!4d112.549383!16s%2Fg%2F11g8882cdq!19sChIJMw5735WAeC4R-MySoj8hj_8?authuser=0&hl=id&rclk=1,Sego Empok Pagi Kenyang,8000,Nasi+sayur Pecel+lauk+peyek,9000,8000,Sukses,8000,GoFood,https://gofood.co.id/malang/restaurant/warung-sego-empok-monggo-mampir-baratnya-balaedesa-ngijo-atau-baratnya-sate-suna-1d9ef844-4822-4272-8dc2-630c354c3b68
318,Warung Soto Daging Sumber Rejeki,4.5,54,Warung Soto Daging Sumber Rejeki,-7.864044,112.555764,https://www.google.com/maps/place/Warung+Soto+Daging+Sumber+Rejeki/data=!4m7!3m6!1s0x2e7880ecb5455d81:0x74237ed715d60703!8m2!3d-7.864044!4d112.555764!16s%2Fg%2F11f55hdj6s!19sChIJgV1FteyAeC4RAwfWFdd-I3Q?authuser=0&hl=id&rclk=1,Per Porsi Kecil,5000,Soto Ayam 1 Porsi,40000,24000,Sukses,24000,GoFood,https://gofood.co.id/malang/restaurant/warung-sumber-redjeki-33895505-76e5-4ed7-9966-696586a98465?ot=eyJtZXJjaGFudF9pZCI6IjNkMmIwYWJmLWZhZGItNGNiNi04NGYyLWE2NzgwMDg1OTAxNiIsInVzZXJfaWQiOiIwIiwiZXhwaXJ5X3RpbWVfZXBvY2giOjE3NDc0NDU0MjcsImRlbGl2ZXJ5X3ByaWNlIjo0NTAwLCJwYXJraW5nX2ZlZSI6MCwiZXRhX2J1ZmZlcl9taW5zIjo3LCJjdXN0b21lcl9sb2NhdGlvbiI6Ii02LjE4MjMxMywxMDYuODM2NDY0NiJ9.WXk0AQd2fCB6xzZZ8WKqtifNDl5o15KU64rgYE6MnY0%3D
319,Warung Bu Sri Manan (Buk Chie),4.5,83,Wisata Umum,-8.2233278,112.6020472,https://www.google.com/maps/place/Warung+Bu+Sri+Manan+%28Buk+Chie%29/data=!4m7!3m6!1s0x2e78a096aab2678f:0xf5d8faa2552f927f!8m2!3d-8.2233278!4d112.6020472!16s%2Fg%2F11fzfbvpst!19sChIJj2eyqpageC4Rf5IvVaL62PU?authuser=0&hl=id&rclk=1,PENYET TEMPE TAHU/TERONG,10000,LALAPAN BEBEK+NASI+TEMPE/TAHU/TERONG,18500,13750,Sukses,13750,GoFood,https://gofood.co.id/malang/restaurant/warung-bu-sri-3e88a672-198a-48d2-bacb-43cdcb382dbe
320,Warung Makan Sari Rasa,4.3,125,Warung Makan Sari Rasa,-8.2290752,112.5983743,https://www.google.com/maps/place/Warung+Makan+Sari+Rasa/data=!4m7!3m6!1s0x2e78a0bfd160d773:0x15f60dac29463098!8m2!3d-8.2290752!4d112.5983743!16s%2Fg%2F11cmz6kx51!19sChIJc9dg0b-geC4RmDBGKawN9hU?authuser=0&hl=id&rclk=1,Berhadiah Gopay 100 ribu perbulan untuk customer beruntung,7200,Sop Buntut Goreng,70000,31200,Sukses,31200,GoFood,https://gofood.co.id/malang/restaurant/rumah-makan-sari-rasa-lawang-d38eeb7d-fbe3-41e9-a58f-332e920fd578
321,Warung Vespa,4.6,25,Warung Vespa,-8.2300556,112.5982924,https://www.google.com/maps/place/Warung+Vespa/data=!4m7!3m6!1s0x2e78a1d15c62b129:0x1793caf8f56933a8!8m2!3d-8.2300556!4d112.5982924!16s%2Fg%2F11ghp2mbzz!19sChIJKbFiXNGheC4RqDNp9fjKkxc?authuser=0&hl=id&rclk=1,Es Jeruk,7500,Steak Sapi,30000,15000,Sukses,15000,GoFood,https://gofood.co.id/malang/restaurant/warung-vespa-cafe-seblak-cafe-gondanglegi-kabupaten-malang-fdb56c08-69ff-4174-8926-acf449375289
322,Bakso Telon Cak To,4.4,172,Wisata Umum,-8.2293881,112.5990883,https://www.google.com/maps/place/Bakso+Telon+Cak+To/data=!4m7!3m6!1s0x2e78a0be32c24fa7:0x8a70d4c141c53635!8m2!3d-8.2293881!4d112.5990883!16s%2Fg%2F11bzrg_cb8!19sChIJp0_CMr6geC4RNTbFQcHUcIo?authuser=0&hl=id&rclk=1,Teh Hangat,6000,Bakso Besar + Bakso Kecil + Tahu + Mie + Goreng,16000,6000,Sukses,6000,GoFood,https://gofood.co.id/malang/restaurant/bakso-cak-to-93f7a156-65b5-47be-8cd1-924fd45cb937?ot=eyJtZXJjaGFudF9pZCI6ImU2OGIyYzAxLTUwZDUtNDRmYS05ZGYyLTY4NDc0ZjA3OWNhZCIsInVzZXJfaWQiOiIwIiwiZXhwaXJ5X3RpbWVfZXBvY2giOjE3MzM2NTQzNjUsImRlbGl2ZXJ5X3ByaWNlIjoxMDAwLCJwYXJraW5nX2ZlZSI6MCwiZXRhX2J1ZmZlcl9taW5zIjo3LCJjdXN0b21lcl9sb2NhdGlvbiI6Ii02LjE4MjMxMywxMDYuODM2NDY0NiJ9.YdQW9dbhZEgpQq6AqVGMDv1HtaQ7P1XXN2bzyumntXw%3D
323,warung mbok mampir,4.9,95,warung mbok mampir,-8.1574535,112.5776874,https://www.google.com/maps/place/warung+mbok+mampir/data=!4m7!3m6!1s0x2e789fc1fac683c5:0x7a074ed03e81281b!8m2!3d-8.1574535!4d112.5776874!16s%2Fg%2F11xg4lb1ql!19sChIJxYPG-sGfeC4RGyiBPtBOB3o?authuser=0&hl=id&rclk=1,Pop ice varian rasa,5000,Sosis + kentang,10000,6000,Sukses,6000,GoFood,https://gofood.co.id/magelang/restaurant/warung-mbok-mampir-d81402f5-5d3a-42b4-9d0e-c0a1adbcc2bf
324,Kampung Iwak 3M,4.2,2523,Wisata Umum,-8.1837368,112.5804818,https://www.google.com/maps/place/Kampung+Iwak+3M/data=!4m7!3m6!1s0x2e78a03127b61b67:0x6152dc728b2cfec4!8m2!3d-8.1837368!4d112.5804818!16s%2Fg%2F11g9sy_mt3!19sChIJZxu2JzGgeC4RxP4si3LcUmE?authuser=0&hl=id&rclk=1,Mie Instan + Telur + Sayur,6000,Buah + Keju + Susu,15000,10000,Sukses,10000,GoFood,https://gofood.co.id/malang/restaurant/kedai-3m-wajak-ac2463b4-64b1-4ef1-ac00-d161b0a5d8ee
325,Warung Pojok Kauman Est.2004,4.6,386,Warung Pojok Kauman Est.2004,-8.131348,112.574738,https://www.google.com/maps/place/Warung+Pojok+Kauman+Est.2004/data=!4m7!3m6!1s0x2e789faa4e988161:0xb223da4cbdb88ca8!8m2!3d-8.131348!4d112.574738!16s%2Fg%2F11b6p6pqs0!19sChIJYYGYTqqfeC4RqIy4vUzaI7I?authuser=0&hl=id&rclk=1,Nasi,5000,Nasi Putih + Lele Goreng + Tahu Tempe + Sambel,14000,7000,Sukses,7000,GoFood,https://gofood.co.id/malang/restaurant/warung-pojok-est-2004-f11e356a-202b-40ce-a918-b393e344ae28
326,Warung Gunung,4.4,161,Warung Gunung,-8.1357867,112.5728049,https://www.google.com/maps/place/Warung+Gunung/data=!4m7!3m6!1s0x2e789fa82d4142df:0xcf3de263c86fa11!8m2!3d-8.1357867!4d112.5728049!16s%2Fg%2F11b6q3c20v!19sChIJ30JBLaifeC4REfqGPCbe8ww?authuser=0&hl=id&rclk=1,Tahu Mantep,5000,"Singkong ,bawang Putih Dan Bawang Merah",20000,5000,Sukses,5000,GoFood,https://gofood.co.id/balikpapan/restaurant/warung-lontong-balap-surabaya-gunung-malang-mayjend-sutoyo-315a2b95-8b70-4413-bd86-c1cba729820c
327,Kagumi Cafe,4.7,124,Wisata Umum,-8.1501427,112.5785893,https://www.google.com/maps/place/Kagumi+Cafe/data=!4m7!3m6!1s0x2e789fa9aa83ae07:0xe72628c6bdc2c194!8m2!3d-8.1501427!4d112.5785893!16s%2Fg%2F11fjy3g7mh!19sChIJB66DqqmfeC4RlMHCvcYoJuc?authuser=0&hl=id&rclk=1,Ice Tea,13000,Menggunakan topping keju mozarella,45000,25000,Sukses,25000,GoFood,https://gofood.co.id/malang/restaurant/kagumi-cafe-resto-kedungpedaringan-c0fa10a5-111f-4b1b-9e6b-3f3321c842a1
328,Mie Setan Noodle N Dimsum - Cabang Kepanjen,4.0,1332,Wisata Umum,-8.133006,112.5723398,https://www.google.com/maps/place/Mie+Setan+Noodle+N+Dimsum+-+Cabang+Kepanjen/data=!4m7!3m6!1s0x2e789faa003075b7:0x1d3bd4c9b850fcd8!8m2!3d-8.133006!4d112.5723398!16s%2Fg%2F11s7y_79z4!19sChIJt3UwAKqfeC4R2PxQuMnUOx0?authuser=0&hl=id&rclk=1,Ice Tea Shaker,8000,Minuman 8 Rasa - DIJAMIN PUASSSS!,78000,16250,Sukses,16250,GoFood,https://gofood.co.id/malang/restaurant/mie-setan-kepanjen-ae273aef-4942-437b-8432-e91b4ec6f42f
329,WARUNG AYAM GEPREK AMBER PENARUKAN KEPANJEN,4.6,40,Wisata Umum,-8.1383437,112.5796214,https://www.google.com/maps/place/WARUNG+AYAM+GEPREK+AMBER+PENARUKAN+KEPANJEN/data=!4m7!3m6!1s0x2e789f02af7e201d:0xc5bbefa5e9d75f69!8m2!3d-8.1383437!4d112.5796214!16s%2Fg%2F11nsvg8456!19sChIJHSB-rwKfeC4RaV_X6aXvu8U?authuser=0&hl=id&rclk=1,Telur Ceplok /dadar Tanpa Nasi,5500,"5 Ayam geprek 5tahu 5tempe 5terong crispy,lalapan+ 2es teh",71990,14990,Sukses,14990,GoFood,https://gofood.co.id/malang/restaurant/ayam-geprek-amber-f3b982d7-4914-4202-bdc3-7ef5d8ae58df
330,Warung Pak Untung Mbureng,3.8,207,Warung Pak Untung Mbureng,-8.157147,112.5951827,https://www.google.com/maps/place/Warung+Pak+Untung+Mbureng/data=!4m7!3m6!1s0x2e789f007357aa15:0xf39eac11c4ebe457!8m2!3d-8.157147!4d112.5951827!16s%2Fg%2F11lclcdbwg!19sChIJFapXcwCfeC4RV-TrxBGsnvM?authuser=0&hl=id&rclk=1,Kopi Hitam,5000,Bebek + Nasi,30000,10000,Sukses,10000,GoFood,https://gofood.co.id/malang/restaurant/warung-pak-untung-gondanglegi-10ed21e8-72d1-4298-9d47-6b62aeddf797
331,Soto Babat Madura p.sodiq,4.5,208,Wisata Umum,-8.1371221,112.578429,https://www.google.com/maps/place/Soto+Babat+Madura+p.sodiq/data=!4m7!3m6!1s0x2e789faf4db6ba65:0x78d86b01c813fe65!8m2!3d-8.1371221!4d112.578429!16s%2Fg%2F11b70f3yh8!19sChIJZbq2Ta-feC4RZf4TyAFr2Hg?authuser=0&hl=id&rclk=1,Nasi,5000,Soto Babat + Lontong,16000,7000,Sukses,7000,GoFood,https://gofood.co.id/malang/restaurant/soto-babat-madura-p-sodiq-ketanen-penarukan-532832a8-ef4f-4d27-be8f-98cfa4700e94
332,Gunung Resto & Cafe,4.5,38,Gunung Resto & Cafe,-8.1468043,112.5827184,https://www.google.com/maps/place/Gunung+Resto+%26+Cafe/data=!4m7!3m6!1s0x2e789fa34d6047a9:0x24bd20b758a62d5d!8m2!3d-8.1468043!4d112.5827184!16s%2Fg%2F11gh1vnj_7!19sChIJqUdgTaOfeC4RXS2mWLcgvSQ?authuser=0&hl=id&rclk=1,Es Jeruk,5000,SOP Dengan Daging Buntut Sapi Yg Lembut,29000,10000,Sukses,10000,GoFood,https://gofood.co.id/malang/restaurant/gunung-resto-cafe-kepanjen-30d95b51-ffc5-4330-a021-fd4296c73c4a
333,Nasi Pecel Ndoweh Batu malang,4.9,34,Wisata Umum,-7.8571698,112.5386236,https://www.google.com/maps/place/Nasi+Pecel+Ndoweh+Batu+malang/data=!4m7!3m6!1s0x2e78814a5bdc8db7:0x92432a54b611d96d!8m2!3d-7.8571698!4d112.5386236!16s%2Fg%2F11k6x_s6b5!19sChIJt43cW0qBeC4RbdkRtlQqQ5I?authuser=0&hl=id&rclk=1,Telur Goreng,5000,Nasi Pecel Tidak Pedas+Telor Dadar/Ceplok+Rempeyek Rebon Per Plastik,23000,13500,Sukses,13500,GoFood,https://gofood.co.id/malang/restaurant/nasi-pecel-ndoweh-blitar-karimun-jawa-gang-1-6c3d5f4f-1eb2-4d07-aa06-d13ba1de0bbe
334,Wangsa Rasa Eatery,5.0,27,Wisata Umum,-7.8643754,112.5427672,https://www.google.com/maps/place/Wangsa+Rasa+Eatery/data=!4m7!3m6!1s0x2e78811548ebcf09:0x89e2ed326f05f618!8m2!3d-7.8643754!4d112.5427672!16s%2Fg%2F11x_mmy_b4!19sChIJCc_rSBWBeC4RGPYFbzLt4ok?authuser=0&hl=id&rclk=1,Kopi Murni Ni Ma,5000,Nasi Goreng Kemangi,12000,7000,Sukses,7000,GoFood,https://gofood.co.id/malang/restaurant/warung-rasa-114796ac-d236-4416-bf0e-d161d1c495f7
335,J Seafood,4.4,58,Wisata Umum,-7.8644075,112.5371194,https://www.google.com/maps/place/J+Seafood/data=!4m7!3m6!1s0x2e7880b81a983c95:0x4e61045c5ffc59f!8m2!3d-7.8644075!4d112.5371194!16s%2Fg%2F11b6t7j_37!19sChIJlTyYGriAeC4Rn8X_xUUQ5gQ?authuser=0&hl=id&rclk=1,Teh Panas/hangat,5000,"Nasgor dan Bakmie Goreng Topping Ayam,Sossis,Bakso,Jeroan +Telur",138000,30000,Sukses,30000,GoFood,https://gofood.co.id/malang/restaurant/seafood-j-nasi-goreng-j-seefood-pandanrejo-485ad432-4641-4c69-83e5-ce095accbdb3
336,Warung Kembar Jaya Seafood,4.8,28,Warung Kembar Jaya Seafood,-8.4284617,112.6351019,https://www.google.com/maps/place/Warung+Kembar+Jaya+Seafood/data=!4m7!3m6!1s0x2dd601c6b5530043:0x9a815ccee8d69284!8m2!3d-8.4284617!4d112.6351019!16s%2Fg%2F11v6xtdx77!19sChIJQwBTtcYB1i0RhJLW6M5cgZo?authuser=0&hl=id&rclk=1,Kopi,5000,Nasi Goreng,20000,18000,Sukses,18000,GoFood,https://gofood.co.id/en/malang/restaurant/warung-kembar-siam-mt-haryono-172762aa-ab09-4942-8976-490e62d90f86
337,WARUNG PAK UNTUNG SANAN REJO,4.4,1047,WARUNG PAK UNTUNG SANAN REJO,-8.1523871,112.7191724,https://www.google.com/maps/place/WARUNG+PAK+UNTUNG+SANAN+REJO/data=!4m7!3m6!1s0x2dd623051907cfcf:0xd5a7bd65582580ed!8m2!3d-8.1523871!4d112.7191724!16s%2Fg%2F11r99m5zc0!19sChIJz88HGQUj1i0R7YAlWGW9p9U?authuser=0&hl=id&rclk=1,Es Degan Original,5000,Spesial Kremes Dan Sambel Pencit,30000,10000,Sukses,10000,GoFood,https://gofood.co.id/malang/restaurant/warung-pak-untung-spesial-sambal-pencit-bebek-dan-ayam-lowokwaru-336abdb1-748e-4efe-84f7-c6b5c4d37871
338,Bakso Pak Dam,4.7,115,Wisata Umum,-8.0642805,112.6124183,https://www.google.com/maps/place/Bakso+Pak+Dam/data=!4m7!3m6!1s0x2e789d8cca821fb5:0x9604ac70272195de!8m2!3d-8.0642805!4d112.6124183!16s%2Fg%2F11h9vk1fw7!19sChIJtR-CyoydeC4R3pUhJ3CsBJY?authuser=0&hl=id&rclk=1,bakso campur,10000,1 Pentol alus 6 pentol kasar,10000,10000,Sukses,10000,GoFood,https://gofood.co.id/malang/restaurant/bakso-pak-man-1abfb2f6-76a0-47d7-a70b-f34967248dbc
339,Happy Durian - Durian Coffee and Eatery,4.4,3198,Restoran · Jl. Cerme No.1,-8.0649472,112.617872,https://www.google.com/maps/place/Happy+Durian+-+Durian+Coffee+and+Eatery/data=!4m7!3m6!1s0x2e789df530ec95ab:0x462166589517a6a9!8m2!3d-8.0649472!4d112.617872!16s%2Fg%2F11gbr71dqs!19sChIJq5XsMPWdeC4RqaYXlVhmIUY?authuser=0&hl=id&rclk=1,Pancake Mini Isi 8 Kemasan Kecil Berat 130,13500,"Daging Durian Premium Klip Biru..Cocok Untuk Campuran Es Teler, Kebab, DLL",85000,40000,Sukses,40000,GoFood,https://gofood.co.id/malang/restaurant/happy-durian-karanglo-f91e8723-7fdd-41e1-b209-1c258b314daa
340,Bakso Solo Cabang Kepanjen,4.5,247,Wisata Umum,-8.0523494,112.6272338,https://www.google.com/maps/place/Bakso+Solo+Cabang+Kepanjen/data=!4m7!3m6!1s0x2dd6277b40ecc633:0x290af1f2d2beb86d!8m2!3d-8.0523494!4d112.6272338!16s%2Fg%2F11b73ylrg6!19sChIJM8bsQHsn1i0Rbbi-0vLxCik?authuser=0&hl=id&rclk=1,Bakso Besar,6000,Bakso Besar,6000,6000,Sukses,6000,GoFood,https://gofood.co.id/malang/restaurant/bakso-solo-kepanjen-c0443ebe-d0ad-4356-84f0-4f95ec4f6a7e
341,Depot pecel sukun cabang sukun depan pom,4.4,619,Restoran · ,-8.0192608,112.6186284,https://www.google.com/maps/place/Depot+pecel+sukun+cabang+sukun+depan+pom/data=!4m7!3m6!1s0x2e789db73d1f834f:0x59fd620c379a4340!8m2!3d-8.0192608!4d112.6186284!16s%2Fg%2F11j12yvc4j!19sChIJT4MfPbedeC4RQEOaNwxi_Vk?authuser=0&hl=id&rclk=1,Nasi Putih,6000,Bumbu Pecel Pedas 1 Kg,150000,24900,Sukses,24900,GoFood,https://gofood.co.id/malang/restaurant/depot-pecel-sukun-malang-1a10e4c0-ed03-4b80-9322-deacbbee3b55
342,"Warung Sari Rasa ""Cak Nyun""",4.6,24,"Warung Sari Rasa ""Cak Nyun""",-8.0366765,112.6269226,https://www.google.com/maps/place/Warung+Sari+Rasa+%22Cak+Nyun%22/data=!4m7!3m6!1s0x2dd62785e9e2500d:0x73193194c9f1e5ff!8m2!3d-8.0366765!4d112.6269226!16s%2Fg%2F11fy_qfb0r!19sChIJDVDi6YUn1i0R_-XxyZQxGXM?authuser=0&hl=id&rclk=1,TEH PANAS,5000,Tentukan Level Pedasmu 1 2 3,20000,9000,Sukses,9000,GoFood,https://gofood.co.id/malang/restaurant/sari-rasa-traditional-food-257b94ca-77bc-4d72-a522-a61c9f50ecbf
343,Warung Pondok Damai,4.5,1234,Warung Pondok Damai,-8.0109548,112.6114156,https://www.google.com/maps/place/Warung+Pondok+Damai/data=!4m7!3m6!1s0x2e789d51026ea10b:0xaead5143e5704962!8m2!3d-8.0109548!4d112.6114156!16s%2Fg%2F11f_zswj33!19sChIJC6FuAlGdeC4RYklw5UNRra4?authuser=0&hl=id&rclk=1,Sambal Dabu - Dabu,5000,Ayam (1ekor)/tempe (4)/cah kangkung/nasi 1 bakul/ teh (4),120000,17500,Sukses,17500,GoFood,https://gofood.co.id/malang/restaurant/warung-pondok-damai-sukun-ceb0224f-2099-4c62-abce-ca571be64e1b
344,Warung IJO KBA,4.3,27,Warung IJO KBA,-8.0313172,112.613942,https://www.google.com/maps/place/Warung+IJO+KBA/data=!4m7!3m6!1s0x2e789d637d3fe975:0xc2cb040584147060!8m2!3d-8.0313172!4d112.613942!16s%2Fg%2F11gcl_z7y9!19sChIJdek_fWOdeC4RYHAUhAUEy8I?authuser=0&hl=id&rclk=1,Es Jeruk,5000,Nasi Cumi Cumi,19000,10000,Sukses,10000,GoFood,https://gofood.co.id/malang/restaurant/warung-ijo-kba-kebonagung-cebd0684-d13f-4928-8a41-31671adb25d4
345,Restoran Indogrosir Malang,4.4,1442,Restoran Indogrosir Malang,-8.0194295,112.618686,https://www.google.com/maps/place/Restoran+Indogrosir+Malang/data=!4m7!3m6!1s0x2e789d0a2501fd05:0x15fd22ff9ac73578!8m2!3d-8.0194295!4d112.618686!16s%2Fg%2F11h0mmtsxp!19sChIJBf0BJQqdeC4ReDXHmv8i_RU?authuser=0&hl=id&rclk=1,Matcha Green Tea,13000,Grape Tea,13000,13000,Sukses,13000,GoFood,https://gofood.co.id/malang/restaurant/hicups-indogrosir-63e150c3-1acb-4fc5-8206-ceef4ede973e
346,Joglo Taman Desa,4.8,2218,Joglo Taman Desa,-8.01353,112.6119413,https://www.google.com/maps/place/Joglo+Taman+Desa/data=!4m7!3m6!1s0x2e789d59e43828cb:0x2bda7c11048cb2e6!8m2!3d-8.01353!4d112.6119413!16s%2Fg%2F11q467d25j!19sChIJyyg45FmdeC4R5rKMBBF82is?authuser=0&hl=id&rclk=1,Es Teh,7000,(1 Ekor) sambel pencok + lalapan (Tidak Bisa Request Tingkat Kepedasan),105000,30000,Sukses,30000,GoFood,https://gofood.co.id/malang/restaurant/joglo-dau-lesehan-galery-sumbersekar-6b1d3237-3cb6-46f1-9bf0-459e28677b35
347,BEBEK MLONGSENG,4.7,35,Wisata Umum,-7.988731,112.5927555,https://www.google.com/maps/place/BEBEK+MLONGSENG/data=!4m7!3m6!1s0x2e7882c0d603f40f:0xb0804980612cb38f!8m2!3d-7.988731!4d112.5927555!16s%2Fg%2F11f00f2n9z!19sChIJD_QD1sCCeC4Rj7MsYYBJgLA?authuser=0&hl=id&rclk=1,Nasi,5000,Bebek yang di olah dengan Sambal pedas/Tidak pedas bisa request,32000,12000,Sukses,12000,GoFood,https://gofood.co.id/malang/restaurant/warung-bebek-rifqi-mlongseng-sukun-e90fc93f-4c4b-4804-a5fd-4bc50ab220ad
348,Geprek Kak Rose - Sukun,3.6,653,Wisata Umum,-7.9968136,112.6192235,https://www.google.com/maps/place/Geprek+Kak+Rose+-+Sukun/data=!4m7!3m6!1s0x2e789d6566f67697:0xde4d25ebac6fdc41!8m2!3d-7.9968136!4d112.6192235!16s%2Fg%2F11rgq9fm2y!19sChIJl3b2ZmWdeC4RQdxvrOslTd4?authuser=0&hl=id&rclk=1,"Yang lagi pilek, jangan beli es dulu ya mending teh hangat aja",6600,"""Biar lebih bervarian, nih cobain dulu mozarelanya! (Nasi + Ayam Crispy Geprek + Keju Mozarella + Tahu )""",28200,14750,Sukses,14750,GoFood,https://gofood.co.id/malang/restaurant/geprek-kak-rose-sukun-fdee1fc0-6904-4688-8df1-582aef2494d3
349,Ampera Talago Baru,4.2,341,Wisata Umum,-7.9838361,112.6249735,https://www.google.com/maps/place/Ampera+Talago+Baru/data=!4m7!3m6!1s0x2dd6281f3a33e387:0xa82f7b539b3acfa2!8m2!3d-7.9838361!4d112.6249735!16s%2Fg%2F1hm2sh_z5!19sChIJh-MzOh8o1i0Ros86m1N7L6g?authuser=0&hl=id&rclk=1,Es Jeruk,6000,2 nasi rendang 1 minum esteh lengkap,40000,20000,Sukses,20000,GoFood,https://gofood.co.id/malang/restaurant/ampera-talago-baru-masakan-padang-klojen-0ef6034d-7d33-47ef-853c-749b7b4c9b3b
350,Depot Kurnia Ria Ning Sul,4.5,110,Wisata Umum,-7.9752241,112.6369285,https://www.google.com/maps/place/Depot+Kurnia+Ria+Ning+Sul/data=!4m7!3m6!1s0x2dd6283be80eb5b9:0x9715840d06d7fa99!8m2!3d-7.9752241!4d112.6369285!16s%2Fg%2F11btlrgb9g!19sChIJubUO6Dso1i0RmfrXBg2EFZc?authuser=0&hl=id&rclk=1,Minuman,6000,"Ayam Kampung Ungkep 1 ekor tanpa jerohan dan ceker, kemasan Vacuum. Siap goreng. Tahan 1-3 bulan penyimpanan freezer.",137500,37500,Sukses,37500,GoFood,https://gofood.co.id/id/malang/restaurant/depot-soto-kurnia-ria-ning-sul-klojen-406dc66a-b0fe-49b7-8151-8fccf0077d2f
351,"Depot ""Janur Kuning""",4.4,1344,Wisata Umum,-7.9505172,112.6395865,https://www.google.com/maps/place/Depot+%22Janur+Kuning%22/data=!4m7!3m6!1s0x2dd629c6fb951783:0x8c2dfdb571e3b2f7!8m2!3d-7.9505172!4d112.6395865!16s%2Fg%2F1pzs84lmd!19sChIJgxeV-8Yp1i0R97LjcbX9LYw?authuser=0&hl=id&rclk=1,Es Teh Tawar,5000,Soto Ayam,56500,21500,Sukses,21500,GoFood,https://gofood.co.id/malang/restaurant/depot-janur-kuning-lawang-23c6f015-5a3d-458e-a063-7aa9f77f3b14
352,Depot Rujak Cingur Mentawai,4.4,194,Restoran · Jl. Mentawai No.56,-7.99121,112.62703,https://www.google.com/maps/place/Depot+Rujak+Cingur+Mentawai/data=!4m7!3m6!1s0x2dd6281b416d5c29:0xa4de0b9de5f3012f!8m2!3d-7.99121!4d112.62703!16s%2Fg%2F11g_sf082!19sChIJKVxtQRso1i0RLwHz5Z0L3qQ?authuser=0&hl=id&rclk=1,"Timun, bengkoang, nanas, mangga muda, kedondong, pepaya",25000,"Buah, sayur, tahu, tempe, cingur, lontong, tdk pedas, sedang, pedas",31000,25000,Sukses,25000,GoFood,https://gofood.co.id/surabaya/restaurant/rujak-mentawai-56-cabang-malang-b028c90a-ca68-4b52-9b77-b085f38bdb9e
353,Warung Orem-Orem H.Abdul Manan,4.6,98,Warung Orem-Orem H.Abdul Manan,-7.9913531,112.6292272,https://www.google.com/maps/place/Warung+Orem-Orem+H.Abdul+Manan/data=!4m7!3m6!1s0x2dd6281adbcf7e2b:0xedd67e4eb059a74f!8m2!3d-7.9913531!4d112.6292272!16s%2Fg%2F11bx2glfpz!19sChIJK37P2xoo1i0RT6dZsE5-1u0?authuser=0&hl=id&rclk=1,LONTONG+SAYUR+KUAH,7000,LONTONG+TAHU+TEMPE+KUAH,8000,8000,Sukses,8000,GoFood,https://gofood.co.id/malang/restaurant/orem-orem-1c568e83-a839-458f-9b57-c59442ba22dc
354,Warung Nasi Soto Gule Rawon Sawahan,4.6,163,Wisata Umum,-7.9858035,112.626461,https://www.google.com/maps/place/Warung+Nasi+Soto+Gule+Rawon+Sawahan/data=!4m7!3m6!1s0x2dd629aff1f7d69d:0xda356041544ea28f!8m2!3d-7.9858035!4d112.626461!16s%2Fg%2F11gjtwbvq9!19sChIJndb38a8p1i0Rj6JOVEFgNdo?authuser=0&hl=id&rclk=1,Es Kopyor,5000,Nasi Rendang,19000,19000,Sukses,19000,GoFood,https://gofood.co.id/id/banjarmasin/restaurant/rawon-soto-malang-3dc1dbc1-2fed-477c-9663-abb4d1b24ae3
355,Kupang Lontong,4.4,254,Wisata Umum,-7.996429,112.6196084,https://www.google.com/maps/place/Kupang+Lontong/data=!4m7!3m6!1s0x2e7882a9de5e1711:0xce78667b2f035ac6!8m2!3d-7.996429!4d112.6196084!16s%2Fg%2F11b6d072nh!19sChIJERde3qmCeC4RxloDL3tmeM4?authuser=0&hl=id&rclk=1,Lontong Kupang,12500,Rujak Cingur Gojek Terus,15000,15000,Sukses,15000,GoFood,https://gofood.co.id/malang/restaurant/kupang-lontong-singosari-a23d63b7-939d-41a0-bc67-983281bc01c5
356,Nasi Pecel Mbak Pur,4.6,709,Wisata Umum,-7.9956657,112.6259874,https://www.google.com/maps/place/Nasi+Pecel+Mbak+Pur/data=!4m7!3m6!1s0x2dd62803870c8fb7:0xe362b8242fe9e657!8m2!3d-7.9956657!4d112.6259874!16s%2Fg%2F11cnb2fypt!19sChIJt48MhwMo1i0RV-bpLyS4YuM?authuser=0&hl=id&rclk=1,Telur Ayam Yg Digoreng Dgn Minyak,5000,Kacang Sangrai Yg Ditumbuk Dgn Aneka Rempah,75000,15000,Sukses,15000,GoFood,https://gofood.co.id/malang/restaurant/nasi-pecel-mbak-poer-jalan-raya-tidar-kavling-h-no-50-f2d122b5-cd20-4c2e-b1f0-ec8c241acfa8
357,Kashmir Kedai,4.8,94,Restoran · Jl. S. Supriadi,-7.9936246,112.6205891,https://www.google.com/maps/place/Kashmir+Kedai/data=!4m7!3m6!1s0x2dd629ca450c8bed:0x4bb186051158006d!8m2!3d-7.9936246!4d112.6205891!16s%2Fg%2F11fy_qpr3w!19sChIJ7YsMRcop1i0RbQBYEQWGsUs?authuser=0&hl=id&rclk=1,Kebab Daging Ayam Dengan Citarasa Khas Kashmir,36000,Kebab Daging Sapi + Telur+ Keju Dengan Citarasa Khas Kashmir,80200,47700,Sukses,47700,GoFood,https://gofood.co.id/malang/restaurant/kashmir-kebab-burger-saus-india-s-supriadi-73a-0131a5a4-244f-4dd4-8961-e5ece2b08775
358,Depot Manado Prilia Malang,4.8,36,Wisata Umum,-7.9703841,112.6100539,https://www.google.com/maps/place/Depot+Manado+Prilia+Malang/data=!4m7!3m6!1s0x2e78828508272bf9:0xa1fca45d59d9b38b!8m2!3d-7.9703841!4d112.6100539!16s%2Fg%2F11b6d60_26!19sChIJ-SsnCIWCeC4Ri7PZWV2k_KE?authuser=0&hl=id&rclk=1,Apang Brudel Isi Coklat (Made By Order),5000,Marmer Cake Kotak 22x22x7 Cm,137500,26000,Sukses,26000,GoFood,https://gofood.co.id/malang/restaurant/depot-manado-prilia-sukun-664d0b60-cdc0-425c-85eb-f3e545fd2762
359,Veggie Kitchen Malang (Vegetarian Food),4.7,102,Wisata Umum,-7.9835078,112.6151563,https://www.google.com/maps/place/Veggie+Kitchen+Malang+%28Vegetarian+Food%29/data=!4m7!3m6!1s0x2e7883bbcc772357:0x583d3568bba21373!8m2!3d-7.9835078!4d112.6151563!16s%2Fg%2F11sy_3bw4b!19sChIJVyN3zLuDeC4RcxOiu2g1PVg?authuser=0&hl=id&rclk=1,Air Mineral,5000,2 Lachha Paratha With Butter Chicken,89999,55377,Sukses,55377,GoFood,https://gofood.co.id/jakarta/restaurant/veggie-kitchen-vegetarian-indo-indian-trembesi-4d1bc350-a2d8-4cba-b9ce-0739ce951ed4
360,Dapoer Cobek,4.6,2420,Wisata Umum,-7.9578751,112.6088129,https://www.google.com/maps/place/Dapoer+Cobek/data=!4m7!3m6!1s0x2e788335db1a4549:0xa27ddbad6006b184!8m2!3d-7.9578751!4d112.6088129!16s%2Fg%2F11ll9pffd_!19sChIJSUUa2zWDeC4RhLEGYK3bfaI?authuser=0&hl=id&rclk=1,1 pcs telur dadar dengan bumbu garam dan kaldu,5700,Nasi + Sambal Bawang + Ayam Kentucky + Lele Kentucky + Lalapan,36000,24300,Sukses,24300,GoFood,https://gofood.co.id/malang/restaurant/dapoer-cobek-jl-bendungan-sigura-gura-no-26-a-b-c-4ba2bbcd-8a40-4772-98a5-19ffa60b71a3
361,Warung Prasmanan Ayah 24 jam,4.3,630,Warung Prasmanan Ayah 24 jam,-7.9568637,112.6057936,https://www.google.com/maps/place/Warung+Prasmanan+Ayah+24+jam/data=!4m7!3m6!1s0x2e7883f8f7a4dadb:0x83e1b30400373f36!8m2!3d-7.9568637!4d112.6057936!16s%2Fg%2F11ll_02y1g!19sChIJ29qk9_iDeC4RNj83AASz4YM?authuser=0&hl=id&rclk=1,Balado Telur Ceplok,7000,Nasi Empal Daging Kering Tempe Mie Capjay Sambal,25000,9000,Sukses,9000,GoFood,https://gofood.co.id/malang/restaurant/warung-ayah-prasmanan-24-jam-perum-siguragura-utama-kav-1-43fa7c60-aabd-478d-adb2-b44324f69698
362,Warung DJURAGAN,4.9,2080,Warung DJURAGAN,-7.9579026,112.6082903,https://www.google.com/maps/place/Warung+DJURAGAN/data=!4m7!3m6!1s0x2e7883fb57fcd009:0xcfdbd4c9d3db08b!8m2!3d-7.9579026!4d112.6082903!16s%2Fg%2F11l5l4r_s_!19sChIJCdD8V_uDeC4Ri7A9nUy9_Qw?authuser=0&hl=id&rclk=1,Nasi Putih,6000,Ricebowl Fuyunghai,20000,7000,Sukses,7000,GoFood,https://gofood.co.id/malang/restaurant/warung-djuragan-jl-sigura-gura-no-30c-malang-2200df95-eba7-4d46-a55e-27e6afdb2fee
363,Dapur 93,4.5,1730,Wisata Umum,-7.9568579,112.6278243,https://www.google.com/maps/place/Dapur+93/data=!4m7!3m6!1s0x2dd629e14a3f139d:0x4485f6f4030f4b2e!8m2!3d-7.9568579!4d112.6278243!16s%2Fg%2F11cjnpr446!19sChIJnRM_SuEp1i0RLksPA_T2hUQ?authuser=0&hl=id&rclk=1,Sukun Goreng,8000,"Ayam kampung penyet Isi 2 empal penyet isi 2,bebek penyet isi 2,bandeng presto isi 2,mangut lele isi 2",365000,28000,Sukses,28000,GoFood,https://gofood.co.id/id/malang/restaurant/dapur-93-malang-7444e10b-6259-438f-b4b4-5aad1eb334ee
364,Depot Widari,4.6,788,Wisata Umum,-7.9754065,112.619517,https://www.google.com/maps/place/Depot+Widari/data=!4m7!3m6!1s0x2e78829d860ac1b5:0x7bc07acde8979ab9!8m2!3d-7.9754065!4d112.619517!16s%2Fg%2F1hm4zqrfl!19sChIJtcEKhp2CeC4RuZqX6M16wHs?authuser=0&hl=id&rclk=1,Nasi putih biasa...,7700,babi goreng tepung tipis tanpa tulang dimasak dengan saus inggris dan kecap manis,75900,50600,Sukses,50600,GoFood,https://gofood.co.id/malang/restaurant/depot-widari-605f4a9f-2aec-4658-8bba-e7106fcd2150
365,Rumah Makan Prasmanan Bu Marni,3.7,520,Wisata Umum,-7.9631957,112.613541,https://www.google.com/maps/place/Rumah+Makan+Prasmanan+Bu+Marni/data=!4m7!3m6!1s0x2e788354ca38547b:0xce41fd46946e14f0!8m2!3d-7.9631957!4d112.613541!16s%2Fg%2F11rfnfm9tk!19sChIJe1Q4ylSDeC4R8BRulEb9Qc4?authuser=0&hl=id&rclk=1,Es Jeruk,5000,Nasi Campur Ayam Bakar - Capcay - Kering Tempe,26500,15000,Sukses,15000,GoFood,https://gofood.co.id/malang/restaurant/warung-bumarni-prasmanan-24jam-malang-bendungan-sutami-657f7d5c-c1e1-4605-895d-950379978a38
366,Rumah makan nyaman onggu,4.7,181,Wisata Umum,-7.960815,112.6137334,https://www.google.com/maps/place/Rumah+makan+nyaman+onggu/data=!4m7!3m6!1s0x2e78827ddfb9878f:0x5ccfe5b910e9d842!8m2!3d-7.960815!4d112.6137334!16s%2Fg%2F1hm5k9vc5!19sChIJj4e5332CeC4RQtjpELnlz1w?authuser=0&hl=id&rclk=1,Lalapan Tahu Tempe,14000,Nasi + Bebek Goreng + Lalapan + Sambal + Sambal Hijau,45000,20000,Sukses,20000,GoFood,https://gofood.co.id/malang/restaurant/warung-nyaman-ongghu-bendungan-sutam-2a64017a-5d6d-4408-897a-d2d625e10080
367,Rumah Makan Pecel Kawi Hj Musilah Asli 1975,4.3,5814,Wisata Umum,-7.9757225,112.6200297,https://www.google.com/maps/place/Rumah+Makan+Pecel+Kawi+Hj+Musilah+Asli+1975/data=!4m7!3m6!1s0x2dd62827639c20fd:0xc5b6351c172eca87!8m2!3d-7.9757225!4d112.6200297!16s%2Fg%2F11d_7s2bn_!19sChIJ_SCcYyco1i0Rh8ouFxw1tsU?authuser=0&hl=id&rclk=1,Bali Tahu,5000,Bumbu pecel,58750,12500,Sukses,12500,GoFood,https://gofood.co.id/malang/restaurant/pecel-kawi-asli-hj-musilah-sejak-tahun-1975-klojen-2d6ec224-62ea-425a-83eb-03b0695ad22f
368,Waroeng Sampah,4.9,76,Wisata Umum,-7.9580759,112.6202464,https://www.google.com/maps/place/Waroeng+Sampah/data=!4m7!3m6!1s0x2dd629d66b5b0d2d:0xfd7d6c39da130030!8m2!3d-7.9580759!4d112.6202464!16s%2Fg%2F11g9m3shym!19sChIJLQ1ba9Yp1i0RMAAT2jlsff0?authuser=0&hl=id&rclk=1,Isi 3,5000,Nasi Bandeng Presto + Tempe/Tahu + Lalapan + Teh (Es/Panas) + Pilihan Sambel (Bawang/Terasi/Tomat),18000,9000,Sukses,9000,GoFood,https://gofood.co.id/malang/restaurant/waroeng-sampah-klojen-c6051edb-b759-4417-8ac2-cb74f1b61eb0
369,Depot Lumayan,4.6,134,Wisata Umum,-7.9566628,112.6306818,https://www.google.com/maps/place/Depot+Lumayan/data=!4m7!3m6!1s0x2dd629d21c75f52d:0x5617af7e23e4a5ff!8m2!3d-7.9566628!4d112.6306818!16s%2Fg%2F11d_db39fv!19sChIJLfV1HNIp1i0R_6XkI36vF1Y?authuser=0&hl=id&rclk=1,nasi putih,5000,Lobster Jumbo,80000,11750,Sukses,11750,GoFood,https://gofood.co.id/malang/restaurant/warung-lumayan-joyo-agung-44131e79-976e-408a-89c7-b5b93fd29c07
370,orem-orem AREMA,4.6,1058,Wisata Umum,-7.9680927,112.613661,https://www.google.com/maps/place/orem-orem+AREMA/data=!4m7!3m6!1s0x2e788281d3c08dc3:0xc83e0a778e7cc814!8m2!3d-7.9680927!4d112.613661!16s%2Fg%2F11ckkydgfy!19sChIJw43A04GCeC4RFMh8jncKPsg?authuser=0&hl=id&rclk=1,ketupat+touge+kuah sayur tempe+telur,20000,ketupat +kuah sayur tempe+kecap+sambal+ayam telur,27000,21500,Sukses,21500,GoFood,https://gofood.co.id/malang/restaurant/orem-orem-arema-jl-galunggung-65bd09d0-c513-4044-93fe-2e3d4d6bb3aa
371,Pondok Desa,4.8,3335,Wisata Umum,-7.977038,112.623803,https://www.google.com/maps/place/Pondok+Desa/data=!4m7!3m6!1s0x2dd628212d73abcf:0x4b30b19e3319f0d4!8m2!3d-7.977038!4d112.623803!16s%2Fg%2F11c5hw_p0y!19sChIJz6tzLSEo1i0R1PAZM56xMEs?authuser=0&hl=id&rclk=1,Nasi Putih,7000,Nila Fillet Dibalur Telor Digoreng Kering Lengkap Dengan Saos Khas Pondok Desa,120000,35000,Sukses,35000,GoFood,https://gofood.co.id/malang/restaurant/pondok-desa-mal-olympic-garden-9f6409eb-34a8-4fc8-a25b-58ed0d5c6340
372,Piring Asia,4.6,2600,Wisata Umum,-7.9724354,112.6196354,https://www.google.com/maps/place/Piring+Asia/data=!4m7!3m6!1s0x2e78830cb46bcdfd:0x929e1bec85d7bc85!8m2!3d-7.9724354!4d112.6196354!16s%2Fg%2F11plchw870!19sChIJ_c1rtAyDeC4RhbzXhewbnpI?authuser=0&hl=id&rclk=1,Telor Ceplok,7950,Pai Can Ci 1 Ekr,133350,27700,Sukses,27700,GoFood,https://gofood.co.id/malang/restaurant/piring-asia-wilis-566fec9e-51f0-48e4-a64d-4ff3647f5830
373,Lodeh Porong,4.3,174,Wisata Umum,-7.9750888,112.6185958,https://www.google.com/maps/place/Lodeh+Porong/data=!4m7!3m6!1s0x2dd62826415b4cc7:0x4b7d1ab3c39c8eb5!8m2!3d-7.9750888!4d112.6185958!16s%2Fg%2F1hm6j9151!19sChIJx0xbQSYo1i0RtY6cw7MafUs?authuser=0&hl=id&rclk=1,Es Teh Tawar,6250,Ronde Besar Isi 10 Ronde Mini Kosongan Isi 8,45000,15000,Sukses,15000,GoFood,https://gofood.co.id/malang/restaurant/depot-lodeh-porong-kawi-atas-59840202-4ae4-4001-9d8f-d598b3b12e09
374,Sego Tempong by Cak Uut,4.6,1884,Wisata Umum,-7.979235,112.6313864,https://www.google.com/maps/place/Sego+Tempong+by+Cak+Uut/data=!4m7!3m6!1s0x2dd6298eb9924f9f:0xfca72eaaf2ba0eb!8m2!3d-7.979235!4d112.6313864!16s%2Fg%2F11t5tpyjw8!19sChIJn0-SuY4p1i0R66Arr-pyyg8?authuser=0&hl=id&rclk=1,Kerupuk Plastik,6500,1 Ekor Ayam Kampung Goreng + Sambal Tempong,150000,39000,Sukses,39000,GoFood,https://gofood.co.id/malang/restaurant/sego-tempong-by-cak-uut-klojen-bca2eec3-bb0d-4fab-a52a-a9ca12b04060
375,Kauri kitchen,4.6,384,Wisata Umum,-7.9594245,112.5992133,https://www.google.com/maps/place/Kauri+kitchen/data=!4m7!3m6!1s0x2e78826126e9db0d:0x573aa9db79642c4c!8m2!3d-7.9594245!4d112.5992133!16s%2Fg%2F11byxg25_n!19sChIJDdvpJmGCeC4RTCxkedupOlc?authuser=0&hl=id&rclk=1,Hot Jasmine Tea di Campur dengan Bunga Rosella dan Gula,14490,"Pizza 8 Slice dengan Sauce Barbeque Khas Kauri, dengan Topping Bombay, Paprika, Keju, Jagung, dan Keju Mozarella",99035,41400,Sukses,41400,GoFood,https://gofood.co.id/malang/restaurant/kauri-kitchen-sukun-189c3a36-1aa3-43ac-972d-37cca5c727ae
376,Lesehan Bambu1,4.3,1545,Wisata Umum,-7.957122,112.6125086,https://www.google.com/maps/place/Lesehan+Bambu1/data=!4m7!3m6!1s0x2e78827bf49b7259:0x38fbd2f10fb2071b!8m2!3d-7.957122!4d112.6125086!16s%2Fg%2F1hm1zkzff!19sChIJWXKb9HuCeC4RGweyD_HS-zg?authuser=0&hl=id&rclk=1,Nasi Putih,5500,4 Nasi + 2 Ayam Bakar + 1 Ayam Goreng + 1 Mujair Bakar + 1 Jamur Crispy,66500,13000,Sukses,13000,GoFood,https://gofood.co.id/malang/restaurant/lesehan-bambu-cafe-3-sidomakmur-0149926e-dc0b-4edf-acf5-abf15b686ce8
377,Warung Meme,4.7,49,Warung Meme,-7.9662515,112.6106814,https://www.google.com/maps/place/Warung+Meme/data=!4m7!3m6!1s0x2e7882865e886a77:0x7609bd7a4961abe!8m2!3d-7.9662515!4d112.6106814!16s%2Fg%2F11c14yx18n!19sChIJd2qIXoaCeC4RvhqWpNebYAc?authuser=0&hl=id&rclk=1,Teh Tawar,5000,"Ayam Sisit Merah, Ayam Betutu Suwir, Telor Bumbu Bali, Lawar Ayam, Jukut Bejek, Goreng Babi/ayam, Sambal Matah, Sate Babi",40000,17000,Sukses,17000,GoFood,https://gofood.co.id/malang/restaurant/warung-meme-tidar-68694697-3474-46bb-af5f-23cddd0ffd59
378,Ayam Panggang Mbak SRI ono D / H (Nyik Sun) Kayutangan,4.3,611,Wisata Umum,-7.9771098,112.6248904,https://www.google.com/maps/place/Ayam+Panggang+Mbak+SRI+ono+D+%2F+H+%28Nyik+Sun%29+Kayutangan/data=!4m7!3m6!1s0x2dd62826b34acf25:0xfa354798977c4ad!8m2!3d-7.9771098!4d112.6248904!16s%2Fg%2F11fy9m9h56!19sChIJJc9KsyYo1i0RrcR3iXlUow8?authuser=0&hl=id&rclk=1,Bakwan Jagung,5000,Bebek Goreng,40000,21000,Sukses,21000,GoFood,https://gofood.co.id/malang/restaurant/ayam-panggang-mbak-sri-ono-d-h-mak-nyik-nyik-sun-klojen-3a9e8141-e8da-4e7a-b3cf-e25cebd33767
379,Warung Barokah 10,4.3,511,Warung Barokah 10,-7.962844,112.606945,https://www.google.com/maps/place/Warung+Barokah+10/data=!4m7!3m6!1s0x2e788262a76dd99b:0x3717fc0a75d0a55!8m2!3d-7.962844!4d112.606945!16s%2Fg%2F11b6j74khk!19sChIJm9ltp2KCeC4RVQpdp8B_cQM?authuser=0&hl=id&rclk=1,Usus Crispy,5000,Ayam Goreng Potongan Besar + Sambal Dan Lalapan,16850,10000,Sukses,10000,GoFood,https://gofood.co.id/malang/restaurant/warung-barokah-10-sukun-02e17e7f-dbd6-4bc6-9cd0-984dac4931d1
380,Warung Sholawat Nasi Bhuk Hj. Saudah,4.1,554,Wisata Umum,-7.9756041,112.6197506,https://www.google.com/maps/place/Warung+Sholawat+Nasi+Bhuk+Hj.+Saudah/data=!4m7!3m6!1s0x2dd62827628a2193:0x8b42dee9b4467ef2!8m2!3d-7.9756041!4d112.6197506!16s%2Fg%2F1hm59kd72!19sChIJkyGKYico1i0R8n5GtOneQos?authuser=0&hl=id&rclk=1,Teh Hangat,12000,Paket 2 Porsi Nasi Pecel Telor,65000,44000,Sukses,44000,GoFood,https://gofood.co.id/malang/restaurant/nasi-bhuk-sholawat-hj-saudah-d8b79c6e-18f7-408f-b2ad-949ee2ff1fb4
381,The Arbanat Kitchen Cafe Lounge,4.5,2798,Wisata Umum,-7.9721959,112.6071336,https://www.google.com/maps/place/The+Arbanat+Kitchen+Cafe+Lounge/data=!4m7!3m6!1s0x2e78828ff02a1493:0x122f370bc58dee11!8m2!3d-7.9721959!4d112.6071336!16s%2Fg%2F11fx8bslc9!19sChIJkxQq8I-CeC4REe6NxQs3LxI?authuser=0&hl=id&rclk=1,Roti waloeh dengan isian coklat,13200,"Australian Striploin 200gr, Sauted Vegetable, Choice Of Potato (Potato Fries/ Mashed Potato) Choice Of Sauce (BBQ Sauce/ Mushroom Sauce)",329800,46000,Sukses,46000,GoFood,https://gofood.co.id/malang/restaurant/arbanat-kitchen-cafe-lounge-terusan-dieng-821329a5-9a9e-49d7-8593-ddd625dcbbbe
382,RJB - Rumah Jagal Bapa,4.5,501,Wisata Umum,-7.9622471,112.60029,https://www.google.com/maps/place/RJB+-+Rumah+Jagal+Bapa/data=!4m7!3m6!1s0x2e7883fce80a32f3:0xdafa0072b7bcfd03!8m2!3d-7.9622471!4d112.60029!16s%2Fg%2F11h39r_9xg!19sChIJ8zIK6PyDeC4RA_28t3IA-to?authuser=0&hl=id&rclk=1,Aqua Botol 600 ml,6000,Proses pemasakan (min 45 menit),222000,90000,Sukses,90000,GoFood,https://gofood.co.id/malang/restaurant/rumah-jagal-bapa-sukun-0b20ad82-0322-4d26-be6d-4aef46055be3
383,Warung Bu Marni Prasmanan,4.1,1228,Warung Bu Marni Prasmanan,-7.9411244,112.6233193,https://www.google.com/maps/place/Warung+Bu+Marni+Prasmanan/data=!4m7!3m6!1s0x2dd629190e52abb7:0x214c1aa5112d8e9!8m2!3d-7.9411244!4d112.6233193!16s%2Fg%2F11jv33021n!19sChIJt6tSDhkp1i0R6dgSUarBFAI?authuser=0&hl=id&rclk=1,Es Jeruk,5000,Nasi Campur Ayam Bakar - Capcay - Kering Tempe,26500,15000,Sukses,15000,GoFood,https://gofood.co.id/malang/restaurant/warung-bumarni-prasmanan-24jam-malang-bendungan-sutami-657f7d5c-c1e1-4605-895d-950379978a38
384,Warung Prasmanan Andong,4.5,609,Warung Prasmanan Andong,-7.949006,112.618743,https://www.google.com/maps/place/Warung+Prasmanan+Andong/data=!4m7!3m6!1s0x2e78827636d53ca3:0x772d1d01716d4aee!8m2!3d-7.949006!4d112.618743!16s%2Fg%2F11b6gfgs4w!19sChIJozzVNnaCeC4R7kptcQEdLXc?authuser=0&hl=id&rclk=1,Es / Hangat Nutrisari,5000,"Nasi, Ayam Goreng/kare/bumbu Kecap, Sayur 2 Macam Milih Sendiri + Sambal.",17500,8500,Sukses,8500,GoFood,https://gofood.co.id/malang/restaurant/warung-prasmanan-andong-lowokwaru-800fb157-f7f0-4ea0-ad63-9e81161ad771
385,Depot 200,4.5,395,Wisata Umum,-7.9372434,112.60608,https://www.google.com/maps/place/Depot+200/data=!4m7!3m6!1s0x2e78831effd02b39:0xc01d90454ff12c0!8m2!3d-7.9372434!4d112.60608!16s%2Fg%2F11fm6qjbkz!19sChIJOSvQ_x6DeC4RwBL_VATZAQw?authuser=0&hl=id&rclk=1,kopi gooday,7000,Nasi goreng lemak + es teh,22000,19000,Sukses,19000,GoFood,https://gofood.co.id/malang/restaurant/depot-200-dinoyo-d168407d-e041-44ee-a89b-245a3f36c0d3
386,Gudla - Gudang Lauk,4.5,466,Wisata Umum,-7.9449276,112.6288876,https://www.google.com/maps/place/Gudla+-+Gudang+Lauk/data=!4m7!3m6!1s0x2dd629ceefe0c597:0x6d6ad8aea0d5126e!8m2!3d-7.9449276!4d112.6288876!16s%2Fg%2F11pv2y9xrl!19sChIJl8Xg784p1i0RbhLVoK7Yam0?authuser=0&hl=id&rclk=1,Terong+Ikan Asin (Pedas Sedang) Di Tumis Lezat,6400,Cumi Hitam Pedas Sedang,28800,14400,Sukses,14400,GoFood,https://gofood.co.id/malang/restaurant/gudla-lowokwaru-56af73d5-0f24-4485-8574-66303b3b44f6
387,Kedai Pakcik Abin - Melayu Food & Drink,4.4,2754,Wisata Umum,-7.9445414,112.627889,https://www.google.com/maps/place/Kedai+Pakcik+Abin+-+Melayu+Food+%26+Drink/data=!4m7!3m6!1s0x2dd629dc458295a7:0xd8dbb474f69659c3!8m2!3d-7.9445414!4d112.627889!16s%2Fg%2F11byl1909f!19sChIJp5WCRdwp1i0Rw1mW9nS029g?authuser=0&hl=id&rclk=1,Nasi Putih,8000,"Sop buntut khas melayu, kaya rempah dan menghangatkan",78500,26675,Sukses,26675,GoFood,https://gofood.co.id/malang/restaurant/kedai-pak-cik-abin-kendalsari-f7c10a22-272c-4bf1-9f4a-51da3b145e32
388,Warung TEMA,4.7,515,Warung TEMA,-7.9446846,112.6190566,https://www.google.com/maps/place/Warung+TEMA/data=!4m7!3m6!1s0x2e78838558a74249:0x2156d902a47f1197!8m2!3d-7.9446846!4d112.6190566!16s%2Fg%2F11lkgq1vfq!19sChIJSUKnWIWDeC4RlxF_pALZViE?authuser=0&hl=id&rclk=1,Tahu Bali,5900,Paket Nasi Putih dengan lauk Daging Batokok khas Minangkabau. Gratis Sayur Labu,34500,16500,Sukses,16500,GoFood,https://gofood.co.id/malang/restaurant/warung-tema-ce373ddb-3dc3-4758-b7dc-68353e3942d0
389,Rawon Cak Wot,4.4,226,Wisata Umum,-7.9442772,112.6194422,https://www.google.com/maps/place/Rawon+Cak+Wot/data=!4m7!3m6!1s0x2e7882757806315d:0x407f4bf5ae1e4165!8m2!3d-7.9442772!4d112.6194422!16s%2Fg%2F11f3jk8dnt!19sChIJXTEGeHWCeC4RZUEervVLf0A?authuser=0&hl=id&rclk=1,Sate Usus,6000,(Isi 2) + Nasi,30000,14000,Sukses,14000,GoFood,https://gofood.co.id/malang/restaurant/rawon-cak-wot-suhat-sukarno-hatta-e5e07389-a218-449d-aa2d-4538b1d54a18
390,Warung Pagi,3.9,357,Warung Pagi,-7.9439807,112.6102536,https://www.google.com/maps/place/Warung+Pagi/data=!4m7!3m6!1s0x2e788272ef2eaf2b:0x62d8f2408ad4d5ec!8m2!3d-7.9439807!4d112.6102536!16s%2Fg%2F1hm3tgqzq!19sChIJK68u73KCeC4R7NXUikDy2GI?authuser=0&hl=id&rclk=1,Rempela Ati Sunduk,6000,Nasi+Sayur+Bumbu+Lodeh+Oseng-oseng+Bakwan Jagung+Ikan Asin,8000,8000,Sukses,8000,GoFood,https://gofood.co.id/malang/restaurant/warung-pagi-bbcb3b08-daf0-4725-9c64-c722de538d1f
391,Warung Dkeprek,4.5,1186,Warung Dkeprek,-7.9489346,112.6114503,https://www.google.com/maps/place/Warung+Dkeprek/data=!4m7!3m6!1s0x2e7882710c21c383:0x642287bdef90aad5!8m2!3d-7.9489346!4d112.6114503!16s%2Fg%2F11b6cmk5f8!19sChIJg8MhDHGCeC4R1aqQ772HImQ?authuser=0&hl=id&rclk=1,D’Ice/D’Hot Tea,5400,D'Mie Ayam Telor Tempe Tahu Keprek,42500,21250,Sukses,21250,GoFood,https://gofood.co.id/malang/restaurant/d-keprek-kertosentono-12ef84d0-4c93-4052-9a24-88e87c5de10b
392,Depot Ijo,4.8,36,Wisata Umum,-7.962314,112.6311314,https://www.google.com/maps/place/Depot+Ijo/data=!4m7!3m6!1s0x2dd6282d5b6eb611:0x1fcce70ba4ea5176!8m2!3d-7.962314!4d112.6311314!16s%2Fg%2F11f0wlbg8t!19sChIJEbZuWy0o1i0RdlHqpAvnzB8?authuser=0&hl=id&rclk=1,Aqua Botol 600 ml,5500,"Lontong, opor ayam kampung panggang, sayur rebung, sambal goreng tahu ampela, telur bacem, udang kering, bubuk gurih",40000,22000,Sukses,22000,GoFood,https://gofood.co.id/malang/restaurant/depot-ijo-royo-royo-batu-dc1b4a79-a7f7-4b4d-bbca-3ca413e27ef9
393,Warung Makan Pawon Sasak Lombok,4.6,136,Warung Makan Pawon Sasak Lombok,-7.9206535,112.5942866,https://www.google.com/maps/place/Warung+Makan+Pawon+Sasak+Lombok/data=!4m7!3m6!1s0x2e7881facefbd4e7:0x8a75ecc8ec4155e8!8m2!3d-7.9206535!4d112.5942866!16s%2Fg%2F11hd73g4qm!19sChIJ59T7zvqBeC4R6FVB7MjsdYo?authuser=0&hl=id&rclk=1,extrajoss,6000,"Nasi, ikan nila goreng, tempe, tahu, sambel goreng",19000,13250,Sukses,13250,GoFood,https://gofood.co.id/malang/restaurant/warung-makan-pawon-sasak-lombok-lowokwaru-969fb67e-a922-4ecf-926c-8c33e5c39e35
394,Bukit Delight,4.5,5652,Wisata Umum,-7.9389171,112.5903116,https://www.google.com/maps/place/Bukit+Delight/data=!4m7!3m6!1s0x2e78823eb2768b5f:0x57caac891b8c6711!8m2!3d-7.9389171!4d112.5903116!16s%2Fg%2F11cs37w14c!19sChIJX4t2sj6CeC4REWeMG4msylc?authuser=0&hl=id&rclk=1,Ice Americano,17000,"Nasi, Bebek, Tempe, Tahu, Sayur",45000,24000,Sukses,24000,GoFood,https://gofood.co.id/malang/restaurant/bukit-delight-9b3666bb-8f06-4018-9598-b7c97a4bd0d7
395,Warung Mak Par,4.6,1702,Warung Mak Par,-7.9423788,112.5971231,https://www.google.com/maps/place/Warung+Mak+Par/data=!4m7!3m6!1s0x2e78821545e34edd:0x9e6f4fcba63c8f92!8m2!3d-7.9423788!4d112.5971231!16s%2Fg%2F11b6ygwpft!19sChIJ3U7jRRWCeC4Rko88pstPb54?authuser=0&hl=id&rclk=1,Es Teh,5000,"Sambel Bawang,Tomat,Kacang,Bawang Kecap",17000,11250,Sukses,11250,GoFood,https://gofood.co.id/malang/restaurant/warung-mak-par-lowokwaru-1bc145d7-921e-4626-99f0-11d011f587b5
396,Warung Nasi Bu Pah,4.8,135,Warung Nasi Bu Pah,-7.9479565,112.6088939,https://www.google.com/maps/place/Warung+Nasi+Bu+Pah/data=!4m7!3m6!1s0x2e788271f1a4b0e1:0x67ad07652b9a200c!8m2!3d-7.9479565!4d112.6088939!16s%2Fg%2F11b6cm8knw!19sChIJ4bCk8XGCeC4RDCCaK2UHrWc?authuser=0&hl=id&rclk=1,Jeruk,6000,Nasi + Iga Goreng Crispy + Sambal Pedas Lalapan + Kuah Soup,50000,15500,Sukses,15500,GoFood,https://gofood.co.id/malang/restaurant/warung-bu-yayah-pahlawan-7f48d00c-5a75-49e5-a91e-eb750e55aa6d
397,Depot Mentari,4.4,119,Wisata Umum,-7.9387725,112.6333279,https://www.google.com/maps/place/Depot+Mentari/data=!4m7!3m6!1s0x2dd629cbbf19569b:0xe8014266dee6c4c0!8m2!3d-7.9387725!4d112.6333279!16s%2Fg%2F11w49jlg9v!19sChIJm1YZv8sp1i0RwMTm3mZCAeg?authuser=0&hl=id&rclk=1,Perkedel,5000,Nasi Kuning + Mie + Kering Tempe + Telur + Ayam + Daging Bumbu Merah,50050,25000,Sukses,25000,GoFood,https://gofood.co.id/malang/restaurant/nasi-campur-nasi-kuning-depot-mentari-lowokwaru-59d2fbe2-dd6e-49a5-b295-414749e9b648
398,Warung Dacil,4.2,600,Warung Dacil,-7.9502328,112.6110715,https://www.google.com/maps/place/Warung+Dacil/data=!4m7!3m6!1s0x2e788270ffb1ab89:0x196d03ae882f5ba1!8m2!3d-7.9502328!4d112.6110715!16s%2Fg%2F11b6d02zsd!19sChIJiaux_3CCeC4RoVsviK4DbRk?authuser=0&hl=id&rclk=1,Ice Nutrisari,5000,Nasi Goreng dengan topping Ikan Asin + Pete dan Cita Rasa Yang Khas,21500,15500,Sukses,15500,GoFood,https://gofood.co.id/malang/restaurant/waroeng-dacil-perumahan-river-park-eco-village-8c6ef66d-1488-4be8-bbf6-e28614ac68bb
399,"WARUNG LPI , Catering murah malang",4.8,53,Wisata Umum,-7.9487187,112.6106684,"https://www.google.com/maps/place/WARUNG+LPI+,+Catering+murah+malang/data=!4m7!3m6!1s0x2e7883ca2333be79:0x3282ed8bb6a267e9!8m2!3d-7.9487187!4d112.6106684!16s%2Fg%2F11j2xgpkcr!19sChIJeb4zI8qDeC4R6WeitovtgjI?authuser=0&hl=id&rclk=1",Pop Ice Blender,5000,Salad Buah Mommy 750ml,25000,15000,Sukses,15000,GoFood,https://gofood.co.id/malang/restaurant/warung-lpi-kertosentono-lowokwaru-78ec57ac-7d35-4295-ba49-9bb3959b682b
400,Warung Makan by Arjuna,4.8,56,Warung Makan by Arjuna,-7.9271353,112.591653,https://www.google.com/maps/place/Warung+Makan+by+Arjuna/data=!4m7!3m6!1s0x2e78830043d33385:0x23473eb5f4495568!8m2!3d-7.9271353!4d112.591653!16s%2Fg%2F11yq_ylf6n!19sChIJhTPTQwCDeC4RaFVJ9LU-RyM?authuser=0&hl=id&rclk=1,Telur Ceplok/telor Dadar,5000,Bebek Goreng + Sambal Dg Pilihan Sambal Bawang Atw Sambal Tomat,18000,10500,Sukses,10500,GoFood,https://gofood.co.id/malang/restaurant/warung-arjuna-2-perum-malang-anggun-sejahtera-9d7b7ab8-941e-4717-ae7b-b4933917a410
401,Dapur Enak Eco-Cab. Karangploso,4.5,777,Wisata Umum,-7.9078796,112.616241,https://www.google.com/maps/place/Dapur+Enak+Eco-Cab.+Karangploso/data=!4m7!3m6!1s0x2e78819b9d9022ff:0x21faba2239ca158f!8m2!3d-7.9078796!4d112.616241!16s%2Fg%2F11jynq73yv!19sChIJ_yKQnZuBeC4RjxXKOSK6-iE?authuser=0&hl=id&rclk=1,Lontong,5000,"2 Potong Paha, 2 Potong Dada",106000,19500,Sukses,19500,GoFood,https://gofood.co.id/malang/restaurant/dapur-enak-eco-kagrengan-174806b6-204d-49b1-a362-05e20c27954b
402,Warung Nasi Dermo 42,4.7,668,Warung Nasi Dermo 42,-7.9254403,112.5885162,https://www.google.com/maps/place/Warung+Nasi+Dermo+42/data=!4m7!3m6!1s0x2e7882271f4a9803:0x936bc5bd26ac0185!8m2!3d-7.9254403!4d112.5885162!16s%2Fg%2F11b75k94sd!19sChIJA5hKHyeCeC4RhQGsJr3Fa5M?authuser=0&hl=id&rclk=1,Nasi + Sayur Sop + Ayam,10000,Ayam + Nasi + Sambal Bawang,10000,10000,Sukses,10000,GoFood,https://gofood.co.id/id/malang/restaurant/dermo-42-dau-eef50cf0-1a1b-431c-9676-c777549afa44
403,Warteg Sari Rasa,4.6,797,Wisata Umum,-7.9448281,112.6067841,https://www.google.com/maps/place/Warteg+Sari+Rasa/data=!4m7!3m6!1s0x2e7883f9129c7001:0x3c00539a35ba1eb0!8m2!3d-7.9448281!4d112.6067841!16s%2Fg%2F11ndxm3l1q!19sChIJAXCcEvmDeC4RsB66NZpTADw?authuser=0&hl=id&rclk=1,Air Mineral,5000,2Nasi + Ayam + Ampela Ati + Tahu/ Tempe,26500,8600,Sukses,8600,GoFood,https://gofood.co.id/malang/restaurant/warteg-sarirasa-jl-joyo-tambaksasi-kec-lowokwaru-f6e61a55-dcfa-45ee-a0a2-c78810c53ba1
404,Dapur Sajen Cafe Resto Tempat makan enak Resto keluarga Pizza Enak,4.8,53,Wisata Umum,-7.9523757,112.603373,https://www.google.com/maps/place/Dapur+Sajen+Cafe+Resto+Tempat+makan+enak+Resto+keluarga+Pizza+Enak/data=!4m7!3m6!1s0x2e7883839ddd5c09:0x4a061fd2bd52a558!8m2!3d-7.9523757!4d112.603373!16s%2Fg%2F11tg0bt2dc!19sChIJCVzdnYODeC4RWKVSvdIfBko?authuser=0&hl=id&rclk=1,Es lemon tea,12000,"Rayakan momen spesial dengan pizza custom dari Sajen.Bisa request tulisan untuk ulang tahun, anniversary, ucapan semangat, hingga cepat sembuh untuk orang tersayang.Karena perhatian kecil bisa terasa begitu berarti",75000,20250,Sukses,20250,GoFood,https://gofood.co.id/malang/restaurant/dapur-sajen-rumah-makan-jl-raya-candi-vi-041245d1-ad18-45ca-ac3b-03846a1cfbd3
405,"Warung ""Restu Ibu""",4.9,38,"Warung ""Restu Ibu""",-7.9501571,112.608613,https://www.google.com/maps/place/Warung+%22Restu+Ibu%22/data=!4m7!3m6!1s0x2e7882702d6de1e1:0xffb5fbf87041da53!8m2!3d-7.9501571!4d112.608613!16s%2Fg%2F11b6c9h55p!19sChIJ4eFtLXCCeC4RU9pBcPj7tf8?authuser=0&hl=id&rclk=1,Nasi 1 Porsi,5000,Nasi Goreng Jawa + Telor Dadar,16000,6000,Sukses,6000,GoFood,https://gofood.co.id/malang/restaurant/warung-restu-ibu-kel-ketawanggede-kec-lowokwaru-depan-apotek-nur-farma-eb9f02a9-cf13-407a-9d9e-b3ca09d2fc80
406,Kedai Assalamu'alaikum,4.4,9798,Wisata Umum,-7.9223976,112.5962016,https://www.google.com/maps/place/Kedai+Assalamu%27alaikum/data=!4m7!3m6!1s0x2e7881f556b96da3:0xa50344dfc024e0b2!8m2!3d-7.9223976!4d112.5962016!16s%2Fg%2F1hm3ylkqg!19sChIJo225VvWBeC4RsuAkwN9EA6U?authuser=0&hl=id&rclk=1,"Teh tawar panas dengan warna keemasan jernih dan aroma alami daun teh. Disajikan fresh tanpa gula, cocok untuk pendamping makan atau dinikmati kapan saja",5000,"Ikan gurami segar dibakar hingga matang sempurna dengan bumbu khas, menghasilkan aroma smokey yang menggugah selera. Disajikan dengan sambal lezat dan lalapan segar, menghadirkan cita rasa gurih, manis, dan pedas yang pas di setiap gigitan",75000,16667,Sukses,16667,GoFood,https://gofood.co.id/malang/restaurant/kedai-assalamu-alaikum-tlogomas-raya-c112cca0-b90e-40b3-9c1d-c0f977db33e5
407,"Warung Acil Barakat, Masakan Banjar",4.7,265,"Warung Acil Barakat, Masakan Banjar",-7.9396964,112.604166,"https://www.google.com/maps/place/Warung+Acil+Barakat,+Masakan+Banjar/data=!4m7!3m6!1s0x2e7882133ae6811b:0x28c2dd5c30cc5020!8m2!3d-7.9396964!4d112.604166!16s%2Fg%2F1ptyvr8rk!19sChIJG4HmOhOCeC4RIFDMMFzdwig?authuser=0&hl=id&rclk=1","1 Cup Es Setrup/sirop, Homemade tanpa pengawet Yah",7000,Ayam Panggang dengan Saos Khas Banjar Nasi Kuning,19000,16000,Sukses,16000,GoFood,https://gofood.co.id/malang/restaurant/warung-acil-barakat-masakan-khas-banjarmasin-merjosari-kota-malang-ed20ec84-67cd-474d-af62-f5b24c81a418
408,Resto Warung Nasi Legenda Kurniawan,4.5,22,Resto Warung Nasi Legenda Kurniawan,-7.9466383,112.6095662,https://www.google.com/maps/place/Resto+Warung+Nasi+Legenda+Kurniawan/data=!4m7!3m6!1s0x2e7882723d95a583:0x407c7effdf171374!8m2!3d-7.9466383!4d112.6095662!16s%2Fg%2F11c0rvygxw!19sChIJg6WVPXKCeC4RdBMX3_9-fEA?authuser=0&hl=id&rclk=1,"Martabak Dg Isi Bihun Dan Wortel, dibalut dg telur diluarnya+ Lombok + Petis",5000,Nasi + 1 Potong Lodho Ayam Kampung,32500,16000,Sukses,16000,GoFood,https://gofood.co.id/malang/restaurant/warung-legenda-83-malang-ff854ed3-990b-4b51-bde5-b165a609c240
409,Depot Surya,4.0,21,Wisata Umum,-7.9438562,112.6110245,https://www.google.com/maps/place/Depot+Surya/data=!4m7!3m6!1s0x2e78827395cd9edd:0xc76438331c85baf5!8m2!3d-7.9438562!4d112.6110245!16s%2Fg%2F1pzv74b52!19sChIJ3Z7NlXOCeC4R9bqFHDM4ZMc?authuser=0&hl=id&rclk=1,Teh + Es,5000,Gurami Di Fillet Di Siram Saos Pedes Manis,58000,27000,Sukses,27000,GoFood,https://gofood.co.id/surabaya/restaurant/depot-surya-19f36466-1f29-42eb-8f18-9e8e35ced137
410,Kampung Kuliner,4.2,277,Wisata Umum,-7.9444444,112.61,https://www.google.com/maps/place/Kampung+Kuliner/data=!4m7!3m6!1s0x2e788272f38cdb69:0xc2cb05fec36af25e!8m2!3d-7.9444444!4d112.61!16s%2Fg%2F1hm278lf3!19sChIJaduM83KCeC4RXvJqw_4Fy8I?authuser=0&hl=id&rclk=1,Teh Manis (Es/panas),5000,Kentang Goreng + Kebab Ayam+ Roti + sayur2,45000,29000,Sukses,29000,GoFood,https://gofood.co.id/malang/restaurant/kampung-kuliner-afghanistan-malang-perum-graha-mulia-nok3-0d265f67-3577-4d88-a26b-b0c445008984
411,Warung Bu Gito,4.2,226,Warung Bu Gito,-7.9409255,112.6229181,https://www.google.com/maps/place/Warung+Bu+Gito/data=!4m7!3m6!1s0x2dd629e088108dbf:0xa4915d5703356a6a!8m2!3d-7.9409255!4d112.6229181!16s%2Fg%2F1hc3wtb97!19sChIJv40QiOAp1i0Ramo1A1ddkaQ?authuser=0&hl=id&rclk=1,Teh Panas,5000,Nasi+Mie+Oseng+Kering+Sate Komo+Timun+Sambel,45000,15600,Sukses,15600,GoFood,https://gofood.co.id/malang/restaurant/warung-nasi-bu-gito-3dab2be3-e056-49e3-a693-331bf8e4a56d
412,WARUNG KRAWU JOYO AGUNG PLUS PLUS,4.8,129,Wisata Umum,-7.9376038,112.5787845,https://www.google.com/maps/place/WARUNG+KRAWU+JOYO+AGUNG+PLUS+PLUS/data=!4m7!3m6!1s0x2e78823166451899:0x83871abc1de5f3d5!8m2!3d-7.9376038!4d112.5787845!16s%2Fg%2F11bytsmtkk!19sChIJmRhFZjGCeC4R1fPlHbwah4M?authuser=0&hl=id&rclk=1,Ada 2 macam pilihan telor puyuh bumbu bacem dan telor puyuh bumbu rujak. Satu tusuk ada 5 telor.,5500,"Nasi Kuning, Daging Suwir, Tempe, Kentang, Mie, Sambal Khas Joyo Agung",23000,11750,Sukses,11750,GoFood,https://gofood.co.id/malang/restaurant/nasi-krawu-joyo-agung-malang-05eea6a2-cb27-4562-afb0-c04e79cbab12
413,Warung Nasi Bu Eny,4.8,198,Warung Nasi Bu Eny,-7.9494165,112.6036578,https://www.google.com/maps/place/Warung+Nasi+Bu+Eny/data=!4m7!3m6!1s0x2e78826ee98295c7:0xed2b8a782c346c96!8m2!3d-7.9494165!4d112.6036578!16s%2Fg%2F11clwl8s70!19sChIJx5WC6W6CeC4Rlmw0LHiKK-0?authuser=0&hl=id&rclk=1,ES TEH,5500,lontong,18500,18000,Sukses,18000,GoFood,https://gofood.co.id/malang/restaurant/warung-nasi-bu-en-3c7e692c-bb63-4d71-8ecb-b9af718036cd
414,Depot Pilihan Rakyat,4.7,872,Restoran · Jl. Ciliwung No.55,-7.9539076,112.6439708,https://www.google.com/maps/place/Depot+Pilihan+Rakyat/data=!4m7!3m6!1s0x2dd629347b608fb1:0xdc7be6cfc66eaf6b!8m2!3d-7.9539076!4d112.6439708!16s%2Fg%2F11yr_jljxt!19sChIJsY9gezQp1i0Ra69uxs_me9w?authuser=0&hl=id&rclk=1,Tahu Crispy Dg Rasa Pedas Dan Toping Saos Petis Yg Yummi,10000,Ayam Dengan Sambel Super Duber Pedas,27000,18000,Sukses,18000,GoFood,https://gofood.co.id/malang/restaurant/depot-d08c326f-49ee-43db-8463-d0791de95e0b
415,Warung Tegal (Warteg) bu marni,4.4,172,Warung Tegal (Warteg) bu marni,-7.9288916,112.6080414,https://www.google.com/maps/place/Warung+Tegal+%28Warteg%29+bu+marni/data=!4m7!3m6!1s0x2e788307565ae90d:0xdc1bc14316d9e786!8m2!3d-7.9288916!4d112.6080414!16s%2Fg%2F11kdwpqk1v!19sChIJDelaVgeDeC4RhufZFkPBG9w?authuser=0&hl=id&rclk=1,Es Jeruk,5000,Nasi Campur Ayam Bakar - Capcay - Kering Tempe,26500,15000,Sukses,15000,GoFood,https://gofood.co.id/malang/restaurant/warung-bumarni-prasmanan-24jam-malang-bendungan-sutami-657f7d5c-c1e1-4605-895d-950379978a38
416,Pakistan Resto,4.4,118,Wisata Umum,-7.9525931,112.6096463,https://www.google.com/maps/place/Pakistan+Resto/data=!4m7!3m6!1s0x2e788300626c2055:0x23d800bc3087e246!8m2!3d-7.9525931!4d112.6096463!16s%2Fg%2F11y8zvztf0!19sChIJVSBsYgCDeC4RRuKHMLwA2CM?authuser=0&hl=id&rclk=1,"Teh Dingin Dengan Rasa Lemon, Ringan Dan Menyegarkan",8000,"Biryani Nampan 5 orang Spesial Ayam Tandoori, Ayam Tikka Kambing Bakar",170000,29500,Sukses,29500,GoFood,https://gofood.co.id/malang/restaurant/pakistan-resto-sumbersari-137780cd-afd9-4854-a2dd-143deb103e48
417,Vivacity Dapur Kuliner Malang,4.5,104,Wisata Umum,-7.9471821,112.6048908,https://www.google.com/maps/place/Vivacity+Dapur+Kuliner+Malang/data=!4m7!3m6!1s0x2e7883721ddc4bcf:0xd1e09c0aec4103f1!8m2!3d-7.9471821!4d112.6048908!16s%2Fg%2F11h1g378ny!19sChIJz0vcHXKDeC4R8QNB7Aqc4NE?authuser=0&hl=id&rclk=1,Teh Manis,5000,P3 Super Jumbo,28000,14000,Sukses,14000,GoFood,https://gofood.co.id/malang/restaurant/bubur-abah-odil-vivacity-dapur-kuliner-malang-73c4794b-fb49-465c-9d23-04ea62512d0b
418,"Waroeng Spesial Sambal ""SS"" Sengkaling",4.4,6450,Wisata Umum,-7.9170578,112.5886175,https://www.google.com/maps/place/Waroeng+Spesial+Sambal+%22SS%22+Sengkaling/data=!4m7!3m6!1s0x2e78819bfeac2783:0x9dd59aebd157a375!8m2!3d-7.9170578!4d112.5886175!16s%2Fg%2F1pzqbkdzl!19sChIJgyes_puBeC4RdaNX0eua1Z0?authuser=0&hl=id&rclk=1,Sambal Bawang Brambang Goreng,5400,3 porsi lauk iga sapi siap goreng dalam bentuk frozen,117500,12200,Sukses,12200,GoFood,https://gofood.co.id/malang/restaurant/waroeng-spesial-sambal-ss-sengkaling-a0bc697e-2d59-4bee-804f-a7b4730289b5
419,Sekuteng Bandung,4.7,62,Wisata Umum,-7.9022116,112.5609195,https://www.google.com/maps/place/Sekuteng+Bandung/data=!4m7!3m6!1s0x2e78810d793fe159:0x20383d11471ed97f!8m2!3d-7.9022116!4d112.5609195!16s%2Fg%2F11b6pxx2t9!19sChIJWeE_eQ2BeC4Rf9keRxE9OCA?authuser=0&hl=id&rclk=1,Wedang Jahe,18000,"Perpaduan siomay komplit + batagor bumbu : pedas, sedang, tidak pedas sama sekali",38000,20000,Sukses,20000,GoFood,https://gofood.co.id/malang/restaurant/sekuteng-bandung-ir-soekarno-4a62ad1a-c63f-49b4-862d-de7278165e9a
420,Waroeng Tepi Sawah,4.4,378,Restoran,-7.8722942,112.572317,https://www.google.com/maps/place/Waroeng+Tepi+Sawah/data=!4m7!3m6!1s0x2e788178b1017239:0x730ab61498a0bbf1!8m2!3d-7.8722942!4d112.572317!16s%2Fg%2F11fljj820g!19sChIJOXIBsXiBeC4R8bugmBS2CnM?authuser=0&hl=id&rclk=1,Nasi,5500,"Saos Asam Manis Isian bombay,nanas,wortel dan timun",75000,17250,Sukses,17250,GoFood,https://gofood.co.id/malang/restaurant/warung-tepi-sawah-tawang-argo-75916a56-aaf5-4922-81e3-a0ce40d467c7
421,Bebek Kerto tunggulwulung,4.6,321,Wisata Umum,-7.9233487,112.6027796,https://www.google.com/maps/place/Bebek+Kerto+tunggulwulung/data=!4m7!3m6!1s0x2e78835b8c7383b5:0x921442d6296f0f7b!8m2!3d-7.9233487!4d112.6027796!16s%2Fg%2F11scbzctvd!19sChIJtYNzjFuDeC4Rew9vKdZCFJI?authuser=0&hl=id&rclk=1,Nasi Putih,8250,Bebek Paprika 1 Ekor,169813,26125,Sukses,26125,GoFood,https://gofood.co.id/malang/restaurant/bebek-kerto-gajayana-430c38c0-758c-4486-996a-8c37ee2a606b
422,Omah Jajan,4.3,39,Wisata Umum,-7.8964191,112.608145,https://www.google.com/maps/place/Omah+Jajan/data=!4m7!3m6!1s0x2e7881db548b20c3:0xce1d11942b9fcf8e!8m2!3d-7.8964191!4d112.608145!16s%2Fg%2F11b6shcd7y!19sChIJwyCLVNuBeC4Rjs-fK5QRHc4?authuser=0&hl=id&rclk=1,Telur Dadar,5000,Nasi 3 Ceker Pedas Manis,25500,13000,Sukses,13000,GoFood,https://gofood.co.id/malang/restaurant/omah-jajan-f3d47f4e-10a0-4127-8d81-83eeb846da90
423,Warung Pecel TPI (Teko Paling Isuk),4.8,50,Wisata Umum,-7.9139883,112.5813831,https://www.google.com/maps/place/Warung+Pecel+TPI+%28Teko+Paling+Isuk%29/data=!4m7!3m6!1s0x2e78818528f331bb:0x99bdb66905e95db5!8m2!3d-7.9139883!4d112.5813831!16s%2Fg%2F11g86vns93!19sChIJuzHzKIWBeC4RtV3pBWm2vZk?authuser=0&hl=id&rclk=1,Telor goreng mata sapi,5000,"Nasi, sayuran, bumbu, tempe, peyek, dagin empal",37000,12000,Sukses,12000,GoFood,https://gofood.co.id/malang/restaurant/warung-nasi-pecel-pincuk-tepo-bu-is-asli-madiun-tlogomas-ff53a6ef-f76d-456c-afef-faa2b35ea6d1
424,Warung LOX,4.4,211,Warung LOX,-7.9192806,112.5962814,https://www.google.com/maps/place/Warung+LOX/data=!4m7!3m6!1s0x2e7881f4cc3c96d9:0xd3c23ceb8d3d9b23!8m2!3d-7.9192806!4d112.5962814!16s%2Fg%2F11btxjj9my!19sChIJ2ZY8zPSBeC4RI5s9jes8wtM?authuser=0&hl=id&rclk=1,Nasi Goreng,15000,Nasi+Telur Orek+Sosis+Bakso+Sayur+Kerupuk,22000,15000,Sukses,15000,GoFood,https://gofood.co.id/en/malang/restaurant/warung-elok-lowokwaru-77ee2d85-774b-49ab-b7b0-c18575e8a5d2
425,Waroeng Dhuro,4.5,109,Wisata Umum,-7.9244518,112.5847239,https://www.google.com/maps/place/Waroeng+Dhuro/data=!4m7!3m6!1s0x2e788300521e2aeb:0x6ad5b57ec43e04f3!8m2!3d-7.9244518!4d112.5847239!16s%2Fg%2F11xrn_l5bc!19sChIJ6yoeUgCDeC4R8wQ-xH611Wo?authuser=0&hl=id&rclk=1,Air Mineral,6000,"Kaldu gurih berbahan dasar kacang ijo di padukan dengan dengan sumsum,daging dan kikil",80000,26800,Sukses,26800,GoFood,https://gofood.co.id/malang/restaurant/waroeng-dhuro-6ed14c52-750c-4805-84a3-d4f742970d04
426,Warung Mbak Tutut,4.3,1278,Warung Mbak Tutut,-7.9057681,112.6128315,https://www.google.com/maps/place/Warung+Mbak+Tutut/data=!4m7!3m6!1s0x2e7881e647fdec97:0x98e46402b29e8cd9!8m2!3d-7.9057681!4d112.6128315!16s%2Fg%2F11btm8ts72!19sChIJl-z9R-aBeC4R2YyesgJk5Jg?authuser=0&hl=id&rclk=1,Es Susu,5000,Ayam Kampung,12000,8000,Sukses,8000,GoFood,https://gofood.co.id/malang/restaurant/warung-kremes-mbak-tutut-rest-area-karangploso-638d42f5-ee81-4892-897c-1e898d24afed
427,Warung Nasi lumayan,4.6,67,Warung Nasi lumayan,-7.9196661,112.5901134,https://www.google.com/maps/place/Warung+Nasi+lumayan/data=!4m7!3m6!1s0x2e788189629cecbf:0xb7cbc4851f510b80!8m2!3d-7.9196661!4d112.5901134!16s%2Fg%2F11b73s4b_d!19sChIJv-ycYomBeC4RgAtRH4XEy7c?authuser=0&hl=id&rclk=1,nasi putih,5000,Lobster Jumbo,80000,11750,Sukses,11750,GoFood,https://gofood.co.id/malang/restaurant/warung-lumayan-joyo-agung-44131e79-976e-408a-89c7-b5b93fd29c07
428,Warung Soto Bu Dewi,4.5,394,Warung Soto Bu Dewi,-7.9235868,112.5982114,https://www.google.com/maps/place/Warung+Soto+Bu+Dewi/data=!4m7!3m6!1s0x2e78821fc4a410e1:0x93b7e485b9d67130!8m2!3d-7.9235868!4d112.5982114!16s%2Fg%2F1hm34wk43!19sChIJ4RCkxB-CeC4RMHHWuYXkt5M?authuser=0&hl=id&rclk=1,Soto Babat,15000,Soto Paru,18750,15000,Sukses,15000,GoFood,https://gofood.co.id/malang/restaurant/warung-soto-bu-dewi-lowokwaru-550b5407-7962-4175-bf26-a643ec5fdbac
429,Lalapan sambel uleg 87,4.7,494,Wisata Umum,-7.9201659,112.5818447,https://www.google.com/maps/place/Lalapan+sambel+uleg+87/data=!4m7!3m6!1s0x2e788185dd2173dd:0xa9f64ee21d576219!8m2!3d-7.9201659!4d112.5818447!16s%2Fg%2F11b764pygl!19sChIJ3XMh3YWBeC4RGWJXHeJO9qk?authuser=0&hl=id&rclk=1,Es Teh,5000,Nasi Mujaer Goreng + Tempe Mendoan,25000,14000,Sukses,14000,GoFood,https://gofood.co.id/malang/restaurant/lalapan-sambel-uleg-87-dau-2d8d2186-c9ec-4839-a94d-2fc7b5e3ac39
430,Warung Makan Sengkaling,4.6,68,Warung Makan Sengkaling,-7.9174914,112.5886949,https://www.google.com/maps/place/Warung+Makan+Sengkaling/data=!4m7!3m6!1s0x2e7881b6d9da6523:0xee09ad9345c8ac1f!8m2!3d-7.9174914!4d112.5886949!16s%2Fg%2F11l23plsv5!19sChIJI2Xa2baBeC4RH6zIRZOtCe4?authuser=0&hl=id&rclk=1,Tahu Petis,12000,"Bisa Request Saos (Asam manis, Lada hitam, Telor asin, Singapur, Padang)",58000,22000,Sukses,22000,GoFood,https://gofood.co.id/malang/restaurant/sengkaling-kuliner-e28af79b-747b-48da-a192-4afc5793194f
431,Menu Makan Gashibu,4.5,31,Wisata Umum,-7.9216197,112.5954446,https://www.google.com/maps/place/Menu+Makan+Gashibu/data=!4m7!3m6!1s0x2e78818ab73c56f1:0xc2cb7b4d1ddb7fd4!8m2!3d-7.9216197!4d112.5954446!16s%2Fg%2F11btmb0g7p!19sChIJ8VY8t4qBeC4R1H_bHU17y8I?authuser=0&hl=id&rclk=1,Baso Urat Besar,10000,Mie Ayam Baso,29000,20000,Sukses,20000,GoFood,https://gofood.co.id/bandung/restaurant/baso-malang-mas-mian-gasibu-4fbf4878-4e68-496b-9ce4-5226896d515d
432,Warung Ayam Kalasan Lalapan Agung,4.5,1377,Warung Ayam Kalasan Lalapan Agung,-7.9252024,112.5894852,https://www.google.com/maps/place/Warung+Ayam+Kalasan+Lalapan+Agung/data=!4m7!3m6!1s0x2e788189f273d4d1:0xb45b48b5785fb52a!8m2!3d-7.9252024!4d112.5894852!16s%2Fg%2F11fy_63p8w!19sChIJ0dRz8omBeC4RKrVfeLVIW7Q?authuser=0&hl=id&rclk=1,Nasi Putih,7000,Ayam Bacem + Tahu + Tempe + Nasi + Sambal Dadakan + Lalapan Timun,38500,33500,Sukses,33500,GoFood,https://gofood.co.id/jakarta/restaurant/warung-ayam-kalasan-ec1c28fe-29dd-4822-a57b-b65b30d45183
433,Warung Bu Mayar,4.5,103,Warung Bu Mayar,-7.9178114,112.6142825,https://www.google.com/maps/place/Warung+Bu+Mayar/data=!4m7!3m6!1s0x2e7881feb5c57499:0x84b6024d635d0c58!8m2!3d-7.9178114!4d112.6142825!16s%2Fg%2F11b75m4q9s!19sChIJmXTFtf6BeC4RWAxdY00CtoQ?authuser=0&hl=id&rclk=1,Es+teh Melati,5000,Rujak Cingur Porsi Besar+lontong,27000,10750,Sukses,10750,GoFood,https://gofood.co.id/malang/restaurant/warung-bu-mar-6f01d592-0561-4bad-9315-8b39c2fac013
434,WARUNG BU DJUM,4.6,200,WARUNG BU DJUM,-7.8766583,112.5776834,https://www.google.com/maps/place/WARUNG+BU+DJUM/data=!4m7!3m6!1s0x2e788056c9f4abbb:0xfcce3562e251e462!8m2!3d-7.8766583!4d112.5776834!16s%2Fg%2F11b6xghdwg!19sChIJu6v0yVaAeC4RYuRR4mI1zvw?authuser=0&hl=id&rclk=1,Nangka Muda diolah dengan santan dan bumbu Lodeh.,7500,Dori Goreng Renyah dengan Sambal Bawang dan Nasi Putih,30000,12000,Sukses,12000,GoFood,https://gofood.co.id/malang/restaurant/warung-bu-djum-karangploso-9c5778a3-39f7-4e7e-ae73-b75b872d4928
435,Warung Lesehan Ayam Goreng Pak Sholeh,4.2,5409,Wisata Umum,-7.8964577,112.5995463,https://www.google.com/maps/place/Warung+Lesehan+Ayam+Goreng+Pak+Sholeh/data=!4m7!3m6!1s0x2e7881c6daf65111:0x665768b553d253c1!8m2!3d-7.8964577!4d112.5995463!16s%2Fg%2F11b6z2j1d8!19sChIJEVH22saBeC4RwVPSU7VoV2Y?authuser=0&hl=id&rclk=1,Teh Botol,6000,Bebek Goreng,94000,18500,Sukses,18500,GoFood,https://gofood.co.id/malang/restaurant/warung-lesehan-pak-h-sholeh-lesehan-ayam-goreng-ikan-segar-karangploso-548dbc7e-1d2b-45ec-abd5-e190be8a2735
436,Masakan Padang Depot Siang Malam,4.4,56,Wisata Umum,-7.9098498,112.6201602,https://www.google.com/maps/place/Masakan+Padang+Depot+Siang+Malam/data=!4m7!3m6!1s0x2dd62a0818eb562d:0xbc7e27ff1c805c03!8m2!3d-7.9098498!4d112.6201602!16s%2Fg%2F11hbgt3smp!19sChIJLVbrGAgq1i0RA1yAHP8nfrw?authuser=0&hl=id&rclk=1,Es Teh Manis,5000,Nasi+Sayur+Sambal+Kepala Ikan Gulai,38000,20000,Sukses,20000,GoFood,https://gofood.co.id/malang/restaurant/masakan-padang-depot-siang-malam-sumber-pasir-7dba37b9-7c06-4d8a-bbe5-9524eecb35c5
437,Warung Cak Pin,4.5,23,Warung Cak Pin,-7.9083685,112.6191396,https://www.google.com/maps/place/Warung+Cak+Pin/data=!4m7!3m6!1s0x2e7881e27b453add:0x98b47582e5fcad4a!8m2!3d-7.9083685!4d112.6191396!16s%2Fg%2F11b6q4gr74!19sChIJ3TpFe-KBeC4RSq385YJ1tJg?authuser=0&hl=id&rclk=1,Nasi Goreng Original,13000,"Kuah Soto, Ayam Kampung, Telor",20000,17500,Sukses,17500,GoFood,https://gofood.co.id/malang/restaurant/warung-cak-pin-karangploso-3f7e2023-adeb-436f-8ece-3f46c985aa57
438,Warung Makan Barokah,4.6,34,Warung Makan Barokah,-7.9255977,112.596028,https://www.google.com/maps/place/Warung+Makan+Barokah/data=!4m7!3m6!1s0x2e788221d5f2e629:0xe0232093fa58f236!8m2!3d-7.9255977!4d112.596028!16s%2Fg%2F11b6_gtfgk!19sChIJKeby1SGCeC4RNvJY-pMgI-A?authuser=0&hl=id&rclk=1,Es Joshua,8000,Seblak,19000,15000,Sukses,15000,GoFood,https://gofood.co.id/malang/restaurant/warung-barokah-malang-58d224e9-0d71-4dc8-afda-87889436ff8c
439,Warung Thoha Fried Chicken,4.6,204,Warung Thoha Fried Chicken,-7.92196,112.595836,https://www.google.com/maps/place/Warung+Thoha+Fried+Chicken/data=!4m7!3m6!1s0x2e7881f554395295:0x26c50894bf4fdc35!8m2!3d-7.92196!4d112.595836!16s%2Fg%2F1hm34l2gm!19sChIJlVI5VPWBeC4RNdxPv5QIxSY?authuser=0&hl=id&rclk=1,Soto Ayam,7500,Nasi + 2 Ayam,15000,10000,Sukses,10000,GoFood,https://gofood.co.id/malang/restaurant/thoha-fried-chicken-bc0d71c2-a9f2-42f1-8d3f-43e52f535b0d
440,Warung Mbak Roh,4.3,92,Warung Mbak Roh,-7.9199844,112.5900327,https://www.google.com/maps/place/Warung+Mbak+Roh/data=!4m7!3m6!1s0x2e7881897d4f21d1:0x4a15d04a02ecf716!8m2!3d-7.9199844!4d112.5900327!16s%2Fg%2F11b73zvd3r!19sChIJ0SFPfYmBeC4RFvfsAkrQFUo?authuser=0&hl=id&rclk=1,Isi 3,6000,Tidak dapat memilih bagian,53000,22000,Sukses,22000,GoFood,https://gofood.co.id/surabaya/restaurant/warung-bebek-mbak-roh-tumapel-531e6756-b6c4-48ae-af3c-e53a88b095c1
441,SATE KLAYU,4.6,546,Wisata Umum,-7.9250708,112.6166919,https://www.google.com/maps/place/SATE+KLAYU/data=!4m7!3m6!1s0x2e788315561aeb93:0x7df4c08d5263df63!8m2!3d-7.9250708!4d112.6166919!16s%2Fg%2F11tjs5zfth!19sChIJk-saVhWDeC4RY99jUo3A9H0?authuser=0&hl=id&rclk=1,1 porsi nasi putih.,7500,Nasi goreng domba dengan nasi basmati.,50000,24500,Sukses,24500,GoFood,https://gofood.co.id/malang/restaurant/sate-klayu-jl-akordion-no-d3-ab4c9951-035f-43da-b03f-17dfc8382200
442,Warung Rujak Bu Sum,4.4,64,Warung Rujak Bu Sum,-7.8927039,112.5822238,https://www.google.com/maps/place/Warung+Rujak+Bu+Sum/data=!4m7!3m6!1s0x2e7881af8c086bc5:0xb05bff23757939b2!8m2!3d-7.8927039!4d112.5822238!16s%2Fg%2F11c6smbkxx!19sChIJxWsIjK-BeC4Rsjl5dSP_W7A?authuser=0&hl=id&rclk=1,es teh,5000,makanan,48000,15000,Sukses,15000,GoFood,https://gofood.co.id/malang/restaurant/warung-rujak-bu-sum-46d737da-2feb-44ae-8309-c7567870b1ff
443,Warung DIVA,4.4,32,Warung DIVA,-7.887034,112.5587494,https://www.google.com/maps/place/Warung+DIVA/data=!4m7!3m6!1s0x2e78811cc2a752d3:0xde6e5130663fdd16!8m2!3d-7.887034!4d112.5587494!16s%2Fg%2F11b6vkdlm3!19sChIJ01KnwhyBeC4RFt0_ZjBRbt4?authuser=0&hl=id&rclk=1,Rujak Gobet Porsi Mini,5000,Buah + Tahu + Bumbu Rujak,12000,8250,Sukses,8250,GoFood,https://gofood.co.id/malang/restaurant/warung-diva-rujak-legi-bakalan-35d0565c-3b22-4fa4-9b37-6bfd84badab8
444,Toko Kopi Pamanjur,4.6,226,Restoran · Jl. Kopda Sutrisno,-7.8884653,112.5962593,https://www.google.com/maps/place/Toko+Kopi+Pamanjur/data=!4m7!3m6!1s0x2e78811707e9ae81:0x6dcfa60146f9d479!8m2!3d-7.8884653!4d112.5962593!16s%2Fg%2F11j43fkx7j!19sChIJga7pBxeBeC4RedT5RgGmz20?authuser=0&hl=id&rclk=1,Telor Ceplok,5500,Udang Bumbu Rica-Rica Porsi Bisa Untuk 2 Orang,42000,19500,Sukses,19500,GoFood,https://gofood.co.id/malang/restaurant/resto-toko-kopi-pamanjur-karangploso--77e3f2d9-b91c-443b-8eb2-3f932667476f
445,SOTO AYAM SUPER LAMONGAN Cak Por,4.7,84,Wisata Umum,-7.8806668,112.583504,https://www.google.com/maps/place/SOTO+AYAM+SUPER+LAMONGAN+Cak+Por/data=!4m7!3m6!1s0x2e788168a7edc027:0x464aad4954cdf052!8m2!3d-7.8806668!4d112.583504!16s%2Fg%2F11q2qwkdxb!19sChIJJ8Dtp2iBeC4RUvDNVEmtSkY?authuser=0&hl=id&rclk=1,Teh / Es Teh,6000,Soto Ayam Super Tanpa Nasi,25000,7000,Sukses,7000,GoFood,https://gofood.co.id/en/malang/restaurant/soto-ayam-super-lamongan-cak-por-6766ac7b-d2f3-41e9-b6e2-6ae56bbac324
446,Warung Bu Suwarti Spesial Rica-rica Menthok,4.2,70,Wisata Umum,-7.8870355,112.5433659,https://www.google.com/maps/place/Warung+Bu+Suwarti+Spesial+Rica-rica+Menthok/data=!4m7!3m6!1s0x2e788120dc891c85:0xe8360a7609cf6d30!8m2!3d-7.8870355!4d112.5433659!16s%2Fg%2F11f00t38d2!19sChIJhRyJ3CCBeC4RMG3PCXYKNug?authuser=0&hl=id&rclk=1,Teh Panas,5000,Ayam Kampung Super Enak Dan Nasi Panas,30000,19500,Sukses,19500,GoFood,https://gofood.co.id/malang/restaurant/rica-rica-mentok-bu-suwarti-temas-75d75c82-0cdb-4710-b080-6f3c43417fe7
447,Ayam bakar pak d karangploso,4.6,634,Wisata Umum,-7.8912127,112.5936132,https://www.google.com/maps/place/Ayam+bakar+pak+d+karangploso/data=!4m7!3m6!1s0x2e7881c984998015:0x1d782d2a5ba905b5!8m2!3d-7.8912127!4d112.5936132!16s%2Fg%2F11lq1m8px9!19sChIJFYCZhMmBeC4RtQWpWyoteB0?authuser=0&hl=id&rclk=1,Es Teh,6300,Ayam Kampung 1 ekor + 4 Nasi + 4 the sosro + sambal + lalapan + Cah Kangkung,150192,41586,Sukses,41586,GoFood,https://gofood.co.id/malang/restaurant/ayam-bakar-pak-d-karanglo-0590a266-f491-4f94-bf27-e46fec900c2e
448,Mojopahit bistro dan oleh - oleh,4.3,30,Wisata Umum,-7.8642736,112.5426827,https://www.google.com/maps/place/Mojopahit+bistro+dan+oleh+-+oleh/data=!4m7!3m6!1s0x2e78816142e3374d:0x6848ac83ff9ef5e3!8m2!3d-7.8642736!4d112.5426827!16s%2Fg%2F11wjm9ts2s!19sChIJTTfjQmGBeC4R4_We_4OsSGg?authuser=0&hl=id&rclk=1,Keju,7150,Siomay Mentai,42900,20800,Sukses,20800,GoFood,https://gofood.co.id/malang/restaurant/mie-galau-jalan-mojopahit-20208f02-4d02-4134-8457-51c150095bd1
449,Kopi Sontoloyo,4.5,3135,Kafe ·  · 5G7R+4R6,-7.8372138,112.5420105,https://www.google.com/maps/place/Kopi+Sontoloyo/data=!4m7!3m6!1s0x2e787ffd4bc8cef5:0x69f5b834c333c494!8m2!3d-7.8372138!4d112.5420105!16s%2Fg%2F11f9x2n5rj!19sChIJ9c7IS_1_eC4RlMQzwzS49Wk?authuser=0&hl=id&rclk=1,Kopi Susu,5000,Ayam Dan Tempe Dengan Sambal Korek Istimewa,15000,5500,Sukses,5500,GoFood,https://gofood.co.id/malang/restaurant/warung-sontoloyo-sawojajar-ruko-wow-0620efc4-1db2-4095-b19c-be1c8bb3d92d
450,Omah Ngopi Hitam Putih Pinggir Kali,4.1,42,Wisata Umum,-8.4366055,112.6458955,https://www.google.com/maps/place/Omah+Ngopi+Hitam+Putih+Pinggir+Kali/data=!4m7!3m6!1s0x2dd601447c4b21eb:0xfe5b8f06e33f2ee0!8m2!3d-8.4366055!4d112.6458955!16s%2Fg%2F11j7cw33vg!19sChIJ6yFLfEQB1i0R4C4_4waPW_4?authuser=0&hl=id&rclk=1,"Tahu Telor, Bumbu,krupuk, Cambah Panjang,bawang Goreng",13000,Nasi+ayam+tempe,15000,15000,Sukses,15000,GoFood,https://gofood.co.id/malang/restaurant/omah-ngopi-44775c2e-1225-40cc-834f-3625b6eec923
451,RM KMB Pak Nanang 3,4.5,21,Wisata Umum,-8.436978,112.644614,https://www.google.com/maps/place/RM+KMB+Pak+Nanang+3/data=!4m7!3m6!1s0x2dd601b8bd0939af:0x36ac54ce77c88ca5!8m2!3d-8.436978!4d112.644614!16s%2Fg%2F11gf8f_gx0!19sChIJrzkJvbgB1i0RpYzId85UrDY?authuser=0&hl=id&rclk=1,Paketan Gemblong,15000,Paketan gemblong campur isi 5,15000,15000,Sukses,15000,GoFood,https://gofood.co.id/jakarta/restaurant/gemblong-ketan-asli-pak-nanang-032e99de-e3a8-4c57-841a-0ea43a5bb87d
452,Warung pojok Bu marmi,4.5,21,Warung pojok Bu marmi,-8.4372133,112.6430727,https://www.google.com/maps/place/Warung+pojok+Bu+marmi/data=!4m7!3m6!1s0x2dd601328c6f0c61:0xaf62193aa1a39638!8m2!3d-8.4372133!4d112.6430727!16s%2Fg%2F11k4tbgh78!19sChIJYQxvjDIB1i0ROJajoToZYq8?authuser=0&hl=id&rclk=1,Es Jeruk Manis,8000,Bakso Tumpeng +tahu+mie+goreng,18000,15000,Sukses,15000,GoFood,https://gofood.co.id/id/malang/restaurant/warung-pojok-42c351a4-6a4a-44ac-904e-ec61e6ab523c
453,Nasgor ck petrok,4.5,33,Restoran · MMP4+MH4,-8.3133706,112.6564455,https://www.google.com/maps/place/Nasgor+ck+petrok/data=!4m7!3m6!1s0x2dd61d00544824e7:0xc49e64dea9c2ddde!8m2!3d-8.3133706!4d112.6564455!16s%2Fg%2F11vsw61p4n!19sChIJ5yRIVAAd1i0R3t3Cqd5knsQ?authuser=0&hl=id&rclk=1,Telor Ceplok,6000,Nasi Goreng +potongan Sayur+ Potongan Ayam+ Potongan Ati Ampella+telur,26000,17000,Sukses,17000,GoFood,https://gofood.co.id/malang/restaurant/nasi-goreng-k-conk-2a0e367a-7eea-4ca0-a557-0364a4f7f406
454,Warung Podo Moro Sidorejo,4.1,69,Warung Podo Moro Sidorejo,-8.2249502,112.637898,https://www.google.com/maps/place/Warung+Podo+Moro+Sidorejo/data=!4m7!3m6!1s0x2dd61fceb8183b15:0x3a3e7f9c8cdff9c2!8m2!3d-8.2249502!4d112.637898!16s%2Fg%2F11l225ckms!19sChIJFTsYuM4f1i0RwvnfjJx_Pjo?authuser=0&hl=id&rclk=1,Minuman Es Teh / Teh Anget,7000,20000,20000,15000,Sukses,15000,GoFood,https://gofood.co.id/en/malang/restaurant/warung-podo-moro-mak-ti-75be9f83-7bff-4aa3-b46f-dbbfc23a0836
455,Warung Melati (mbak sri),4.4,27,Warung Melati (mbak sri),-8.2218644,112.6561866,https://www.google.com/maps/place/Warung+Melati+%28mbak+sri%29/data=!4m7!3m6!1s0x2dd61e5cc5622681:0x3f69e5431c1bccce!8m2!3d-8.2218644!4d112.6561866!16s%2Fg%2F11c47w72bp!19sChIJgSZixVwe1i0RzswbHEPlaT8?authuser=0&hl=id&rclk=1,Cingur,5000,"Lontong/Nasi, Tahu,Tempe Jawa,Tempe Kacang, Menjes, Timun, Nanas, Sayur, Cingur",15000,12000,Sukses,12000,GoFood,https://gofood.co.id/malang/restaurant/warung-mbak-sri-5affed27-6c6e-4748-9c27-104c25d3f20e
456,Bakso Bagoes,4.3,617,Wisata Umum,-8.2223931,112.6569029,https://www.google.com/maps/place/Bakso+Bagoes/data=!4m7!3m6!1s0x2dd61e42f5274879:0xdc886245c6504574!8m2!3d-8.2223931!4d112.6569029!16s%2Fg%2F11h9xshw4y!19sChIJeUgn9UIe1i0RdEVQxkViiNw?authuser=0&hl=id&rclk=1,Air Mineral,5000,Bisa Buat Makan Bersama Keluarga Tercinta,40000,12000,Sukses,12000,GoFood,https://gofood.co.id/malang/restaurant/bakso-bagoes-junrejo-8a32510a-c77a-46ae-90f5-c20812ac1d30
457,Warung Pojok Mbak Ita,4.6,32,Warung Pojok Mbak Ita,-8.2139944,112.6393875,https://www.google.com/maps/place/Warung+Pojok+Mbak+Ita/data=!4m7!3m6!1s0x2dd61e371851a593:0x9c1bf280634527f4!8m2!3d-8.2139944!4d112.6393875!16s%2Fg%2F11g02k4s2h!19sChIJk6VRGDce1i0R9CdFY4DyG5w?authuser=0&hl=id&rclk=1,Nasi,6000,Nasi + Kuah Rawon + Irisan Daging + Tauge + Sambal,18000,15000,Sukses,15000,GoFood,https://gofood.co.id/malang/restaurant/warung-mbak-ita-172da8ff-0e7c-48b4-8733-3301d990b71d
458,Bakso Mantap Cak Ba'un,4.6,108,Wisata Umum,-8.2096383,112.6445064,https://www.google.com/maps/place/Bakso+Mantap+Cak+Ba%27un/data=!4m7!3m6!1s0x2dd61e4a121a55b5:0x4be0ccc417aee71!8m2!3d-8.2096383!4d112.6445064!16s%2Fg%2F11hb53lvz9!19sChIJtVUaEkoe1i0Rce56QcwMvgQ?authuser=0&hl=id&rclk=1,Es Drink Beng Beng,5000,"Bakso Tulang Iga, Pentol Halus,Pentol Kasar,Ceker Crispy Tanpa Tulang,Goreng Usus",26000,19000,Sukses,19000,GoFood,https://gofood.co.id/malang/restaurant/bakso-cak-ud-spesial-paru-dan-kikil-sukun-8b510f5d-b480-48e5-9194-f4f1fc82abdd
459,Warung Ayam Bakar Gencet,4.1,45,Warung Ayam Bakar Gencet,-8.2148921,112.6426012,https://www.google.com/maps/place/Warung+Ayam+Bakar+Gencet/data=!4m7!3m6!1s0x2dd61fa900b4aeb3:0xcd5379c5dee466ff!8m2!3d-8.2148921!4d112.6426012!16s%2Fg%2F11h22xjz7n!19sChIJs660AKkf1i0R_2bk3sV5U80?authuser=0&hl=id&rclk=1,"Es, Teh, Air Gula, Es Batu",6000,"Indomie , Ayam Bakar Kecap, Sambal Kacang Tempe, Lalapan",23000,17700,Sukses,17700,GoFood,https://gofood.co.id/id/malang/restaurant/warung-ayam-bakar-gencet-9e833ed2-de68-4778-b815-f2b1c35f605c
460,Warunk Ratu rawit,4.3,712,Wisata Umum,-8.1705009,112.6395118,https://www.google.com/maps/place/Warunk+Ratu+rawit/data=!4m7!3m6!1s0x2dd61ff11db5b415:0x32f0acac0687d856!8m2!3d-8.1705009!4d112.6395118!16s%2Fg%2F11h1yb3xrc!19sChIJFbS1HfEf1i0RVtiHBqys8DI?authuser=0&hl=id&rclk=1,Kuah Pedas,5050,Nasi + Ayam Lunak Dengan Rasa Yg Manis Dan Lezat,29300,13750,Sukses,13750,GoFood,https://gofood.co.id/malang/restaurant/warunk-ratu-rawit-hayam-wuruk-e18a5c51-b1ba-46da-9494-e96227db02ff
461,Ayam Guling Enakko - Gondanglegi Malang,4.8,154,Restoran · RJHQ+3MV,-8.1722378,112.6390875,https://www.google.com/maps/place/Ayam+Guling+Enakko+-+Gondanglegi+Malang/data=!4m7!3m6!1s0x2dd61f005e6b0b11:0xc897073ce774da91!8m2!3d-8.1722378!4d112.6390875!16s%2Fg%2F11y9q9927v!19sChIJEQtrXgAf1i0Rkdp05zwHl8g?authuser=0&hl=id&rclk=1,Sambal Korek,6260,Ayam Parting Age 1 ekor + Nasi Mandhi 4 + Sambal Korek 4 + Sosro Satu Liter 1/Es Teh 4,187800,40690,Sukses,40690,GoFood,https://gofood.co.id/malang/restaurant/ayam-guling-enakko-gondanglegi-def45135-a6e8-400c-abd8-c403b60de826
462,SEBLAK ARLET,4.6,137,Wisata Umum,-8.1828317,112.6430934,https://www.google.com/maps/place/SEBLAK+ARLET/data=!4m7!3m6!1s0x2dd61fb3268c9029:0x952cd6220fae0f1b!8m2!3d-8.1828317!4d112.6430934!16s%2Fg%2F11q3qh8r9h!19sChIJKZCMJrMf1i0RGw-uDyLWLJU?authuser=0&hl=id&rclk=1,Sosis Sapi Besar,5000,"Aneka Krupuk, Aneka Topping (Bisa Request) , Telur, Sayur",23000,16500,Sukses,16500,GoFood,https://gofood.co.id/malang/restaurant/kedai-seblak-prasmanan-e6043eb2-fe44-4644-9061-be619176b0ae
463,BEBEK GAHARU SPESIAL SAMBEL IJO,4.7,39,Wisata Umum,-8.1721442,112.6466833,https://www.google.com/maps/place/BEBEK+GAHARU+SPESIAL+SAMBEL+IJO/data=!4m7!3m6!1s0x2dd61f68b36302e3:0x1653d0787939d326!8m2!3d-8.1721442!4d112.6466833!16s%2Fg%2F11h_frvrnq!19sChIJ4wJjs2gf1i0RJtM5eXjQUxY?authuser=0&hl=id&rclk=1,Nasi Putih,5000,"NASI BEBEK BUMBU HITAM, UKURAN BESAR",39500,33250,Sukses,33250,GoFood,https://gofood.co.id/malang/restaurant/bebek-gaharu-gondanglegi-26dcaa98-fd17-4ad4-95af-de39c580ab80
464,Warung Sate Jamur,4.4,35,Warung Sate Jamur,-8.1752051,112.6381385,https://www.google.com/maps/place/Warung+Sate+Jamur/data=!4m7!3m6!1s0x2dd61ff207345377:0xb0d0379695d8bb57!8m2!3d-8.1752051!4d112.6381385!16s%2Fg%2F11b6tw9nkg!19sChIJd1M0B_If1i0RV7vYlZY30LA?authuser=0&hl=id&rclk=1,Jamur Krispi,6500,Nasi + Sambal + Lalapan,9000,6500,Sukses,6500,GoFood,https://gofood.co.id/malang/restaurant/warung-jamur-d8dfa6f3-eed7-4523-a708-9bd0b080ebdc
465,"Warung Rujak dan Es ""Sepanjang""",3.9,54,"Warung Rujak dan Es ""Sepanjang""",-8.17241,112.660718,https://www.google.com/maps/place/Warung+Rujak+dan+Es+%22Sepanjang%22/data=!4m7!3m6!1s0x2dd61f8497167739:0xc523b7eff9b4adb2!8m2!3d-8.17241!4d112.660718!16s%2Fg%2F11gdg8tkm6!19sChIJOXcWl4Qf1i0Rsq20-e-3I8U?authuser=0&hl=id&rclk=1,Nasi Sambel Uleg Tempe Tahu,6000,Rujak Uleg Spesial Jumbo,15000,12000,Sukses,12000,GoFood,https://gofood.co.id/malang/restaurant/warung-rujak-bukas-dekat-toko-pakean-6a91b9cf-1568-4a20-a1ea-74ce751b89c2
466,Mie Aceh Gondanglegi,4.2,326,Wisata Umum,-8.1759823,112.6336481,https://www.google.com/maps/place/Mie+Aceh+Gondanglegi/data=!4m7!3m6!1s0x2dd61fefdb800cc5:0xe10a696bb81d21c3!8m2!3d-8.1759823!4d112.6336481!16s%2Fg%2F11cmw89yyt!19sChIJxQyA2-8f1i0RwyEduGtpCuE?authuser=0&hl=id&rclk=1,Kopi Susu Sareng,8000,Acar Bawang,28000,15500,Sukses,15500,GoFood,https://gofood.co.id/malang/restaurant/mie-aceh-gondang-legi-df8d02b0-2e0a-4fbe-aeee-9d0026b60657
467,Rm.Ampera Palapa Masakan Padang,4.4,170,Wisata Umum,-8.1718227,112.6392092,https://www.google.com/maps/place/Rm.Ampera+Palapa+Masakan+Padang/data=!4m7!3m6!1s0x2dd61ff3c77fcbb5:0x9032c876ac3b23b2!8m2!3d-8.1718227!4d112.6392092!16s%2Fg%2F11gcdcqf1c!19sChIJtct_x_Mf1i0RsiM7rHbIMpA?authuser=0&hl=id&rclk=1,"Masakan padang lauk ayam. plus sambal ijo, sayur dan kuah",18000,"Nasi tuna plus sayur, sambel ijo dan kuah.",18000,18000,Sukses,18000,GoFood,https://gofood.co.id/malang/restaurant/masakan-padang-ampera-palapa-gondanglegi-a3cd4f33-43c5-46f3-a215-8c8a70b531f2
468,Warung Zam-Zam,4.2,347,Warung Zam-Zam,-8.1587735,112.6439555,https://www.google.com/maps/place/Warung+Zam-Zam/data=!4m7!3m6!1s0x2dd62022096cd50b:0x8aba35955642cfa1!8m2!3d-8.1587735!4d112.6439555!16s%2Fg%2F11cjtfnlsz!19sChIJC9VsCSIg1i0Roc9CVpU1uoo?authuser=0&hl=id&rclk=1,Mie Pangsit + Abon Ayam + Bakso,15000,Mie + Abon Ayam + Krupuk + Sayur + Acar + Lombok,15000,15000,Sukses,15000,GoFood,https://gofood.co.id/malang/restaurant/omah-zam-zam-g-11-33a25cb3-0544-4075-9788-8fe54c7a396d
469,Ayam Geprek Dapur GSI,4.6,172,Wisata Umum,-8.1304462,112.5840627,https://www.google.com/maps/place/Ayam+Geprek+Dapur+GSI/data=!4m7!3m6!1s0x2e789f7fb000873f:0xe4e30c2fc5cc1622!8m2!3d-8.1304462!4d112.5840627!16s%2Fg%2F11j15jt8dx!19sChIJP4cAsH-feC4RIhbMxS8M4-Q?authuser=0&hl=id&rclk=1,Nasi Putih Reguler,7520,"5 Ayam Crispy + 2 Es Milo, Free 2 Es Teh",119625,25781,Sukses,25781,GoFood,https://gofood.co.id/malang/restaurant/ayam-geprek-dapur-gsi-kepanjen-e1ab4d5d-8c36-4282-983e-43144bd75c6a
470,Lesehan warung subuh,3.7,80,Lesehan warung subuh,-8.134675,112.6415999,https://www.google.com/maps/place/Lesehan+warung+subuh/data=!4m7!3m6!1s0x2dd6206870c801d5:0xc5173526bd2a83f4!8m2!3d-8.134675!4d112.6415999!16s%2Fg%2F11gd3b14pd!19sChIJ1QHIcGgg1i0R9IMqvSY1F8U?authuser=0&hl=id&rclk=1,Teh Tawar Panas/Es,6500,Iga Sama Kuah Dan Sambal Di Pisah,75000,21500,Sukses,21500,GoFood,https://gofood.co.id/malang/restaurant/warung-subuh-f2ebddf0-23a8-4f4b-afaf-e6d79d0b7666
471,Warung Bebek Kerto,4.4,3312,Warung Bebek Kerto,-8.098326,112.5780211,https://www.google.com/maps/place/Warung+Bebek+Kerto/data=!4m7!3m6!1s0x2e789e6368f98f19:0xd7931fa9150cd080!8m2!3d-8.098326!4d112.5780211!16s%2Fg%2F11bz_01tz3!19sChIJGY_5aGOeeC4RgNAMFakfk9c?authuser=0&hl=id&rclk=1,"Korek,kosek,bakar,dabu-dabu,pencit,bumbu kuning (Wajib Pilih Salah Satu)",7150,Pilih salah satu cabe merah/Cabe Ijo (Sudah Dipotong Jadi 4),169813,22000,Sukses,22000,GoFood,https://gofood.co.id/malang/restaurant/warung-bebek-kerto-jalibar-kepanjen-b3ef9656-f8f6-418c-8548-b999bc1f11d9
472,Depot Lala,4.5,23,Wisata Umum,-8.1029448,112.6357021,https://www.google.com/maps/place/Depot+Lala/data=!4m7!3m6!1s0x2dd620bd91113aa7:0x8d71a917023a16d5!8m2!3d-8.1029448!4d112.6357021!16s%2Fg%2F11b74t7rjx!19sChIJpzoRkb0g1i0R1RY6AhepcY0?authuser=0&hl=id&rclk=1,1 Pcs Tempe Bakar / Bacem,5000,"Nasi Putih /nasi uduk, bebek goreng, sambal, lalapan",37500,15000,Sukses,15000,GoFood,https://gofood.co.id/malang/restaurant/lalapan-depot-putri-kembar-lowokwaru-5cbd10b0-12a0-4664-a383-f5e88f32bbeb
473,Warung Lalapan NAGEHI,4.4,32,Warung Lalapan NAGEHI,-8.1044683,112.6356065,https://www.google.com/maps/place/Warung+Lalapan+NAGEHI/data=!4m7!3m6!1s0x2dd621a358f21761:0xc31b20470d2a6f00!8m2!3d-8.1044683!4d112.6356065!16s%2Fg%2F11j3w7qrcq!19sChIJYRfyWKMh1i0RAG8qDUcgG8M?authuser=0&hl=id&rclk=1,Es Teh,5000,Bebek Bakar + Sambal + Lalapan,31500,17500,Sukses,17500,GoFood,https://gofood.co.id/malang/restaurant/warung-lalapan-nagehi-bululawang-1cfb2c6a-7523-468f-8697-40f7e2d9d10a
474,Warung Pecel Lele Sido Mampir,4.6,42,Warung Pecel Lele Sido Mampir,-8.1519025,112.5827526,https://www.google.com/maps/place/Warung+Pecel+Lele+Sido+Mampir/data=!4m7!3m6!1s0x2e789f99eb115637:0x741b1ec11d4bda57!8m2!3d-8.1519025!4d112.5827526!16s%2Fg%2F11b7015k1s!19sChIJN1YR65mfeC4RV9pLHcEeG3Q?authuser=0&hl=id&rclk=1,Kerupuk palembang kecil 5,5000,Soto Daging 1plastik,60000,20000,Sukses,20000,GoFood,https://gofood.co.id/malang/restaurant/warung-sido-mampir-sawahan--3cb8b21f-7305-4850-bf36-1a0ef825d1de
475,Ayam Goreng Rempah Lohjinawi - Bululawang,4.7,994,Wisata Umum,-8.0873948,112.6368112,https://www.google.com/maps/place/Ayam+Goreng+Rempah+Lohjinawi+-+Bululawang/data=!4m7!3m6!1s0x2dd62963c0fdec45:0xeb03a6bde0654a9e!8m2!3d-8.0873948!4d112.6368112!16s%2Fg%2F11rfkbpx8b!19sChIJRez9wGMp1i0Rnkpl4L2mA-s?authuser=0&hl=id&rclk=1,Kerupuk Blek Isi 2 Pcs,5200,"4 Nasi, 1 Ayam Utuh, 3 Pcs Ceker Tanpa Tulang, Usus Goreng 1 Porsi, 2 Tempe, 2 Tahu, 4 Kerupuk",161000,23200,Sukses,23200,GoFood,https://gofood.co.id/malang/restaurant/ayam-goreng-rempah-lohjinawi-bululawang-f7a848fe-c982-49af-b170-9f1c692d2fe4
476,Depot Moro Joyo Bululawang,4.4,609,Wisata Umum,-8.0775938,112.6426902,https://www.google.com/maps/place/Depot+Moro+Joyo+Bululawang/data=!4m7!3m6!1s0x2dd62749f65f41e9:0xce035075baa95203!8m2!3d-8.0775938!4d112.6426902!16s%2Fg%2F11b6zjvyc5!19sChIJ6UFf9kkn1i0RA1KpunVQA84?authuser=0&hl=id&rclk=1,Pop Ice Coklat,5000,Mie Ayam Bakso Beranak,36000,13000,Sukses,13000,GoFood,https://gofood.co.id/malang/restaurant/depot-morojoyo-bululawang-933fa038-ecea-4266-8de5-0725f0b87c7b
477,Pondok Gurame Nagarema,4.1,317,Restoran · Jl. Raya Kuwolu,-8.0968695,112.6630008,https://www.google.com/maps/place/Pondok+Gurame+Nagarema/data=!4m7!3m6!1s0x2dd6219305d56dd7:0xf4348c5887238133!8m2!3d-8.0968695!4d112.6630008!16s%2Fg%2F11p5j9x6k6!19sChIJ123VBZMh1i0RM4Ejh1iMNPQ?authuser=0&hl=id&rclk=1,Nasi putih,9000,Free ice tea 3 cup,420000,36000,Sukses,36000,GoFood,https://gofood.co.id/bali/restaurant/pondok-gurame-3307e1ba-ebde-4d39-a788-3702bc4caee5
478,Soto Dhok Lamongan,4.5,624,Wisata Umum,-8.0786222,112.6399374,https://www.google.com/maps/place/Soto+Dhok+Lamongan/data=!4m7!3m6!1s0x2dd6274bd09f6e41:0xcf74495a61e64272!8m2!3d-8.0786222!4d112.6399374!16s%2Fg%2F1hm3dbsfj!19sChIJQW6f0Esn1i0RckLmYVpJdM8?authuser=0&hl=id&rclk=1,Es Jeruk,5500,"Nasi, Sop Kuah Santan Berisi Tomat, Kikil Sapi, Kentang, Bawang Goreng, Repihan Kerupuk Mlinjo, Jeruk Limau",21000,11250,Sukses,11250,GoFood,https://gofood.co.id/malang/restaurant/soto-dhok-lamongan-322f5d4d-b54b-40d4-adab-4c75b631c00b
479,"Warung ""MANTAB"" spesial Ayam Goreng Laos",4.7,21,Wisata Umum,-8.0843619,112.6377535,https://www.google.com/maps/place/Warung+%22MANTAB%22+spesial+Ayam+Goreng+Laos/data=!4m7!3m6!1s0x2dd6215486b59859:0x776fd6e1a0b6f7e6!8m2!3d-8.0843619!4d112.6377535!16s%2Fg%2F11h_nkl56_!19sChIJWZi1hlQh1i0R5ve2oOHWb3c?authuser=0&hl=id&rclk=1,Es Teh (Gelas Plastik Dan Sedotan),7500,"1 Nasi,ayam,laos,sambel,lalapan,1 Nasi,ayam Bakar,lalapan,sambel,tempe",55000,26750,Sukses,26750,GoFood,https://gofood.co.id/malang/restaurant/ayam-goreng-laos-bu-nad-mulyorejo-367f6d93-975d-4d0b-bf36-b028ae5d322d
480,Warung Pedas,4.6,39,Warung Pedas,-8.091557,112.638003,https://www.google.com/maps/place/Warung+Pedas/data=!4m7!3m6!1s0x2dd620b72db75b01:0x1d7f33c5508e8d8f!8m2!3d-8.091557!4d112.638003!16s%2Fg%2F11b6s8f50n!19sChIJAVu3Lbcg1i0Rj42OUMUzfx0?authuser=0&hl=id&rclk=1,Es Cao Sirup,12000,Nasi + iga pedas,36000,24000,Sukses,24000,GoFood,https://gofood.co.id/malang/restaurant/warung-pedas-jalan-kendalsari-gg-1-no-19-bb3ea840-a08f-4c3a-a677-5b9d3cb214ed
481,Warung Krebet Timur,4.1,146,Warung Krebet Timur,-8.0943918,112.6443694,https://www.google.com/maps/place/Warung+Krebet+Timur/data=!4m7!3m6!1s0x2dd620c7f28fc27d:0xa4a611b3b657b665!8m2!3d-8.0943918!4d112.6443694!16s%2Fg%2F11b6slxfrs!19sChIJfcKP8scg1i0RZbZXtrMRpqQ?authuser=0&hl=id&rclk=1,Es Jeruk,6000,Kepala Kambing Dengan Bumbu Khas Wr Hamdalah Dgn Pilihan Masak Gule Atau Rica2,180000,19500,Sukses,19500,GoFood,https://gofood.co.id/malang/restaurant/warung-sate-hamdalah-krebet-1900f89e-87ec-4b5e-82cd-711bc3ddc2f9
482,Warung Arofah,4.3,546,Warung Arofah,-8.083485,112.6376547,https://www.google.com/maps/place/Warung+Arofah/data=!4m7!3m6!1s0x2dd620b4a9f4186d:0x8fa7d7beac2e1812!8m2!3d-8.083485!4d112.6376547!16s%2Fg%2F11bxfs_9zg!19sChIJbRj0qbQg1i0REhgurL7Xp48?authuser=0&hl=id&rclk=1,Nasi Putih,5000,Gurami Asam Manis,60000,15500,Sukses,15500,GoFood,https://gofood.co.id/malang/restaurant/warung-arofah-bululawang-f04ce99a-ce98-4f2d-9f6d-62c5fc219b47
483,Tlogo Ndalem,4.6,157,Wisata Umum,-8.0356119,112.651562,https://www.google.com/maps/place/Tlogo+Ndalem/data=!4m7!3m6!1s0x2dd627e741700f35:0x9226d2f8b08379b7!8m2!3d-8.0356119!4d112.651562!16s%2Fg%2F11vktt82r7!19sChIJNQ9wQecn1i0Rt3mDsPjSJpI?authuser=0&hl=id&rclk=1,Ceker Pedas,8000,Chicken Steak Tlogondalem,38500,24500,Sukses,24500,GoFood,https://gofood.co.id/malang/restaurant/tlogo-ndalem-pemancingan-resto-jalan-tlogowaru-no-8-b758fc82-0034-42af-87d6-72401a2328db
484,Rm Padang Selera Bersama 1,4.7,187,Wisata Umum,-8.0312298,112.6429641,https://www.google.com/maps/place/Rm+Padang+Selera+Bersama+1/data=!4m7!3m6!1s0x2dd62795fcb0f70d:0xafc97cde69e0194b!8m2!3d-8.0312298!4d112.6429641!16s%2Fg%2F11f15f4sk6!19sChIJDfew_JUn1i0RSxngad58ya8?authuser=0&hl=id&rclk=1,Teh Hangat,5500,Nasi+Kepala Ikan+ Sayur Lengkap,35000,16500,Sukses,16500,GoFood,https://gofood.co.id/malang/restaurant/rm-selera-bersama-1-ae3ba548-8059-4786-acd0-16ab27b053fd
485,Depot 77 Sawojajar Halalan Toyiban,4.2,1828,Wisata Umum,-7.9783098,112.6670743,https://www.google.com/maps/place/Depot+77+Sawojajar+Halalan+Toyiban/data=!4m7!3m6!1s0x2dd6285f8c676fbf:0xb4b69fa2b77f7bf1!8m2!3d-7.9783098!4d112.6670743!16s%2Fg%2F11b8t5wg43!19sChIJv29njF8o1i0R8Xt_t6KftrQ?authuser=0&hl=id&rclk=1,Es Teh,6000,Kakap Tepung Roti,56000,38000,Sukses,38000,GoFood,https://gofood.co.id/malang/restaurant/depot-77-halalan-thoyiban-kedungkandang-51d3e2c3-6a50-43c7-aa8b-1bf6a20867f6
486,Depot Sari Rasa,4.5,781,Wisata Umum,-7.965469,112.6342434,https://www.google.com/maps/place/Depot+Sari+Rasa/data=!4m7!3m6!1s0x2dd628323738aa89:0x94cedc874f8d3cd1!8m2!3d-7.965469!4d112.6342434!16s%2Fg%2F1hm2t8f6f!19sChIJiao4NzIo1i0R0TyNT4fczpQ?authuser=0&hl=id&rclk=1,Berhadiah Gopay 100 ribu perbulan untuk customer beruntung,7200,Sop Buntut Goreng,70000,31200,Sukses,31200,GoFood,https://gofood.co.id/malang/restaurant/rumah-makan-sari-rasa-lawang-d38eeb7d-fbe3-41e9-a58f-332e920fd578
487,Warung anggita,4.3,66,Warung anggita,-8.02694,112.6328741,https://www.google.com/maps/place/Warung+anggita/data=!4m7!3m6!1s0x2dd62778e5b13353:0xddc33e8d63498f20!8m2!3d-8.02694!4d112.6328741!16s%2Fg%2F11j3sgd578!19sChIJUzOx5Xgn1i0RII9JY40-w90?authuser=0&hl=id&rclk=1,Nasi,6000,Mozarella+ Coklat,20000,12000,Sukses,12000,GoFood,https://gofood.co.id/malang/restaurant/warung-anggita-kelapa-bf4bbea2-3bd2-4563-a60e-5d206f076d7b
488,Depot Samsin,4.5,368,Wisata Umum,-7.9712318,112.6284996,https://www.google.com/maps/place/Depot+Samsin/data=!4m7!3m6!1s0x2dd6282f7bd5ff1d:0x92d412a97ccdc21e!8m2!3d-7.9712318!4d112.6284996!16s%2Fg%2F11b6d63zd5!19sChIJHf_Vey8o1i0RHsLNfKkS1JI?authuser=0&hl=id&rclk=1,Susu UHT Rasa Coklat Premium,5000,"Daging Babi Pilihan , Empuk , Dan Lezat",85000,24000,Sukses,24000,GoFood,https://gofood.co.id/malang/restaurant/depot-samsin-oro-oro-dowo-5bb96f13-5a9a-4180-8d7e-45428ad8ce08
489,Depot Kanton,4.3,874,Wisata Umum,-7.9679762,112.626693,https://www.google.com/maps/place/Depot+Kanton/data=!4m7!3m6!1s0x2e7882829cf1d84d:0x1601baa5aa40716b!8m2!3d-7.9679762!4d112.626693!16s%2Fg%2F11cm9m441_!19sChIJTdjxnIKCeC4Ra3FAqqW6ARY?authuser=0&hl=id&rclk=1,Minuman,5200,Nasi Goreng Reguler + Bakmi Reguler + Koloke,237500,65000,Sukses,65000,GoFood,https://gofood.co.id/malang/restaurant/depot-kanton-retawu-oro-oro-dowo-462b7766-c5f3-47d1-b9c2-f50950716fc2
490,Depot Maninjau,3.9,221,Wisata Umum,-7.974303,112.657869,https://www.google.com/maps/place/Depot+Maninjau/data=!4m7!3m6!1s0x2dd6285b71e0225b:0x7ec1f6dd0864f70e!8m2!3d-7.974303!4d112.657869!16s%2Fg%2F11b6gn22pf!19sChIJWyLgcVso1i0RDvdkCN32wX4?authuser=0&hl=id&rclk=1,Isi 2,5000,Rawon,40000,13500,Sukses,13500,GoFood,https://gofood.co.id/malang/restaurant/depot-maninjau-kedungkandang-acc23a19-383d-4382-905b-614a3a927cb3
491,Depot 59,4.7,244,Wisata Umum,-7.9840455,112.6369202,https://www.google.com/maps/place/Depot+59/data=!4m7!3m6!1s0x2dd6281689761f85:0xab702c6c8d903232!8m2!3d-7.9840455!4d112.6369202!16s%2Fg%2F1hc667jrc!19sChIJhR92iRYo1i0RMjKQjWwscKs?authuser=0&hl=id&rclk=1,Usus Kuping Cingur 1ons,43000,Ayam Panggang Kampung Disajikan Dengan Saos Tauco Special,112000,95000,Sukses,95000,GoFood,https://gofood.co.id/malang/restaurant/depot-59-siokee-siobak-kec-blimbing-kel-jodipan-358046a4-d8af-4923-a667-e5f05273bbd2
492,Depot RAWON KOE,4.8,52,Wisata Umum,-8.0075765,112.6379399,https://www.google.com/maps/place/Depot+RAWON+KOE/data=!4m7!3m6!1s0x2dd6277270f38f63:0x2c1c6cfac8f87ee!8m2!3d-8.0075765!4d112.6379399!16s%2Fg%2F11xdlc40t4!19sChIJY4_zcHIn1i0R7oePrM_GwQI?authuser=0&hl=id&rclk=1,Nasi Putih,7500,Nasi goreng jawa + Nasi Rawon Iga/Buntut,102000,44500,Sukses,44500,GoFood,https://gofood.co.id/surabaya/restaurant/depot-rawon-malang-mm-kayon-3beaf9a9-48f2-44a6-bc9b-7a3e4fb706de
493,Pecel Dan Rawon Glintung Bu Yatirah,4.4,2051,Wisata Umum,-7.9467091,112.640163,https://www.google.com/maps/place/Pecel+Dan+Rawon+Glintung+Bu+Yatirah/data=!4m7!3m6!1s0x2dd629c6db0b44cf:0x7ee1670de28de512!8m2!3d-7.9467091!4d112.640163!16s%2Fg%2F11b6gfkv5q!19sChIJz0QL28Yp1i0REuWN4g1n4X4?authuser=0&hl=id&rclk=1,Perkedel,5000,"Terbuat dari bumbu pilihan dan kacang pilihan tanpa bahan pengawet, yang diolah menjadi bumbu pecel khas kediri",30000,14000,Sukses,14000,GoFood,https://gofood.co.id/malang/restaurant/pecel-dan-rawon-glintung-bu-yatirah-letjen-s-parman-1b355d30-fb4e-463e-9aec-f7c45e8e4a25
494,Hot Cui Mie,4.4,4159,Wisata Umum,-7.9513367,112.6395376,https://www.google.com/maps/place/Hot+Cui+Mie/data=!4m7!3m6!1s0x2dd629c89a2687d9:0x20811c4940c9c086!8m2!3d-7.9513367!4d112.6395376!16s%2Fg%2F1hm5zxcrd!19sChIJ2Ycmmsgp1i0RhsDJQEkcgSA?authuser=0&hl=id&rclk=1,Mineral Botol,9500,"Bakmie goreng ayam dengan campuran bakso,udang,ayam,telur sawi",64500,32250,Sukses,32250,GoFood,https://gofood.co.id/malang/restaurant/hot-cui-mie-kawi-83317ab8-c155-46da-b609-42fe99e9f552
495,Depot Shanghai,4.4,103,Wisata Umum,-7.9382181,112.6371174,https://www.google.com/maps/place/Depot+Shanghai/data=!4m7!3m6!1s0x2dd629e979d28717:0xbb07635dfbf65a10!8m2!3d-7.9382181!4d112.6371174!16s%2Fg%2F11b6lmtx21!19sChIJF4fSeekp1i0REFr2-11jB7s?authuser=0&hl=id&rclk=1,Kapal Selam Kecil,7500,Ayam Goreng Saus Inggris,54000,34000,Sukses,34000,GoFood,https://gofood.co.id/malang/restaurant/depot-shanghai-lowokwaru-9f062865-2ab8-4874-bbaf-e72b50d193f2
496,DAPUR LAWAS MALANG,4.6,161,Wisata Umum,-7.9128456,112.6426037,https://www.google.com/maps/place/DAPUR+LAWAS+MALANG/data=!4m7!3m6!1s0x2dd62bc506fff1e7:0x4c8f80bde402c16c!8m2!3d-7.9128456!4d112.6426037!16s%2Fg%2F11j6kw6yhy!19sChIJ5_H_BsUr1i0RbMEC5L2Aj0w?authuser=0&hl=id&rclk=1,Nasi Putih,6000,"1 Ekor Gurami Bkr/ Gr,2sambel,1llapan,1urap",130000,58500,Sukses,58500,GoFood,https://gofood.co.id/malang/restaurant/dapur-lawas-dallas-singosari-tunjungtirto-17-mlg-f6d486cc-2601-404e-96fc-c38a09703367
497,Warung Nasi Lumayan,4.7,146,Warung Nasi Lumayan,-7.8931437,112.6608617,https://www.google.com/maps/place/Warung+Nasi+Lumayan/data=!4m7!3m6!1s0x2dd62a4eb1dc2505:0x7a0762f98a73423a!8m2!3d-7.8931437!4d112.6608617!16s%2Fg%2F1hm6lfcph!19sChIJBSXcsU4q1i0ROkJzivliB3o?authuser=0&hl=id&rclk=1,nasi putih,5000,Lobster Jumbo,80000,11750,Sukses,11750,GoFood,https://gofood.co.id/malang/restaurant/warung-lumayan-joyo-agung-44131e79-976e-408a-89c7-b5b93fd29c07
498,Ayam Goreng Pak Maning,4.3,1813,Wisata Umum,-7.9054157,112.659728,https://www.google.com/maps/place/Ayam+Goreng+Pak+Maning/data=!4m7!3m6!1s0x2dd62a31139fe261:0xc3198d56c594d22a!8m2!3d-7.9054157!4d112.659728!16s%2Fg%2F11b826zk2z!19sChIJYeKfEzEq1i0RKtKUxVaNGcM?authuser=0&hl=id&rclk=1,Sambel Kecap,6500,1 Kuali Sop Ayam Jantan Perjaka,191000,19000,Sukses,19000,GoFood,https://gofood.co.id/malang/restaurant/ayam-goreng-pak-maning-blimbing-086b680d-74f9-49cf-81c8-892b51b73069
499,Warung Nasional 1,4.5,200,Warung Nasional 1,-7.914584,112.649327,https://www.google.com/maps/place/Warung+Nasional+1/data=!4m7!3m6!1s0x2dd62a23fdb27885:0x8b3c2a6a57ca11b9!8m2!3d-7.914584!4d112.649327!16s%2Fg%2F1hm2y7pgs!19sChIJhXiy_SMq1i0RuRHKV2oqPIs?authuser=0&hl=id&rclk=1,Hangat/Panas,5000,Pecel Ikan Gurame Di Goreng Di Hidangkan Dgn Sambel Lalapan Plus Nasi Putih,45000,19000,Sukses,19000,GoFood,https://gofood.co.id/malang/restaurant/warung-nasional-malang-9515fd9d-2e18-4935-ada6-3b0172b2512f
500,Warung Sego Empok Mak Nur,4.6,122,Warung Sego Empok Mak Nur,-7.9062413,112.6417253,https://www.google.com/maps/place/Warung+Sego+Empok+Mak+Nur/data=!4m7!3m6!1s0x2dd62a1641982aaf:0x81bd5dee14d538d6!8m2!3d-7.9062413!4d112.6417253!16s%2Fg%2F11f122plg2!19sChIJryqYQRYq1i0R1jjVFO5dvYE?authuser=0&hl=id&rclk=1,Sego Empok Pagi Kenyang,8000,Nasi+sayur Pecel+lauk+peyek,9000,8000,Sukses,8000,GoFood,https://gofood.co.id/malang/restaurant/warung-sego-empok-monggo-mampir-baratnya-balaedesa-ngijo-atau-baratnya-sate-suna-1d9ef844-4822-4272-8dc2-630c354c3b68
501,Kantri Masakan Indonesia & Sea Food,4.5,2586,Wisata Umum,-7.9021259,112.6618742,https://www.google.com/maps/place/Kantri+Masakan+Indonesia+%26+Sea+Food/data=!4m7!3m6!1s0x2dd62a34221f5ab5:0x7b09cd30f55a772b!8m2!3d-7.9021259!4d112.6618742!16s%2Fg%2F1hm5lq1gy!19sChIJtVofIjQq1i0RK3da9TDNCXs?authuser=0&hl=id&rclk=1,Ice Tea,10000,Sup Tomyam Safood (large),252000,55500,Sukses,55500,GoFood,https://gofood.co.id/malang/restaurant/kantri-singosari-41215138-bf31-43fb-9cd4-06b74cb8c6ed
502,Warung Terminal Gizi,4.6,53,Warung Terminal Gizi,-7.8989916,112.6314646,https://www.google.com/maps/place/Warung+Terminal+Gizi/data=!4m7!3m6!1s0x2dd62b747a688ff7:0x4ebd9f18fea27f61!8m2!3d-7.8989916!4d112.6314646!16s%2Fg%2F11g07tsm80!19sChIJ949oenQr1i0RYX-i_hifvU4?authuser=0&hl=id&rclk=1,Kopi Hitam,9000,Mix 3 Rasa,25000,15000,Sukses,15000,GoFood,https://gofood.co.id/malang/restaurant/terminal-gizi-stmj-88-blimbing-ea16c5f2-1392-4770-ae6f-99ba9380e718
503,RM. Ibunda,4.7,135,Wisata Umum,-7.9086635,112.6586659,https://www.google.com/maps/place/RM.+Ibunda/data=!4m7!3m6!1s0x2dd62a31d3441911:0xbaf6af89028614f!8m2!3d-7.9086635!4d112.6586659!16s%2Fg%2F11hd5dnd8v!19sChIJERlE0zEq1i0RT2EokPhqrws?authuser=0&hl=id&rclk=1,"Pop Ice,ceres,cheese,jelly",7000,Soda Gembira,12500,7000,Sukses,7000,GoFood,https://gofood.co.id/malang/restaurant/mimik-dulu-by-rm-ibunda-caf13e8d-6ed2-414e-8807-7fc1759bde98
504,Warung Mawar,4.6,83,Warung Mawar,-7.9146063,112.6494876,https://www.google.com/maps/place/Warung+Mawar/data=!4m7!3m6!1s0x2dd62a188a9746c5:0x76bb8bdbc1b53eaf!8m2!3d-7.9146063!4d112.6494876!16s%2Fg%2F1pzpq3v6y!19sChIJxUaXihgq1i0Rrz61wduLu3Y?authuser=0&hl=id&rclk=1,Nasi Putih,5000,Berhadiah Gopay 100 ribu perbulan untuk customer beruntung,30000,14000,Sukses,14000,GoFood,https://gofood.co.id/malang/restaurant/warung-mawar-mawar-9155a33f-475c-490c-af3e-fa041cf38958
505,Warung Prasmanan Kembang Banyu,4.5,237,Warung Prasmanan Kembang Banyu,-7.9118238,112.6401384,https://www.google.com/maps/place/Warung+Prasmanan+Kembang+Banyu/data=!4m7!3m6!1s0x2dd62b1e222b89b9:0xa0bed4acab8cd5b2!8m2!3d-7.9118238!4d112.6401384!16s%2Fg%2F11j1tks5nm!19sChIJuYkrIh4r1i0RstWMq6zUvqA?authuser=0&hl=id&rclk=1,Capucinno HOT,5000,Nutrisari ICE,6000,6000,Sukses,6000,GoFood,https://gofood.co.id/malang/restaurant/warung-kembang-25267a36-472b-40a1-a4b7-4f91a0c918f6
506,Legi Asin,4.4,393,Wisata Umum,-7.8874418,112.6622556,https://www.google.com/maps/place/Legi+Asin/data=!4m7!3m6!1s0x2dd62bb71c992257:0xb0c58c911f11ec6e!8m2!3d-7.8874418!4d112.6622556!16s%2Fg%2F11tj91w38_!19sChIJVyKZHLcr1i0RbuwRH5GMxbA?authuser=0&hl=id&rclk=1,Roti Dengan Isian Coklat Dan Toping Oreo,6600,"Sayap Ayam Crispy Dilumuri Pilihan Saos (Keju, Madu Pedas, Lada Hitam Dan Krim Jamur)",41250,24500,Sukses,24500,GoFood,https://gofood.co.id/malang/restaurant/legi-asin-depan-bakso-mercon-cak-kar-c080ba0a-0769-4cb4-9c5f-acdabdf876a1
507,Depot Dewi Sri,4.5,31,Wisata Umum,-7.8886554,112.6535763,https://www.google.com/maps/place/Depot+Dewi+Sri/data=!4m7!3m6!1s0x2dd62a5acef2c21d:0xb857a62f2375b90c!8m2!3d-7.8886554!4d112.6535763!16s%2Fg%2F11b6sydd12!19sChIJHcLyzloq1i0RDLl1Iy-mV7g?authuser=0&hl=id&rclk=1,Lalapan Tahu Tempe,20000,Lalapan Ayam,35000,30000,Sukses,30000,GoFood,https://gofood.co.id/malang/restaurant/warung-dewi-sri-kedungkandang-5665df0e-f5e8-4b75-85c7-d42b64a445be
508,Depot HTS Legendaris sejak 1927,4.2,2120,Restoran luas dengan masakan Indonesia,-7.8503188,112.695541,https://www.google.com/maps/place/Depot+HTS+Legendaris+sejak+1927/data=!4m7!3m6!1s0x2dd62b46103fd4d7:0x53921b0ebb50faf2!8m2!3d-7.8503188!4d112.695541!16s%2Fg%2F1hd_kvfvc!19sChIJ19Q_EEYr1i0R8vpQuw4bklM?authuser=0&hl=id&rclk=1,Es Teh Manis / Panas,5000,10 Buah Lumpia Daging Rebung Spesial HTS Khas Lawang dimakan dengan bumbu Taoco yang dimasak khusus untuk menyempurnakan rasa Lumpianya,120000,35500,Sukses,35500,GoFood,https://gofood.co.id/malang/restaurant/depot-hts-lawang-b761129b-e6b8-430e-82f3-2c89ed12c93c
509,Kedai Fortunatu,4.7,34,Restoran · Jl. Kendedes No.208B,-7.8850861,112.6609514,https://www.google.com/maps/place/Kedai+Fortunatu/data=!4m7!3m6!1s0x2dd62b4915a25149:0xcd9092863a033117!8m2!3d-7.8850861!4d112.6609514!16s%2Fg%2F11hpmmgm5w!19sChIJSVGiFUkr1i0RFzEDOoaSkM0?authuser=0&hl=id&rclk=1,Teh Tarik,5000,Daging + Tempe + Rawon + Sambal,15000,10000,Sukses,10000,GoFood,https://gofood.co.id/malang/restaurant/kedai-fortunatu-kendedes-fffeae45-f230-4732-99d7-b4937e7ecf96
510,Rawon Malang (Warung Biru),4.3,368,Rawon Malang (Warung Biru),-7.8946501,112.5941258,https://www.google.com/maps/place/Rawon+Malang+%28Warung+Biru%29/data=!4m7!3m6!1s0x2e7881b85be7a5f7:0xca61911ad8801d4b!8m2!3d-7.8946501!4d112.5941258!16s%2Fg%2F1hm5fbwwc!19sChIJ96XnW7iBeC4RSx2A2BqRYco?authuser=0&hl=id&rclk=1,Telor Dadar,5000,Special Campur Keju,24000,15000,Sukses,15000,GoFood,https://gofood.co.id/malang/restaurant/warung-biru-rawon-man-84-blimbing-1773b79a-8708-4732-87eb-0aa28a214d0f
511,Latar Candi Singhasari,4.4,931,Wisata Umum,-7.8882495,112.6638469,https://www.google.com/maps/place/Latar+Candi+Singhasari/data=!4m7!3m6!1s0x2dd62befb5ad0fa9:0x6a9753742a1d6b06!8m2!3d-7.8882495!4d112.6638469!16s%2Fg%2F11pvb9_2z5!19sChIJqQ-tte8r1i0RBmsdKnRTl2o?authuser=0&hl=id&rclk=1,Nasi Goreng Hongkong,14000,Capjay dengan cita rasa yang spesial dan lezat,20000,17000,Sukses,17000,GoFood,https://gofood.co.id/malang/restaurant/nasi-goreng-mie-cha-cha-singosari-c378693f-254a-45d8-95a2-c583e4242356
512,Minarasa Ikan Bakar dan Oleh-oleh Sendangbiru,4.8,29,Wisata Umum,-8.4345844,112.6820741,https://www.google.com/maps/place/Minarasa+Ikan+Bakar+dan+Oleh-oleh+Sendangbiru/data=!4m7!3m6!1s0x2dd60130137f2d77:0x3dee388a4c47b519!8m2!3d-8.4345844!4d112.6820741!16s%2Fg%2F11ghp2lzqb!19sChIJdy1_EzAB1i0RGbVHTIo47j0?authuser=0&hl=id&rclk=1,Es Jeruk/jeruk Anget,6000,Raja Bakar Asli Sendang Biru Adalah Restoean Yg Berfokus Kepada Ikan-ikan Segar Yang Di Bawa Langsung Dari Laut Sendang Biru Yang Di Olah Dengan Bumbu Khas Sendang Biru Di Sajikan Dengan Dua Varian Sambal Yaitu Sambal Dabu-dabu Dan Sambal Kecap,70000,50000,Sukses,50000,GoFood,https://gofood.co.id/malang/restaurant/raja-bakar-asli-seafood-sendang-biru-pandanwangi-8643a099-ffd2-4580-8c16-d568b6616ce2
513,warung hamur pedes,4.6,496,warung hamur pedes,-8.1901694,112.7044782,https://www.google.com/maps/place/warung+hamur+pedes/data=!4m7!3m6!1s0x2dd61f9b768585c7:0x58392b3cef5ad90f!8m2!3d-8.1901694!4d112.7044782!16s%2Fg%2F11jdn076wp!19sChIJx4WFdpsf1i0RD9la7zwrOVg?authuser=0&hl=id&rclk=1,Nasi Putih,6000,Mentok Goreng Sambal Terasi Di Taburi Kremes Rempah Rempah,42000,18000,Sukses,18000,GoFood,https://gofood.co.id/malang/restaurant/warung-hamur-pedes-2-kec-kepanjen-419723f2-c198-4944-b857-88e9ce4351b2
514,Warung Kediri Mbak Tutik,4.5,59,Warung Kediri Mbak Tutik,-8.2122316,112.6929057,https://www.google.com/maps/place/Warung+Kediri+Mbak+Tutik/data=!4m7!3m6!1s0x2dd61f9359b1d6eb:0xf36b467cbfda85c9!8m2!3d-8.2122316!4d112.6929057!16s%2Fg%2F11h5plt2g2!19sChIJ69axWZMf1i0RyYXav3xGa_M?authuser=0&hl=id&rclk=1,Jeruk Hangat / Es,5000,Nasi + urap + ayam kampung 1 / 4,26000,9000,Sukses,9000,GoFood,https://gofood.co.id/en/malang/restaurant/warung-kediri-barat-rri-barat-rri-malang-a75cc153-2d8c-4a1b-8d1a-aff4ba0d8353
515,Warung Bu Sum Free Wifi ( Empat Sekawan ),4.4,87,Wisata Umum,-8.1993074,112.6942798,https://www.google.com/maps/place/Warung+Bu+Sum+Free+Wifi+%28+Empat+Sekawan+%29/data=!4m7!3m6!1s0x2dd61f21a7ea1783:0x22dd941d4a6736f0!8m2!3d-8.1993074!4d112.6942798!16s%2Fg%2F11h9rxkyph!19sChIJgxfqpyEf1i0R8DZnSh2U3SI?authuser=0&hl=id&rclk=1,Kol Goreng,6000,"Nasi, ayam goreng paha, kremes, lalapan dan sambal bawang/ matah",28000,20000,Sukses,20000,GoFood,https://gofood.co.id/id/malang/restaurant/warung-bu-sum-lowokwaru-66b1d62e-78c8-480f-a004-0b5d99166828
516,WARUNG MAKAN RU,4.7,32,WARUNG MAKAN RU,-8.1979401,112.7236732,https://www.google.com/maps/place/WARUNG+MAKAN+RU/data=!4m7!3m6!1s0x2dd619231a6a0285:0x3f390a76e749967d!8m2!3d-8.1979401!4d112.7236732!16s%2Fg%2F11fmdlvt29!19sChIJhQJqGiMZ1i0RfZZJ53YKOT8?authuser=0&hl=id&rclk=1,Nasi Putih,5000,Lauk Saja,15000,10000,Sukses,10000,GoFood,https://gofood.co.id/en/malang/restaurant/warung-makan-rumahan-7cb8e01f-3f93-4812-8c03-72f975df1ea1
517,Warung Ireng,4.2,32,Warung Ireng,-8.2008536,112.691831,https://www.google.com/maps/place/Warung+Ireng/data=!4m7!3m6!1s0x2dd61f20290572c7:0xb28dd5d449bea0e2!8m2!3d-8.2008536!4d112.691831!16s%2Fg%2F1hm2mb962!19sChIJx3IFKSAf1i0R4qC-SdTVjbI?authuser=0&hl=id&rclk=1,1 Pcs,5500,Ayam Goreng Lengkuas + Abon Lengkuas + Sambal korek,68900,22400,Sukses,22400,GoFood,https://gofood.co.id/malang/restaurant/omah-bumbu-ireng-ikan-arwana-9cc42e67-c655-4c3c-840c-4259f4bc4ea3
518,Warung Pak Untung,4.4,1425,Warung Pak Untung,-8.1847137,112.6960826,https://www.google.com/maps/place/Warung+Pak+Untung/data=!4m7!3m6!1s0x2dd61f3edf721cad:0x65e9e43955f04731!8m2!3d-8.1847137!4d112.6960826!16s%2Fg%2F11f2_v0r_2!19sChIJrRxy3z4f1i0RMUfwVTnk6WU?authuser=0&hl=id&rclk=1,Es Degan Original,5000,Spesial Kremes Dan Sambel Pencit,30000,10000,Sukses,10000,GoFood,https://gofood.co.id/malang/restaurant/warung-pak-untung-spesial-sambal-pencit-bebek-dan-ayam-lowokwaru-336abdb1-748e-4efe-84f7-c6b5c4d37871
519,WARUNG MINTHEN,4.3,61,WARUNG MINTHEN,-8.239879,112.6820011,https://www.google.com/maps/place/WARUNG+MINTHEN/data=!4m7!3m6!1s0x2dd61e9c88b32a97:0xb2be4f925fe67bfd!8m2!3d-8.239879!4d112.6820011!16s%2Fg%2F11c1s7csbk!19sChIJlyqziJwe1i0R_XvmX5JPvrI?authuser=0&hl=id&rclk=1,Capcin,7500,Isi 100,30000,13000,Sukses,13000,GoFood,https://gofood.co.id/en/malang/restaurant/warung-minten-7b1e9e30-8e40-4249-b3a0-aa8c9266160f
520,KEDAI KONGKOW JAJANAN GOWER TALOK,4.4,28,Wisata Umum,-8.1939539,112.6932714,https://www.google.com/maps/place/KEDAI+KONGKOW+JAJANAN+GOWER+TALOK/data=!4m7!3m6!1s0x2dd61f22e97c9515:0x1033025134cf72c1!8m2!3d-8.1939539!4d112.6932714!16s%2Fg%2F11c80c058x!19sChIJFZV86SIf1i0RwXLPNFECMxA?authuser=0&hl=id&rclk=1,Teh Solo,5000,"5 Wonton, Telur Orak Arik, Sayuran, Kerupuk Pangsit",25000,25000,Sukses,25000,GoFood,https://gofood.co.id/mataram/restaurant/kedai-kongkow-kediri-4bf4ca9f-1c63-4c5b-8459-1ce878ec3d2f
521,Warung hijau,4.1,37,Warung hijau,-8.1951314,112.6920903,https://www.google.com/maps/place/Warung+hijau/data=!4m7!3m6!1s0x2dd61f2263dae297:0xb998b95f300afe77!8m2!3d-8.1951314!4d112.6920903!16s%2Fg%2F11f08b7gjn!19sChIJl-LaYyIf1i0Rd_4KMF-5mLk?authuser=0&hl=id&rclk=1,Es Buah,9500,Coto Makasar Daging,24000,22000,Sukses,22000,GoFood,https://gofood.co.id/id/malang/restaurant/warung-hijau-sukun-7ecf6145-3ec7-4106-94e5-56f3382237fb
522,Warung Mak Pur,4.5,30,Warung Mak Pur,-8.195916,112.691436,https://www.google.com/maps/place/Warung+Mak+Pur/data=!4m7!3m6!1s0x2dd61f227631015f:0xe0303b26c2c17d7c!8m2!3d-8.195916!4d112.691436!16s%2Fg%2F11b6yfxqsb!19sChIJXwExdiIf1i0RfH3BwiY7MOA?authuser=0&hl=id&rclk=1,Es Teh,5000,"Sambel Bawang,Tomat,Kacang,Bawang Kecap",17000,11250,Sukses,11250,GoFood,https://gofood.co.id/malang/restaurant/warung-mak-par-lowokwaru-1bc145d7-921e-4626-99f0-11d011f587b5
523,Nana Food,4.0,111,Wisata Umum,-8.1964405,112.6921005,https://www.google.com/maps/place/Nana+Food/data=!4m7!3m6!1s0x2dd61fac1cf2f6ff:0xa6edcc9fac1ea9c8!8m2!3d-8.1964405!4d112.6921005!16s%2Fg%2F11nld61tv1!19sChIJ__byHKwf1i0RyKkerJ_M7aY?authuser=0&hl=id&rclk=1,ICE TEA,8750,CORNDOG MANIS Isi 2,27500,18750,Sukses,18750,GoFood,https://gofood.co.id/malang/restaurant/nana-food-hamid-rusdi-10e48857-7ce6-43c6-93a1-08c1af5aecbf
524,Warung Rawon Iga,4.4,99,Warung Rawon Iga,-8.1793913,112.6896248,https://www.google.com/maps/place/Warung+Rawon+Iga/data=!4m7!3m6!1s0x2dd61f6a67717225:0x3a03785351f288c7!8m2!3d-8.1793913!4d112.6896248!16s%2Fg%2F11g8pfr509!19sChIJJXJxZ2of1i0Rx4jyUVN4Azo?authuser=0&hl=id&rclk=1,Dari telur itik yang diawetkan dengan cara diasinkan,5700,Sambal + Cambah dibungkus terpisah,37000,15500,Sukses,15500,GoFood,https://gofood.co.id/malang/restaurant/rawon-iga-buk-nan-villa-bukit-tidar-c1-323-bb21d7d2-1ae1-4659-a5a1-8ff4450145db
525,Rumah Makan Lalapan,4.5,37,Wisata Umum,-8.1719896,112.6689191,https://www.google.com/maps/place/Rumah+Makan+Lalapan/data=!4m7!3m6!1s0x2dd61f786a5072a1:0x9ec8da117db90deb!8m2!3d-8.1719896!4d112.6689191!16s%2Fg%2F1hm53rjzb!19sChIJoXJQangf1i0R6w25fRHayJ4?authuser=0&hl=id&rclk=1,Nasi + Daging/ayam,20000,Rawon + Nasi,20000,20000,Sukses,20000,GoFood,https://gofood.co.id/malang/restaurant/warung-lalapan-jln-sawojajar-ggxi-sawojajar-kedungkandang-malang-5a1829f2-1ee4-48e4-90e6-7c5927067b86
526,Mitro Chinese Food,4.4,78,Wisata Umum,-8.1702071,112.69012,https://www.google.com/maps/place/Mitro+Chinese+Food/data=!4m7!3m6!1s0x2dd61f67990945b3:0x173d162aa4f1d773!8m2!3d-8.1702071!4d112.69012!16s%2Fg%2F11gfhf3_x0!19sChIJs0UJmWcf1i0Rc9fxpCoWPRc?authuser=0&hl=id&rclk=1,Telor Ceplok,5000,Cap Jay Goreng Spesial,40000,19000,Sukses,19000,GoFood,https://gofood.co.id/malang/restaurant/mitro-chinesse-food-stadion-barat-f7292f33-dc2b-4712-ada5-4f612084f3aa
527,Warung eM-eS,4.7,67,Warung eM-eS,-8.1741248,112.6925773,https://www.google.com/maps/place/Warung+eM-eS/data=!4m7!3m6!1s0x2dd61faab7e7d761:0xb5e0726eb62e7d!8m2!3d-8.1741248!4d112.6925773!16s%2Fg%2F11h452trk9!19sChIJYdfnt6of1i0RfS62bnLgtQA?authuser=0&hl=id&rclk=1,"Es Jeruk + Susu, Jangan lupa Dikocok Dulu Sebelum Minum, Jangan Minta Dikocokin",7000,Nimbuzz/Soda Susu,18000,14000,Sukses,14000,GoFood,https://gofood.co.id/en/malang/restaurant/warung-em-es-tembusan-talok-b9d787f0-2160-497f-aaf8-4d123ea9be7a?page=70
528,Hajj Chicken turen,4.2,579,Wisata Umum,-8.1707633,112.6915781,https://www.google.com/maps/place/Hajj+Chicken+turen/data=!4m7!3m6!1s0x2e78988a3d14eb93:0x294ed564c0723d1b!8m2!3d-8.1707633!4d112.6915781!16s%2Fg%2F11c2np3sgz!19sChIJk-sUPYqYeC4RGz1ywGTVTik?authuser=0&hl=id&rclk=1,Kubis Roll Kukus Dengan Saus Pilihan,10000,Nasi + ceker tanpa tulang + spicy saus,18750,15625,Sukses,15625,GoFood,https://gofood.co.id/malang/restaurant/hj-store-chicken-turen-c992f1e7-e346-4dee-b83a-d04554d0064f?page=8%2Fbrand%2F62b20488-b906-4e21-98d7-031d3e49b5be%2Fmiddle_eastern%2Findian_food%2Fbakmie%2Fmiddle_eastern
529,JURAGAN STEAK N CAFE,4.1,64,Restoran · Jl. A. Yani,-8.1709985,112.7033386,https://www.google.com/maps/place/JURAGAN+STEAK+N+CAFE/data=!4m7!3m6!1s0x2dd61f3074a55d31:0x6906d893730c625b!8m2!3d-8.1709985!4d112.7033386!16s%2Fg%2F11swdjw3_p!19sChIJMV2ldDAf1i0RW2IMc5PYBmk?authuser=0&hl=id&rclk=1,Tahu Crispy,12000,1 Crispy Chicken Steak + 1 Crispy Chicken Strip + 2 Mocktail (All Variant),62000,14000,Sukses,14000,GoFood,https://gofood.co.id/malang/restaurant/juragan-steak-n-cafe-80300bae-e30a-4ef7-8f83-3c1fb7440b86
530,Mie Bledek,4.2,1591,Wisata Umum,-8.1708865,112.6888215,https://www.google.com/maps/place/Mie+Bledek/data=!4m7!3m6!1s0x2dd61f67caf51dd1:0xd5a8b4d0033f778!8m2!3d-8.1708865!4d112.6888215!16s%2Fg%2F12jsdw0sc!19sChIJ0R31ymcf1i0RePczAE2LWg0?authuser=0&hl=id&rclk=1,Es Jeruk,5000,Daging Mozarella Bakar Yang Melimpah,22000,13000,Sukses,13000,GoFood,https://gofood.co.id/malang/restaurant/mie-ayam-bledek-13-rasa-malangsuko-01ab3e36-bee9-4772-a0f2-ece92770e71c
531,Warung Bakso Pangsit Mie Rasta,4.6,138,Warung Bakso Pangsit Mie Rasta,-8.1653299,112.6921808,https://www.google.com/maps/place/Warung+Bakso+Pangsit+Mie+Rasta/data=!4m7!3m6!1s0x2dd61f5e3b6a0d49:0x40c12e88e676c232!8m2!3d-8.1653299!4d112.6921808!16s%2Fg%2F11b6twy6nv!19sChIJSQ1qO14f1i0RMsJ25oguwUA?authuser=0&hl=id&rclk=1,Rawon Soto Ayam Penyet,20000,Rasa Gurih Dan Pedas,25000,20000,Sukses,20000,GoFood,https://gofood.co.id/batam/restaurant/pangsit-mie-malang-472bac1f-9b13-4dd0-ada2-6cb292437965
532,Bakso mie ayam putra sulung,4.4,44,Wisata Umum,-8.1774537,112.7025002,https://www.google.com/maps/place/Bakso+mie+ayam+putra+sulung/data=!4m7!3m6!1s0x2dd61ffa758a3e79:0x8975ce6ec6fb5572!8m2!3d-8.1774537!4d112.7025002!16s%2Fg%2F11qbfp1x0s!19sChIJeT6Kdfof1i0RclX7xm7OdYk?authuser=0&hl=id&rclk=1,Es Teh,5000,Mie Ayam Pentol Kasar 2 Kecil 2,25000,14000,Sukses,14000,GoFood,https://gofood.co.id/malang/restaurant/bakso-dan-mie-ayam-putra-sulung-0db57d61-86f7-450a-8b7c-e5a6b77d4c21
533,Warung Pandawa,4.4,131,Warung Pandawa,-8.151151,112.7192788,https://www.google.com/maps/place/Warung+Pandawa/data=!4m7!3m6!1s0x2dd623983a371671:0x6e8c421299cbbf6b!8m2!3d-8.151151!4d112.7192788!16s%2Fg%2F11fjm9fx_j!19sChIJcRY3Opgj1i0Ra7_LmRJCjG4?authuser=0&hl=id&rclk=1,Fruit Tea,5000,Ice Blend Vanila,10000,10000,Sukses,10000,GoFood,https://gofood.co.id/malang/restaurant/warung-pandawa-5-delima-60df6546-3cd0-4570-8b19-0706332458db
534,Warung Nasi Al-hidayah,4.5,22,Warung Nasi Al-hidayah,-8.1488972,112.7151078,https://www.google.com/maps/place/Warung+Nasi+Al-hidayah/data=!4m7!3m6!1s0x2dd621f7e078fdf1:0x3288fa7557002d04!8m2!3d-8.1488972!4d112.7151078!16s%2Fg%2F11b7hfz_gc!19sChIJ8f144Pch1i0RBC0AV3X6iDI?authuser=0&hl=id&rclk=1,Tahu + Telor + Bumbu,13000,Kuah+daging Ayam+sayur,15000,13000,Sukses,13000,GoFood,https://gofood.co.id/malang/restaurant/warung-hidayah-88d03f72-dea6-4e09-9466-9011979156ba
535,Warung Nusantara,4.5,43,Warung Nusantara,-8.05136,112.6864746,https://www.google.com/maps/place/Warung+Nusantara/data=!4m7!3m6!1s0x2dd626edc2703ceb:0xfeeb5a75aea879b8!8m2!3d-8.05136!4d112.6864746!16s%2Fg%2F1hm6306fd!19sChIJ6zxwwu0m1i0RuHmornVa6_4?authuser=0&hl=id&rclk=1,Harga per ons,6000,Nasi Rawon,16800,9400,Sukses,9400,GoFood,https://gofood.co.id/malang/restaurant/warung-nusantara-dau-be8bfbe7-6fc9-477a-85c0-2222c28744f6
536,warung rujak mbak ika,4.7,27,warung rujak mbak ika,-8.0428339,112.6649713,https://www.google.com/maps/place/warung+rujak+mbak+ika/data=!4m7!3m6!1s0x2dd6278e4346dbeb:0x7f741b7ac7bf70e6!8m2!3d-8.0428339!4d112.6649713!16s%2Fg%2F11fk0h1vzp!19sChIJ69tGQ44n1i0R5nC_x3obdH8?authuser=0&hl=id&rclk=1,Kopi Hitam,5000,Nasi Bebek Goreng,35000,18450,Sukses,18450,GoFood,https://gofood.co.id/malang/restaurant/warung-rujak-mbak-ika-sumbersuko-tajinan-4ab4dd33-7eb1-456e-bb68-5defed260038
537,WARUNG PRASMANAN KAMELIA,4.8,35,WARUNG PRASMANAN KAMELIA,-8.0367659,112.6359514,https://www.google.com/maps/place/WARUNG+PRASMANAN+KAMELIA/data=!4m7!3m6!1s0x2dd627f1521bf8d1:0xb9cfeade71f4862b!8m2!3d-8.0367659!4d112.6359514!16s%2Fg%2F11jzd_w7bb!19sChIJ0fgbUvEn1i0RK4b0cd7qz7k?authuser=0&hl=id&rclk=1,PEYEK KACANG,5000,Gula aren memiliki berat 250 gr,27000,12800,Sukses,12800,GoFood,https://gofood.co.id/malang/restaurant/warung-prasmanan-kamelia-arjowinangun-48184cd7-d93f-4ff2-8a33-e7b3479b57bb
538,Pawon Godong Gedang,4.3,37,Restoran · Jl. Pajaran No.723,-8.0319243,112.7080278,https://www.google.com/maps/place/Pawon+Godong+Gedang/data=!4m7!3m6!1s0x2dd62765f00f627b:0xc96ed223968731bc!8m2!3d-8.0319243!4d112.7080278!16s%2Fg%2F11rn78wmmj!19sChIJe2IP8GUn1i0RvDGHliPSbsk?authuser=0&hl=id&rclk=1,Es teh manis,5000,Salad Buah Syegeeer Large 750ml,25000,15000,Sukses,15000,GoFood,https://gofood.co.id/malang/restaurant/pawon-delivery-malang-dapur-bunda-tripel-a-bululawang-b1ef7af1-4cd5-4b0f-9e8e-6f098808d624
539,Dapur Ayam Lembeng,4.6,151,Wisata Umum,-8.011288,112.6457251,https://www.google.com/maps/place/Dapur+Ayam+Lembeng/data=!4m7!3m6!1s0x2dd627dd3393f6a1:0xc1614ac0ddce9fd2!8m2!3d-8.011288!4d112.6457251!16s%2Fg%2F11f106p6hf!19sChIJofaTM90n1i0R0p_O3cBKYcE?authuser=0&hl=id&rclk=1,Teh Panas / Es Teh,5000,"Nasi. Ikan Bakar, Tahu Tempe Sambel Lalapan",27000,15000,Sukses,15000,GoFood,https://gofood.co.id/malang/restaurant/dapur-ayam-lembeng-kedungkandang-54393d4e-5507-45db-ab2c-cf86d8dc701c
540,Warung Nikmat Jaya,4.2,24,Warung Nikmat Jaya,-8.0221879,112.6428969,https://www.google.com/maps/place/Warung+Nikmat+Jaya/data=!4m7!3m6!1s0x2dd627954df698a7:0xb9ae028d8aa96ff8!8m2!3d-8.0221879!4d112.6428969!16s%2Fg%2F11b6dhjsfk!19sChIJp5j2TZUn1i0R-G-pio0Crrk?authuser=0&hl=id&rclk=1,Es Teh,5000,"Olahan Khas Rujak, Bertabur Salad Segar Dan Buah, Serta Cingur Yang Sedap",12500,10000,Sukses,10000,GoFood,https://gofood.co.id/malang/restaurant/warung-nikmat-tajinan-b330b5b4-0110-41d3-a480-1520fd45080e
541,Brengos food,4.4,22,Wisata Umum,-8.0372719,112.6550474,https://www.google.com/maps/place/Brengos+food/data=!4m7!3m6!1s0x2dd627f8037aa441:0x9611816286f7ff08!8m2!3d-8.0372719!4d112.6550474!16s%2Fg%2F11jqbp8swl!19sChIJQaR6A_gn1i0RCP_3hmKBEZY?authuser=0&hl=id&rclk=1,Telor Ceplok/Mata Sapi,5000,Proses Pembuatan 6 Jam Ya Gaes,500000,20000,Sukses,20000,GoFood,https://gofood.co.id/malang/restaurant/brengos-food-tlogowaru-6cbd56b2-4d3b-4309-af02-1cabcf8b498e
542,"Warung Pojok ""Cantika""",4.7,43,"Warung Pojok ""Cantika""",-8.024637,112.63349,https://www.google.com/maps/place/Warung+Pojok+%22Cantika%22/data=!4m7!3m6!1s0x2dd62792f398e13b:0x6feac55c22fecaeb!8m2!3d-8.024637!4d112.63349!16s%2Fg%2F11b74wkrmm!19sChIJO-GY85In1i0R68r-IlzF6m8?authuser=0&hl=id&rclk=1,Es Jeruk Manis,8000,Bakso Tumpeng +tahu+mie+goreng,18000,15000,Sukses,15000,GoFood,https://gofood.co.id/id/malang/restaurant/warung-pojok-42c351a4-6a4a-44ac-904e-ec61e6ab523c
543,Ayam Sambal Kurma,5.0,20,Wisata Umum,-8.0130919,112.6416118,https://www.google.com/maps/place/Ayam+Sambal+Kurma/data=!4m7!3m6!1s0x2dd62b60c2bd93f1:0x2b593f37802dad9!8m2!3d-8.0130919!4d112.6416118!16s%2Fg%2F11t494qh88!19sChIJ8ZO9wmAr1i0R2doCePOTtQI?authuser=0&hl=id&rclk=1,Es Teh Manis,5000,"Nasi Putih, Dada Ayam Goreng, Tahu Tempe, Lalapan, Sambal",25000,12800,Sukses,12800,GoFood,https://gofood.co.id/malang/restaurant/ayam-sambal-kurma-bumiayu-35760fca-7f0e-4fa5-a664-225fa60c400e
544,Nasi Goreng Raja Rasa,4.2,71,Wisata Umum,-8.0356266,112.642426,https://www.google.com/maps/place/Nasi+Goreng+Raja+Rasa/data=!4m7!3m6!1s0x2dd6279893773c2f:0x51835c1bfa4912e6!8m2!3d-8.0356266!4d112.642426!16s%2Fg%2F11b6rvjk47!19sChIJLzx3k5gn1i0R5hJJ-htcg1E?authuser=0&hl=id&rclk=1,Telur Ceplok,5000,Nasi Goreng Kuli (Porsi Jumbo),19000,15000,Sukses,15000,GoFood,https://gofood.co.id/malang/restaurant/nasi-goreng-raja-rasa-a29d9ab5-ae65-4ad0-8f9f-2ab9342a04fc
545,Depot Nikmat 2,4.5,490,Wisata Umum,-7.9524004,112.6886698,https://www.google.com/maps/place/Depot+Nikmat+2/data=!4m7!3m6!1s0x2dd62918d7683b41:0xf980a1051592d458!8m2!3d-7.9524004!4d112.6886698!16s%2Fg%2F11b6ggfc21!19sChIJQTto1xgp1i0RWNSSFQWhgPk?authuser=0&hl=id&rclk=1,Telor Ceplok,6000,Tanpa nasi,68000,19000,Sukses,19000,GoFood,https://gofood.co.id/malang/restaurant/depot-nikmat-2-pakis-01ef8cf2-454f-4410-9840-ae493e59294e
546,Warung Lian,4.2,356,Warung Lian,-7.9723272,112.6466454,https://www.google.com/maps/place/Warung+Lian/data=!4m7!3m6!1s0x2dd62847955e03af:0x11e8704c640e308c!8m2!3d-7.9723272!4d112.6466454!16s%2Fg%2F1hm4hxgrl!19sChIJrwNelUco1i0RjDAOZExw6BE?authuser=0&hl=id&rclk=1,Telor Dadar,5000,Nasi Rawon,17500,8500,Sukses,8500,GoFood,https://gofood.co.id/malang/restaurant/lian-waroeng-bunul-f087ba1e-1e85-4fee-ab74-d58e8f64f5d5
547,"Waroeng Spesial Sambal ""SS"" Malang Ciliwung",4.3,7500,Wisata Umum,-7.9538339,112.6438127,https://www.google.com/maps/place/Waroeng+Spesial+Sambal+%22SS%22+Malang+Ciliwung/data=!4m7!3m6!1s0x2dd629b620aa2a17:0x457229c2f6a067a8!8m2!3d-7.9538339!4d112.6438127!16s%2Fg%2F1hm4xkrfw!19sChIJFyqqILYp1i0RqGeg9sIpckU?authuser=0&hl=id&rclk=1,Sambal Bawang Brambang Goreng,5400,3 porsi lauk iga sapi siap goreng dalam bentuk frozen,117500,12200,Sukses,12200,GoFood,https://gofood.co.id/malang/restaurant/waroeng-spesial-sambal-ss-ciliwung-7dcba137-1ced-4874-a3bf-b7e863f87add
548,"Ayam Penyet Ria, Malang",4.5,675,Wisata Umum,-7.971122,112.636695,"https://www.google.com/maps/place/Ayam+Penyet+Ria,+Malang/data=!4m7!3m6!1s0x2dd62830a6c7530b:0x944897f6a9c720e0!8m2!3d-7.971122!4d112.636695!16s%2Fg%2F11b75pw5hf!19sChIJC1PHpjAo1i0R4CDHqfaXSJQ?authuser=0&hl=id&rclk=1",Es Dawet,40000,Ayam Kampung Penyet 1 Ekor,172000,48000,Sukses,48000,GoFood,https://gofood.co.id/malang/restaurant/ayam-penyet-ria-malang-c58f1afd-c4df-4a3a-9c05-a9ee6ead58bb
549,SAMBAL GAMI BU'SUM,4.2,1898,Wisata Umum,-7.9753901,112.6369541,https://www.google.com/maps/place/SAMBAL+GAMI+BU%27SUM/data=!4m7!3m6!1s0x2dd6297fba3f4ff5:0xce223c3c1828c1d3!8m2!3d-7.9753901!4d112.6369541!16s%2Fg%2F11k06sz_vc!19sChIJ9U8_un8p1i0R08EoGDw8Is4?authuser=0&hl=id&rclk=1,Panas/dingin,6000,Sambal Gami + Patin,31200,11400,Sukses,11400,GoFood,https://gofood.co.id/malang/restaurant/sambal-gami-bu-sum-0a34b643-872e-4982-a00d-79ba5c2c9627
550,Waroeng Lestari,4.4,337,Wisata Umum,-7.960839,112.634759,https://www.google.com/maps/place/Waroeng+Lestari/data=!4m7!3m6!1s0x2dd629cd29d6341b:0x1690f7f910114094!8m2!3d-7.960839!4d112.634759!16s%2Fg%2F11b6f1dw9t!19sChIJGzTWKc0p1i0RlEAREPn3kBY?authuser=0&hl=id&rclk=1,Halal,5000,"Nasi+ Lidah Sapi...Halal,Enak dan Bersi",35000,25000,Sukses,25000,GoFood,https://gofood.co.id/malang/restaurant/waroeng-lestari-lowokwaru-3b69584a-b47c-471b-8301-58dcf738191f
551,Surabi Imut,4.5,970,Wisata Umum,-7.9726298,112.636483,https://www.google.com/maps/place/Surabi+Imut/data=!4m7!3m6!1s0x2dd6283bcf818907:0xa16172ace4b2f716!8m2!3d-7.9726298!4d112.636483!16s%2Fg%2F1hm26hvg7!19sChIJB4mBzzso1i0RFvey5KxyYaE?authuser=0&hl=id&rclk=1,Tahu Walik,12000,Mie+Cumi Flower+Duo Twister+Capit Kepiting+Otak2 Ikan+Cikuwa+Fish Ball,20000,13000,Sukses,13000,GoFood,https://gofood.co.id/malang/restaurant/ayuma-food-gang-surabi-imut-ed8a3033-ccb1-4a9e-a802-3bbf62953c87?page=7
552,Nasi Kremikan Spesial & Penyet - Warmob 88,4.0,280,Wisata Umum,-7.9752131,112.6350413,https://www.google.com/maps/place/Nasi+Kremikan+Spesial+%26+Penyet+-+Warmob+88/data=!4m7!3m6!1s0x2dd629671652664d:0x4dece326abd55357!8m2!3d-7.9752131!4d112.6350413!16s%2Fg%2F11h_5xrmjg!19sChIJTWZSFmcp1i0RV1PVqybj7E0?authuser=0&hl=id&rclk=1,Air Mineral,5000,Nasi Iga Penyet,73000,27500,Sukses,27500,GoFood,https://gofood.co.id/malang/restaurant/warmob-88-spesial-kremikan-dan-penyetan-klojen-jl-pajajaran-no-8-d406160c-5895-400c-815b-1c842fc62e44
553,Depot 88 - Araya,4.5,277,Wisata Umum,-7.9414605,112.6604733,https://www.google.com/maps/place/Depot+88+-+Araya/data=!4m7!3m6!1s0x2dd629ea508df42d:0x48663564d8287560!8m2!3d-7.9414605!4d112.6604733!16s%2Fg%2F11t6wv5311!19sChIJLfSNUOop1i0RYHUo2GQ1Zkg?authuser=0&hl=id&rclk=1,Nasi Putih,8750,Paulaner Weissbier 500ml,198750,58750,Sukses,58750,GoFood,https://gofood.co.id/malang/restaurant/depot-88-araya-114fd5b4-a12b-4d97-b53c-26c5f6f4fcfe
554,Pojok Kuliner Mas Gendoet,4.5,175,Wisata Umum,-7.9334654,112.6613175,https://www.google.com/maps/place/Pojok+Kuliner+Mas+Gendoet/data=!4m7!3m6!1s0x2dd6299bf69124b5:0x9f9171152174a39e!8m2!3d-7.9334654!4d112.6613175!16s%2Fg%2F11b6gsq5y7!19sChIJtSSR9psp1i0RnqN0IRVxkZ8?authuser=0&hl=id&rclk=1,Extrajoss + SKM,6500,Milo + Susu + Espresso + Cream Cheese (uk. 16 oz),20000,13000,Sukses,13000,GoFood,https://gofood.co.id/malang/restaurant/the-brothers-coffee-food-pojok-kuliner-mas-gendoet-417d591d-bdbc-4842-a9ae-f5cf629fff6b
555,Sowan Simbok Resto & Batik Gallery,4.7,392,Wisata Umum,-7.9434652,112.6956503,https://www.google.com/maps/place/Sowan+Simbok+Resto+%26+Batik+Gallery/data=!4m7!3m6!1s0x2dd629b71b405623:0xdcc42dceaf1eafe4!8m2!3d-7.9434652!4d112.6956503!16s%2Fg%2F11n0jxb7_p!19sChIJI1ZAG7cp1i0R5K8er84txNw?authuser=0&hl=id&rclk=1,Nasi Putih,8000,2 Nasi Bebek + 1 Es Teh,70000,28000,Sukses,28000,GoFood,https://gofood.co.id/malang/restaurant/sowan-si-mbok-46381f89-e1b3-472c-b7d3-5f32309f685a
556,Depot Rawon Malang MM,4.6,57,Wisata Umum,-7.935648,112.6540937,https://www.google.com/maps/place/Depot+Rawon+Malang+MM/data=!4m7!3m6!1s0x2dd62912c2bde6d7:0x5db16f4d5db874d8!8m2!3d-7.935648!4d112.6540937!16s%2Fg%2F11t9g6km8m!19sChIJ1-a9whIp1i0R2HS4XU1vsV0?authuser=0&hl=id&rclk=1,Nasi Putih,7500,Nasi goreng jawa + Nasi Rawon Iga/Buntut,102000,44500,Sukses,44500,GoFood,https://gofood.co.id/surabaya/restaurant/depot-rawon-malang-mm-kayon-3beaf9a9-48f2-44a6-bc9b-7a3e4fb706de
557,Kopi Moro Rindu Blimbing,4.4,291,Wisata Umum,-7.9486391,112.6459554,https://www.google.com/maps/place/Kopi+Moro+Rindu+Blimbing/data=!4m7!3m6!1s0x2dd629eb2b526d47:0xc0caef79839340b!8m2!3d-7.9486391!4d112.6459554!16s%2Fg%2F11p47vbsd4!19sChIJR21SK-sp1i0RCzQ5mPeuDAw?authuser=0&hl=id&rclk=1,Air Mineral 550 Ml,7000,Nasi + Sayur + Sambal Klotok + Cumi Hitam Dan Telur,41000,20000,Sukses,20000,GoFood,https://gofood.co.id/malang/restaurant/kopi-moro-rindu-522d95a2-bbd3-42db-809c-b7b72a112888
558,"Nasi Bali "" BALE GEDE "" Nasi Jinggo khas Bali",4.2,34,Wisata Umum,-7.9397531,112.6384897,https://www.google.com/maps/place/Nasi+Bali+%22+BALE+GEDE+%22+Nasi+Jinggo+khas+Bali/data=!4m7!3m6!1s0x2dd62906a5442b0d:0x9ea7bfcd8d3c9027!8m2!3d-7.9397531!4d112.6384897!16s%2Fg%2F11tnmypb7_!19sChIJDStEpQYp1i0RJ5A8jc2_p54?authuser=0&hl=id&rclk=1,Nasi Putih,5000,nasi babi guling 45k,45000,25000,Sukses,25000,GoFood,https://gofood.co.id/malang/restaurant/nasi-bali-bale-gede-blimbing-db73a105-946e-475a-9079-b665ff37d63f
559,Nasi Campur Madura Khas Bangkalan ( Nasi Petis ),4.5,1149,Wisata Umum,-7.9414534,112.6606613,https://www.google.com/maps/place/Nasi+Campur+Madura+Khas+Bangkalan+%28+Nasi+Petis+%29/data=!4m7!3m6!1s0x2dd629a29c7fa149:0x61999eb58a3909b9!8m2!3d-7.9414534!4d112.6606613!16s%2Fg%2F11clhqy763!19sChIJSaF_nKIp1i0RuQk5irWemWE?authuser=0&hl=id&rclk=1,Es Teh Manis,5000,Nasi Cumi Hitam,25000,13000,Sukses,13000,GoFood,https://gofood.co.id/malang/restaurant/nasi-campur-khas-bangkalan-joyosuko-timur-no-8-70d7a537-4415-4cf8-ae12-5491f56895fc
560,Djati Lounge,4.6,3962,Wisata Umum,-7.9321176,112.6639446,https://www.google.com/maps/place/Djati+Lounge/data=!4m7!3m6!1s0x2dd6299c57692a37:0x80bb4bec44b3ef56!8m2!3d-7.9321176!4d112.6639446!16s%2Fg%2F11bttrpz4b!19sChIJNyppV5wp1i0RVu-zROxLu4A?authuser=0&hl=id&rclk=1,1 Tusuk Isi 3 Dumpling Keju,5000,Nasi Kucing Sambel Teri + Sayap Bakar Free Ice Lemon tea,15000,10000,Sukses,10000,GoFood,https://gofood.co.id/malang/restaurant/djati-kopi-turen-f386352f-d93b-4f34-a15c-8e571de3c525
561,Sari Rasa,4.6,535,Wisata Umum,-7.8895646,112.6660941,https://www.google.com/maps/place/Sari+Rasa/data=!4m7!3m6!1s0x2dd62a4d3fffc12b:0x251a44dfdacabc94!8m2!3d-7.8895646!4d112.6660941!16s%2Fg%2F11b6zr2c2l!19sChIJK8H_P00q1i0RlLzK2t9EGiU?authuser=0&hl=id&rclk=1,TEH PANAS,5000,Tentukan Level Pedasmu 1 2 3,20000,9000,Sukses,9000,GoFood,https://gofood.co.id/malang/restaurant/sari-rasa-traditional-food-257b94ca-77bc-4d72-a522-a61c9f50ecbf
562,"Rumah Makan ""jawa Timur""",4.0,250,Wisata Umum,-7.8644875,112.6832213,https://www.google.com/maps/place/Rumah+Makan+%22jawa+Timur%22/data=!4m7!3m6!1s0x2dd62b04455dd04d:0x5f25dcede6795be1!8m2!3d-7.8644875!4d112.6832213!16s%2Fg%2F11b6d5kf7k!19sChIJTdBdRQQr1i0R4Vt55u3cJV8?authuser=0&hl=id&rclk=1,Nasi Putih,5000,Nasi Kare Ayam Kampung,25000,22000,Sukses,22000,GoFood,https://gofood.co.id/malang/restaurant/rumah-makan-jawa-timur-40c71692-4176-4024-9ff3-f839a466ee55
563,Waroeng RazNa,4.4,723,Wisata Umum,-7.9081141,112.6644174,https://www.google.com/maps/place/Waroeng+RazNa/data=!4m7!3m6!1s0x2dd62a327d251d27:0x6a167d85457392b8!8m2!3d-7.9081141!4d112.6644174!16s%2Fg%2F11ddx0q4t4!19sChIJJx0lfTIq1i0RuJJzRYV9Fmo?authuser=0&hl=id&rclk=1,Kopi Susu,5000,"Bisa pilih sambal bajak, sambal bawang atau sambal matah",40680,19950,Sukses,19950,GoFood,https://gofood.co.id/malang/restaurant/waroeng-razna-637d0aa7-fa72-4970-82cc-9cb8bbd3ec6d
564,Warung Hamdallah,4.4,25,Warung Hamdallah,-7.9155176,112.6528975,https://www.google.com/maps/place/Warung+Hamdallah/data=!4m7!3m6!1s0x2dd62a2661038e51:0x27db22b3e0709257!8m2!3d-7.9155176!4d112.6528975!16s%2Fg%2F1hm2787ql!19sChIJUY4DYSYq1i0RV5Jw4LMi2yc?authuser=0&hl=id&rclk=1,"1 Pcs Telor (Dadar, Mata Sapi Atau Orak Arik)",5000,Indomie All Varian Double + Telor,16250,7500,Sukses,7500,GoFood,https://gofood.co.id/malang/restaurant/warung-hamdallah-tunjungsekar-lowokwaru-b8eaf525-3835-4c4e-b48f-ae9a202e1db4
565,Warung Langgeng Jaya,4.1,30,Warung Langgeng Jaya,-7.8735889,112.6785809,https://www.google.com/maps/place/Warung+Langgeng+Jaya/data=!4m7!3m6!1s0x2dd62bcd7aed9c1b:0x8aa6c456c34c981f!8m2!3d-7.8735889!4d112.6785809!16s%2Fg%2F11f74r3jjg!19sChIJG5ztes0r1i0RH5hMw1bEpoo?authuser=0&hl=id&rclk=1,Kembang Cumi,6800,Kembang Cumi,6800,6800,Sukses,6800,GoFood,https://gofood.co.id/malang/restaurant/langgeng-jaya-batu-f2773a04-96b3-4c19-98a7-f79726dedade
566,Warung Mbak Anik,4.3,99,Warung Mbak Anik,-7.8990002,112.6639081,https://www.google.com/maps/place/Warung+Mbak+Anik/data=!4m7!3m6!1s0x2dd62a4a885d0871:0xf243120b6966e5c5!8m2!3d-7.8990002!4d112.6639081!16s%2Fg%2F11f126n7vk!19sChIJcQhdiEoq1i0RxeVmaQsSQ_I?authuser=0&hl=id&rclk=1,Kopi Hitam,5000,Lalapan Ikan Gurame Goreng Plus Nasi,28000,12000,Sukses,12000,GoFood,https://gofood.co.id/malang/restaurant/warung-rujak-dan-minuman-mbak-anik-a-yani-e150f8d1-01aa-41f6-afd4-31d971d2c433
567,Warung Pedas Mbak Menir,5.0,32,Warung Pedas Mbak Menir,-7.9118442,112.6670742,https://www.google.com/maps/place/Warung+Pedas+Mbak+Menir/data=!4m7!3m6!1s0x2dd62b79b30dc461:0x48b7cf0925fea2e6!8m2!3d-7.9118442!4d112.6670742!16s%2Fg%2F11jpybdwyg!19sChIJYcQNs3kr1i0R5qL-JQnPt0g?authuser=0&hl=id&rclk=1,Sambal Tanpa Nasi. Tanpa Lalapan,6000,Nasi Putih + Paru Goreng Tepung + Sambel Bawang + Lalap,15000,12500,Sukses,12500,GoFood,https://gofood.co.id/malang/restaurant/lalapan-mbak-menir-singosari-053fe404-286a-46a9-bac0-8ad7cf96e728
568,Bakso Rompe,4.7,37,Wisata Umum,-7.8306776,112.6807913,https://www.google.com/maps/place/Bakso+Rompe/data=!4m7!3m6!1s0x2dd7d54296047063:0x5a955fb3899b5cd5!8m2!3d-7.8306776!4d112.6807913!16s%2Fg%2F11rzftnyhg!19sChIJY3AElkLV1y0R1VybibNflVo?authuser=0&hl=id&rclk=1,Es Degan,7500,Sajian Lobster dengan Sensasi Kuah Mercon Gurih Dari Lobster Dan Pedas dari Cabai Asli,50000,20000,Sukses,20000,GoFood,https://gofood.co.id/malang/restaurant/depot-bakso-rompe-ketindan-barat-379b790f-c6c2-418a-996f-e3060ffcff2f
569,Warung Mbak Elly,4.6,52,Warung Mbak Elly,-7.8262044,112.7172822,https://www.google.com/maps/place/Warung+Mbak+Elly/data=!4m7!3m6!1s0x2dd7d357ba57825d:0x5f4d824c56ed8a26!8m2!3d-7.8262044!4d112.7172822!16s%2Fg%2F11bzrff7cg!19sChIJXYJXulfT1y0RJortVkyCTV8?authuser=0&hl=id&rclk=1,Teh Hangat,5000,BEBEK MERCON ( 1 ekor ) isi 10 potong bisa utk makan : 6 orang,155000,29500,Sukses,29500,GoFood,https://gofood.co.id/malang/restaurant/lalapan-mbak-elly-nasional-f5a0acdf-2adf-43e7-afe3-773e1da7ab58
570,Warung Bu Mail,4.6,20,Warung Bu Mail,-7.8301588,112.696393,https://www.google.com/maps/place/Warung+Bu+Mail/data=!4m7!3m6!1s0x2dd7d4b6b018c7ff:0xde72c37c4a5f6d0d!8m2!3d-7.8301588!4d112.696393!16s%2Fg%2F11gdrdmbth!19sChIJ_8cYsLbU1y0RDW1fSnzDct4?authuser=0&hl=id&rclk=1,Es Teh,6000,Nasi Babat,18000,14000,Sukses,14000,GoFood,https://gofood.co.id/malang/restaurant/warung-bu-mila-b496345f-6147-4ced-b3f4-dd44af646bca
571,BAKSO KDM & MIE AYAM MANGKOK,5.0,21,Wisata Umum,-7.8200576,112.6782359,https://www.google.com/maps/place/BAKSO+KDM+%26+MIE+AYAM+MANGKOK/data=!4m7!3m6!1s0x2dd7d5ad2f3ff66b:0x32f1563bf1b9e587!8m2!3d-7.8200576!4d112.6782359!16s%2Fg%2F11v5vmryy3!19sChIJa_Y_L63V1y0Rh-W58TtW8TI?authuser=0&hl=id&rclk=1,Pentol Mangkok Kecil Saja tanpa isi,6500,Bakso Mangkok Jumbo Campur Gojek Terus,18500,12500,Sukses,12500,GoFood,https://gofood.co.id/malang/restaurant/bakso-mangkok-mak-mi-pujon-b643aa2c-33ad-470d-be8e-14f60c0308c0
572,Warung pecel lumintu,4.6,24,Warung pecel lumintu,-7.8331625,112.6955469,https://www.google.com/maps/place/Warung+pecel+lumintu/data=!4m7!3m6!1s0x2dd7d5c409f0a7f5:0x7ffbedd7bea6057c!8m2!3d-7.8331625!4d112.6955469!16s%2Fg%2F11sbd2dt0n!19sChIJ9afwCcTV1y0RfAWmvtft-38?authuser=0&hl=id&rclk=1,Nasi + Soto,12000,Ceplok Atau Dadar,15000,12000,Sukses,12000,GoFood,https://gofood.co.id/malang/restaurant/waroeng-lumintu-lowokwaru-1a59f9c2-9666-406a-95a5-9f4c2565e168
573,Warung Jiwa,4.5,31,Warung Jiwa,-7.8248088,112.7139628,https://www.google.com/maps/place/Warung+Jiwa/data=!4m7!3m6!1s0x2dd7d5d8a64e763f:0x6b50224d4989b2a4!8m2!3d-7.8248088!4d112.7139628!16s%2Fg%2F11fj2m0nnh!19sChIJP3ZOptjV1y0RpLKJSU0iUGs?authuser=0&hl=id&rclk=1,Hitam/susu,5000,Nasi Rawon,12500,8750,Sukses,8750,GoFood,https://gofood.co.id/malang/restaurant/warung-jiwa-lawang-19965743-c59e-4b2d-be86-c61ccdd4b7cf
574,Sego Babat Thamrin,4.7,26,Wisata Umum,-7.8294274,112.6801576,https://www.google.com/maps/place/Sego+Babat+Thamrin/data=!4m7!3m6!1s0x2dd7d5f9b1da3707:0x47e3cc956f07cd87!8m2!3d-7.8294274!4d112.6801576!16s%2Fg%2F11fns3djzx!19sChIJBzfasfnV1y0Rh80Hb5XM40c?authuser=0&hl=id&rclk=1,Nasi,6000,"Paru Ukep, Sambal Korek",37000,23500,Sukses,23500,GoFood,https://gofood.co.id/malang/restaurant/sego-babat-thamrin-lawang-7278806e-f1b6-4d17-8b5d-3f9afc39a2b7
575,Uklak Uklik Malang,4.7,72,Wisata Umum,-7.8481351,112.7054096,https://www.google.com/maps/place/Uklak+Uklik+Malang/data=!4m7!3m6!1s0x2dd62bedef069eab:0xc4cfe9aa6ffc0100!8m2!3d-7.8481351!4d112.7054096!16s%2Fg%2F11h5rxrx43!19sChIJq54G7-0r1i0RAAH8b6rpz8Q?authuser=0&hl=id&rclk=1,Teh Hangat,5000,"Garangasem Cumi Lada Hitam, merubah rasa cumi biasa menjadi Luar Biasa.",32000,7000,Sukses,7000,GoFood,https://gofood.co.id/malang/restaurant/uklak-uklik-malang-lawang-ecada065-a95d-47d3-a834-f16a15c00012?ot=eyJtZXJjaGFudF9pZCI6IjRjOGFjZGIzLWJmYjctNDE5YS05OTM3LTQ2NGI0MDIzNWNmZCIsInVzZXJfaWQiOiIwIiwiZXhwaXJ5X3RpbWVfZXBvY2giOjE3MzMyMzMwNjMsImRlbGl2ZXJ5X3ByaWNlIjoxMDAwLCJwYXJraW5nX2ZlZSI6MCwiZXRhX2J1ZmZlcl9taW5zIjo3LCJjdXN0b21lcl9sb2NhdGlvbiI6Ii02LjE4MjMxMywxMDYuODM2NDY0NiJ9.aRuZe+IFcpGYn931AYF72UyFSRfaUUTqKdPLqc6f9So%3D
576,"Kedai Soto ""ROZAK """,4.5,86,Wisata Umum,-7.8268673,112.7181314,https://www.google.com/maps/place/Kedai+Soto+%22ROZAK+%22/data=!4m7!3m6!1s0x2dd7d3171ea96ddd:0xcbb15c265610ce20!8m2!3d-7.8268673!4d112.7181314!16s%2Fg%2F11mvlqp88p!19sChIJ3W2pHhfT1y0RIM4QViZcscs?authuser=0&hl=id&rclk=1,Cilok,5000,Siomay,5000,5000,Sukses,5000,GoFood,https://gofood.co.id/malang/restaurant/rujak-soto-arjosari-f5319711-64a0-42c0-ab51-089c58f82e7d
577,Warung Bamboe Ibu Yanti,4.5,23,Warung Bamboe Ibu Yanti,-7.8589991,112.6781495,https://www.google.com/maps/place/Warung+Bamboe+Ibu+Yanti/data=!4m7!3m6!1s0x2dd62b28785151b5:0x7b7c4c2aa96728e4!8m2!3d-7.8589991!4d112.6781495!16s%2Fg%2F11g0mhrx5h!19sChIJtVFReCgr1i0R5ChnqSpMfHs?authuser=0&hl=id&rclk=1,Makaroni Ori,10000,Cryspy Chiken,25000,15000,Sukses,15000,GoFood,https://gofood.co.id/malang/restaurant/mbok-nom-bamboo-janti-aaef8f2e-bfaf-45bf-9310-0fb20783a02b
578,Warung Tulungagung,4.4,386,Warung Tulungagung,-8.2112489,112.7479943,https://www.google.com/maps/place/Warung+Tulungagung/data=!4m7!3m6!1s0x2dd6191058ae98d5:0xe6a0e7d6c04c5062!8m2!3d-8.2112489!4d112.7479943!16s%2Fg%2F11b6v5pjqd!19sChIJ1ZiuWBAZ1i0RYlBMwNbnoOY?authuser=0&hl=id&rclk=1,Kopi,5000,Bebek Jumboh+tempe+tahu+nasi+terong+col,35000,22500,Sukses,22500,GoFood,https://gofood.co.id/balikpapan/restaurant/warung-tulungagung-gunung-malang-c21ef057-0ba2-4f40-91f3-d8bdad20e4ae
579,Ayam Goreng Pengging,4.6,45,Wisata Umum,-8.2138334,112.7508694,https://www.google.com/maps/place/Ayam+Goreng+Pengging/data=!4m7!3m6!1s0x2dd61911e2844a2f:0xbd3eba1eb8795690!8m2!3d-8.2138334!4d112.7508694!16s%2Fg%2F11b6xgsrgx!19sChIJL0qE4hEZ1i0RkFZ5uB66Pr0?authuser=0&hl=id&rclk=1,Lemon Tea,5000,Ayam Penyet + Sambal Lalap,17500,7000,Sukses,7000,GoFood,https://gofood.co.id/solo/restaurant/ayam-goreng-pengging-dc255604-8da5-4ef0-96c2-0da550a8bf83
580,Chicken Pingsaw,4.4,145,Wisata Umum,-8.2109936,112.7531472,https://www.google.com/maps/place/Chicken+Pingsaw/data=!4m7!3m6!1s0x2dd619489eec24b9:0xc31ec19292929fbd!8m2!3d-8.2109936!4d112.7531472!16s%2Fg%2F11r995b2r3!19sChIJuSTsnkgZ1i0RvZ-SkpLBHsM?authuser=0&hl=id&rclk=1,Nasi putih,5000,Nasi Ayam,31000,19000,Sukses,19000,GoFood,https://gofood.co.id/malang/restaurant/chicken-pingsaw-ae6ceffd-0bbd-4fa9-ba87-22c6da74c895?as=gmaps
581,Warung Makan dan Kopi MAJU (57),5.0,57,Wisata Umum,-8.209926,112.7441143,https://www.google.com/maps/place/Warung+Makan+dan+Kopi+MAJU+%2857%29/data=!4m7!3m6!1s0x2dd619aebabedbe7:0xb7ed88ab30e4cbf7!8m2!3d-8.209926!4d112.7441143!16s%2Fg%2F11lds6m20k!19sChIJ59u-uq4Z1i0R98vkMKuI7bc?authuser=0&hl=id&rclk=1,Es Nutrisari,5000,Nasi + Ayam Penyet Sambal + Lalapan,18750,15875,Sukses,15875,GoFood,https://gofood.co.id/malang/restaurant/warung-57-58-maju-mapan-dawuan-3a49acc2-8d86-4116-83d2-24649dd4aa1e
582,Warung Rujak Bu Endah,4.5,236,Warung Rujak Bu Endah,-8.21324,112.7486355,https://www.google.com/maps/place/Warung+Rujak+Bu+Endah/data=!4m7!3m6!1s0x2dd61911a321e4dd:0x80c10589aff0d914!8m2!3d-8.21324!4d112.7486355!16s%2Fg%2F11b6xfpgd1!19sChIJ3eQhoxEZ1i0RFNnwr4kFwYA?authuser=0&hl=id&rclk=1,kopi susu,5000,Rujak Manis / Rujak Buah Dengan Buah-Buahan Yang Segar Porsi Jumbo Bisa Buat Makan Rame-Rame,18000,13500,Sukses,13500,GoFood,https://gofood.co.id/malang/restaurant/warung-rujak-bu-inah-singosari-8d44d928-32ab-4a74-ba71-44b084b674ee
583,Warung Padang SBB,4.4,69,Warung Padang SBB,-8.1974306,112.725583,https://www.google.com/maps/place/Warung+Padang+SBB/data=!4m7!3m6!1s0x2dd618d712d25309:0x680498667c916ab8!8m2!3d-8.1974306!4d112.725583!16s%2Fg%2F11b75jp0xv!19sChIJCVPSEtcY1i0RuGqRfGaYBGg?authuser=0&hl=id&rclk=1,Teh Panas,5000,Nasi + Sayur + Gulai Usus,20000,15000,Sukses,15000,GoFood,https://gofood.co.id/malang/restaurant/warung-padang-harapan-jaya-c89c6d51-92ef-42d0-883a-7286ee02b4eb
584,Depot Sate Kambing Pak Di,4.4,72,Wisata Umum,-8.213999,112.7539103,https://www.google.com/maps/place/Depot+Sate+Kambing+Pak+Di/data=!4m7!3m6!1s0x2dd619a174618b11:0x95b3d42efc10ae90!8m2!3d-8.213999!4d112.7539103!16s%2Fg%2F11g0kbq94p!19sChIJEYthdKEZ1i0RkK4Q_C7Us5U?authuser=0&hl=id&rclk=1,Nasi 1/2,5000,Sate dengan daging kambing muda pilihan yang disajikan dengan kecap manis,126000,56000,Sukses,56000,GoFood,https://gofood.co.id/malang/restaurant/sate-kambing-pak-manto-malang-4687e9c9-0814-4ccb-8bd5-ccbf65e57d30
585,WARUNG BAKSO CAK TRI,4.4,196,WARUNG BAKSO CAK TRI,-8.1502436,112.6949712,https://www.google.com/maps/place/WARUNG+BAKSO+CAK+TRI/data=!4m7!3m6!1s0x2dd621cbd870354d:0x9490916282731f0f!8m2!3d-8.1502436!4d112.6949712!16s%2Fg%2F11jvdj6g2h!19sChIJTTVw2Msh1i0RDx9zgmKRkJQ?authuser=0&hl=id&rclk=1,Tersedia stok fresh dan dingin,5300,Jeroan Sapi Lengkap,20000,7500,Sukses,7500,GoFood,https://gofood.co.id/malang/restaurant/bakso-cak-tri-warung-bakso-mie-ayam-jl-raya-kedok-130dcdac-0858-420e-992b-4ad86b3c1533
586,Warung nasi Merdeka,4.5,155,Warung nasi Merdeka,-8.1141043,112.7318434,https://www.google.com/maps/place/Warung+nasi+Merdeka/data=!4m7!3m6!1s0x2dd623c3574476f9:0x1aae4e78b52dc6dc!8m2!3d-8.1141043!4d112.7318434!16s%2Fg%2F11fsm9xxyt!19sChIJ-XZEV8Mj1i0R3MYttXhOrho?authuser=0&hl=id&rclk=1,Telur Ceplok,5000,Bakmi Spesial,31500,16000,Sukses,16000,GoFood,https://gofood.co.id/malang/restaurant/nasi-goreng-merdeka-lowokwaru-95fa3df2-4fb7-4615-bde9-aa17a69920ca
587,Bebek Bakar Bandar Lor,4.7,121,Wisata Umum,-8.0942813,112.7386755,https://www.google.com/maps/place/Bebek+Bakar+Bandar+Lor/data=!4m7!3m6!1s0x2dd62376b2b39565:0xb60d48100b9af786!8m2!3d-8.0942813!4d112.7386755!16s%2Fg%2F11ffm7z8nk!19sChIJZZWzsnYj1i0RhveaCxBIDbY?authuser=0&hl=id&rclk=1,Tempe Bakar Bumbu Rempah. Isi 3 Potong,10800,Nasi + Bebek Bakar + Sambel Pencit + Lalapan,38800,18800,Sukses,18800,GoFood,https://gofood.co.id/malang/restaurant/bebek-bakar-malang-pak-ipe-lowokwaru-910150a3-e478-4a80-bb24-8b3046b687cd
588,"Warung ""Siangku""",4.5,20,"Warung ""Siangku""",-8.0724755,112.7317883,https://www.google.com/maps/place/Warung+%22Siangku%22/data=!4m7!3m6!1s0x2dd6240eb5d3efab:0xaca4aa41bb4f4edb!8m2!3d-8.0724755!4d112.7317883!16s%2Fg%2F11b6_v564l!19sChIJq-_TtQ4k1i0R205Pu0GqpKw?authuser=0&hl=id&rclk=1,Teh Hangat,5000,Rawon Malang,20000,10000,Sukses,10000,GoFood,https://gofood.co.id/malang/restaurant/warung-sarapan-siang-jabung-2143fff5-26b1-409f-9540-618e59c68105
589,Bakso Pak To El-pas,4.6,49,Wisata Umum,-8.09869,112.734729,https://www.google.com/maps/place/Bakso+Pak+To+El-pas/data=!4m7!3m6!1s0x2dd623c1dd1a2a0f:0x4b5aab7b2ade674a!8m2!3d-8.09869!4d112.734729!16s%2Fg%2F11b6yqnvhk!19sChIJDyoa3cEj1i0RSmfeKnurWks?authuser=0&hl=id&rclk=1,Es Degan Susu,7000,5 Pentol Halus + Mie Putih,20000,20000,Sukses,20000,GoFood,https://gofood.co.id/malang/restaurant/bakso-solo-pak-to-timur-pasar-pakis-799ad47a-5f6e-4b77-bf77-4dd376b6f9fa
590,Nasi Goreng Podomoro,4.7,26,Wisata Umum,-8.1197966,112.6697461,https://www.google.com/maps/place/Nasi+Goreng+Podomoro/data=!4m7!3m6!1s0x2dd6219514bccc09:0xa4ac5295ddf10512!8m2!3d-8.1197966!4d112.6697461!16s%2Fg%2F11fmz9l0_s!19sChIJCcy8FJUh1i0REgXx3ZVSrKQ?authuser=0&hl=id&rclk=1,Nasi Goreng Dhok Jawa,13000,Nasi + Mie + Sayur,15000,13000,Sukses,13000,GoFood,https://gofood.co.id/malang/restaurant/nasi-goreng-dhok-podomoro-sudimoro-aa9a7994-fdb0-447d-a7ce-8d44965887b4
591,Bakso Sampoerna,4.4,73,Wisata Umum,-8.1066105,112.7340727,https://www.google.com/maps/place/Bakso+Sampoerna/data=!4m7!3m6!1s0x2dd623c66f7bc8d1:0x17ca63ad6c3bbce3!8m2!3d-8.1066105!4d112.7340727!16s%2Fg%2F11b6x4jlz9!19sChIJ0ch7b8Yj1i0R47w7bK1jyhc?authuser=0&hl=id&rclk=1,Jusss Wortel,14000,Jusss Durian,29500,24050,Sukses,24050,GoFood,https://gofood.co.id/malang/restaurant/bakso-malang-25d51888-c076-4c7a-b54f-3023c7951c75
592,Restoran Inggil Tumpang,4.4,63,Restoran Inggil Tumpang,-8.0027342,112.7297992,https://www.google.com/maps/place/Restoran+Inggil+Tumpang/data=!4m7!3m6!1s0x2dd625fe905c9973:0x1496b325e4208a1b!8m2!3d-8.0027342!4d112.7297992!16s%2Fg%2F11q2743wrg!19sChIJc5lckP4l1i0RG4og5CWzlhQ?authuser=0&hl=id&rclk=1,Mendol Goreng/biji,5200,Olahan Buntut Sapi Dengan Sayuran Yg Sangat Lezat,130000,32500,Sukses,32500,GoFood,https://gofood.co.id/malang/restaurant/resto-inggil-dc509c0a-97ed-43f1-b94b-7c125a232b85
593,Rumah makan masakan Padang depot siang malam,3.7,45,Wisata Umum,-8.0134176,112.7559438,https://www.google.com/maps/place/Rumah+makan+masakan+Padang+depot+siang+malam/data=!4m7!3m6!1s0x2dd62565c3e2f2ef:0xe20ce26f2c86fc1a!8m2!3d-8.0134176!4d112.7559438!16s%2Fg%2F11h7zfsgg7!19sChIJ7_Liw2Ul1i0RGvyGLG_iDOI?authuser=0&hl=id&rclk=1,Kulit Ayam Crispi,5000,Nasi Kikil,30000,17000,Sukses,17000,GoFood,https://gofood.co.id/malang/restaurant/nasi-padang-depot-siang-malam-lowokwaru-6021d195-cb7f-45a8-aa93-fb5c9b15e428
594,Kedai Selawe,4.5,337,Wisata Umum,-7.9327227,112.666725,https://www.google.com/maps/place/Kedai+Selawe/data=!4m7!3m6!1s0x2dd6299d5175af51:0x5258df2a2ee56743!8m2!3d-7.9327227!4d112.666725!16s%2Fg%2F11tc8p1zjz!19sChIJUa91UZ0p1i0RQ2flLirfWFI?authuser=0&hl=id&rclk=1,Teh Pucuk,8600,Nasi Ayam Bakar Tahu Tempe Lalapan,64000,28000,Sukses,28000,GoFood,https://gofood.co.id/malang/restaurant/kedai-selawe-jl-raya-greenwood-golf-no-25-52d0f3c8-f929-45f2-ad4e-8b5bc12785a2
595,Rawon Rampal,4.5,6880,Wisata Umum,-7.97421,112.6384068,https://www.google.com/maps/place/Rawon+Rampal/data=!4m7!3m6!1s0x2dd628397a7bbb4f:0x5c1b96d7b9676c0a!8m2!3d-7.97421!4d112.6384068!16s%2Fg%2F1pzvmlzj9!19sChIJT7t7ejko1i0RCmxnudeWG1w?authuser=0&hl=id&rclk=1,Babat,30000,Nasi Campur Daging,35000,31000,Sukses,31000,GoFood,https://gofood.co.id/malang/restaurant/warung-soto-rampal-84ff9420-d512-4877-a023-d7c636fa5264
596,Warung Dalbo Lalapan,4.7,162,Warung Dalbo Lalapan,-7.9550357,112.7092713,https://www.google.com/maps/place/Warung+Dalbo+Lalapan/data=!4m7!3m6!1s0x2dd629299b840073:0xb38f924479d05740!8m2!3d-7.9550357!4d112.7092713!16s%2Fg%2F11cmp8phpn!19sChIJcwCEmykp1i0RQFfQeUSSj7M?authuser=0&hl=id&rclk=1,Teh Anget,6000,"Fres Dan Besar, Tanpa Nasi",45000,23000,Sukses,23000,GoFood,https://gofood.co.id/malang/restaurant/warung-dalbo-lalapan-pakis-2cc07965-b48b-4cd2-9cd9-5279b2751c70
597,Warung Soto Mak Yana,4.4,690,Warung Soto Mak Yana,-7.9661207,112.7241358,https://www.google.com/maps/place/Warung+Soto+Mak+Yana/data=!4m7!3m6!1s0x2dd62f2fd4c53019:0xff22261575f9372!8m2!3d-7.9661207!4d112.7241358!16s%2Fg%2F1hm5c7dr7!19sChIJGTDF1C8v1i0RcpNfV2Ei8g8?authuser=0&hl=id&rclk=1,Soto,5000,Nasi Sate Komoh,12000,8000,Sukses,8000,GoFood,https://gofood.co.id/malang/restaurant/warung-mak-nyak-soto-540de8fa-3098-4175-a1fe-889578526fac
598,Fun Chicken Tumpang,4.6,384,Wisata Umum,-8.007469,112.7603325,https://www.google.com/maps/place/Fun+Chicken+Tumpang/data=!4m7!3m6!1s0x2dd6259d07445b19:0xf932488d0ae7801!8m2!3d-8.007469!4d112.7603325!16s%2Fg%2F11b6p7hrw4!19sChIJGVtEB50l1i0RAXiu0Igkkw8?authuser=0&hl=id&rclk=1,Air mineral kemasan 600ml,5200,Ayam Utuh Satu Ekor,102700,17550,Sukses,17550,GoFood,https://gofood.co.id/id/malang/restaurant/fun-chicken-tumpang-1f5486c2-80bb-4cf3-8be6-aff3999dd953
599,Pondok Pawon Ndeso,4.2,283,Wisata Umum,-7.9755756,112.7443177,https://www.google.com/maps/place/Pondok+Pawon+Ndeso/data=!4m7!3m6!1s0x2dd62f14b6980a79:0x60c13fd353686878!8m2!3d-7.9755756!4d112.7443177!16s%2Fg%2F11c4bq395w!19sChIJeQqYthQv1i0ReGhoU9M_wWA?authuser=0&hl=id&rclk=1,Kopi Hitam,5000,Lalapan belut + nasi + sambel bawang / sambel tomat + tempe,19000,13500,Sukses,13500,GoFood,https://gofood.co.id/malang/restaurant/pawon-ndeso-blimbing-cc592ab7-acde-4e04-bbed-d8d72ef4d097
600,Warung Assalamualaikum,4.5,51,Warung Assalamualaikum,-7.9642058,112.7221741,https://www.google.com/maps/place/Warung+Assalamualaikum/data=!4m7!3m6!1s0x2dd62f2e639720cb:0x67c999cc0363824c!8m2!3d-7.9642058!4d112.7221741!16s%2Fg%2F11fylntf_0!19sChIJyyCXYy4v1i0RTIJjA8yZyWc?authuser=0&hl=id&rclk=1,"Teh tawar panas dengan warna keemasan jernih dan aroma alami daun teh. Disajikan fresh tanpa gula, cocok untuk pendamping makan atau dinikmati kapan saja",5000,"Ikan gurami segar dibakar hingga matang sempurna dengan bumbu khas, menghasilkan aroma smokey yang menggugah selera. Disajikan dengan sambal lezat dan lalapan segar, menghadirkan cita rasa gurih, manis, dan pedas yang pas di setiap gigitan",75000,16667,Sukses,16667,GoFood,https://gofood.co.id/malang/restaurant/kedai-assalamu-alaikum-tlogomas-raya-c112cca0-b90e-40b3-9c1d-c0f977db33e5
601,Warung Sawah ABM Nongkosongo,4.6,144,Warung Sawah ABM Nongkosongo,-7.9949229,112.7522235,https://www.google.com/maps/place/Warung+Sawah+ABM+Nongkosongo/data=!4m7!3m6!1s0x2dd62f190eaf23bf:0xae6831795b766b13!8m2!3d-7.9949229!4d112.7522235!16s%2Fg%2F11pzljfdhv!19sChIJvyOvDhkv1i0RE2t2W3kxaK4?authuser=0&hl=id&rclk=1,Mie+Sayur+Ayam+Acar+Saos Sambal+Sambal+Krupuk+Daun Bawang+Bawang Grg+Kuah+Pentol,12500,Nasi/Lontong+Tahu+Krupuk,15000,15000,Sukses,15000,GoFood,https://gofood.co.id/malang/restaurant/warung-sawah-d44a3d42-90a8-4ce4-b034-a73f93db7138
602,Depot Soto Ayam Lamongan,4.2,118,Wisata Umum,-8.0156409,112.7569953,https://www.google.com/maps/place/Depot+Soto+Ayam+Lamongan/data=!4m7!3m6!1s0x2dd625a1ff7a99e1:0xdfe2407a30fb80d6!8m2!3d-8.0156409!4d112.7569953!16s%2Fg%2F11b6nklr0g!19sChIJ4Zl6_6El1i0R1oD7MHpA4t8?authuser=0&hl=id&rclk=1,Es Teh,7500,Tahu Campur ( Tanpa Lemak ),38000,30000,Sukses,30000,GoFood,https://gofood.co.id/malang/restaurant/depot-soto-ayam-lamongan-cabang-lonceng-blimbing-malang-c6137787-8212-4498-b13f-00b8da687cc5
603,Depot Pagi Spesial Rawon,4.4,105,Wisata Umum,-7.9528163,112.6904449,https://www.google.com/maps/place/Depot+Pagi+Spesial+Rawon/data=!4m7!3m6!1s0x2dd62918b3c13ae5:0x73e3d1cfdc200d9d!8m2!3d-7.9528163!4d112.6904449!16s%2Fg%2F11b6dqzhsk!19sChIJ5TrBsxgp1i0RnQ0g3M_R43M?authuser=0&hl=id&rclk=1,Hangat/Panas,5000,Soto Daging Tanpa Nasi ( Bisa Untuk 2 Orang),38000,15500,Sukses,15500,GoFood,https://gofood.co.id/malang/restaurant/depot-pagi-spesial-rawon-asrikaton-raya-852b784e-cf08-4116-9a36-36b1e740105d
604,Warung Mbak Murti,4.5,94,Warung Mbak Murti,-7.9350445,112.7072131,https://www.google.com/maps/place/Warung+Mbak+Murti/data=!4m7!3m6!1s0x2dd62949bbaaec55:0xbacfe8d1f51b2efe!8m2!3d-7.9350445!4d112.7072131!16s%2Fg%2F11c611wzpc!19sChIJVeyqu0kp1i0R_i4b9dHoz7o?authuser=0&hl=id&rclk=1,Susu Coklat,5000,"Nasi, Sayur, Telur, Ayam",23000,11500,Sukses,11500,GoFood,https://gofood.co.id/malang/restaurant/gudeg-bu-murti-3637c3c5-8998-4481-bea0-ce1af06ca629
605,Warung Lombox Pakis,4.4,527,Warung Lombox Pakis,-7.9654232,112.7232174,https://www.google.com/maps/place/Warung+Lombox+Pakis/data=!4m7!3m6!1s0x2dd62f2e37bcf997:0x31612f638352d583!8m2!3d-7.9654232!4d112.7232174!16s%2Fg%2F11hd9l5nxf!19sChIJl_m8Ny4v1i0Rg9VSg2MvYTE?authuser=0&hl=id&rclk=1,Kuah Santan Pedas,5000,Ikan Dg Berat 400-500gr,45000,13000,Sukses,13000,GoFood,https://gofood.co.id/malang/restaurant/warung-lombox-pakiskembar-62fff245-a65e-426c-a856-2b3a272f087b
606,Warung Njerit,4.3,341,Warung Njerit,-7.9673921,112.726253,https://www.google.com/maps/place/Warung+Njerit/data=!4m7!3m6!1s0x2dd62f3012a3647d:0xac05b0986092b1c5!8m2!3d-7.9673921!4d112.726253!16s%2Fg%2F11ddwwydtv!19sChIJfWSjEjAv1i0RxbGSYJiwBaw?authuser=0&hl=id&rclk=1,Minuman,5000,"1 Ayam Bakar + Nasi , 1 Ayam Krispi + Nasi , 1 Ayam Cabe Jahat + Nasi Free 1 Minum",63000,15600,Sukses,15600,GoFood,https://gofood.co.id/malang/restaurant/warung-njerit-pakis-13eb2a83-8d6c-43f7-814a-40cfd7687ceb
607,WARUNG'E MAK TON,4.2,420,WARUNG'E MAK TON,-7.9529687,112.6922084,https://www.google.com/maps/place/WARUNG%27E+MAK+TON/data=!4m7!3m6!1s0x2dd6292201882159:0x85af630c12a33d40!8m2!3d-7.9529687!4d112.6922084!16s%2Fg%2F11bw7hx0p1!19sChIJWSGIASIp1i0RQD2jEgxjr4U?authuser=0&hl=id&rclk=1,Nasi Putih,6000,Cumi Hitam Sedang Pedas,23000,18000,Sukses,18000,GoFood,https://gofood.co.id/malang/restaurant/warung-e-makton-lapangan-asrikaton-pakis-a2cf1e40-672e-4ed6-9c14-3c4bb782804d
608,Pusat Kuliner Araya,4.5,38,Wisata Umum,-7.9343448,112.651083,https://www.google.com/maps/place/Pusat+Kuliner+Araya/data=!4m7!3m6!1s0x2dd6290b95da62d3:0x8b7ff27ef61999fe!8m2!3d-7.9343448!4d112.651083!16s%2Fg%2F11nwd4r57z!19sChIJ02LalQsp1i0R_pkZ9n7yf4s?authuser=0&hl=id&rclk=1,Gado-Gado,12500,Roti Tap-Tap,14000,13000,Sukses,13000,GoFood,https://gofood.co.id/malang/restaurant/roti-tap-tap-pusat-kuliner-araya-9060bcf6-bfeb-4a5b-a2a6-c979ae12b822
609,D'manggis Cafe,4.5,90,Wisata Umum,-7.8702642,112.7253706,https://www.google.com/maps/place/D%27manggis+Cafe/data=!4m7!3m6!1s0x2dd62d7d64f01bc3:0x56c77fe62e6f62e2!8m2!3d-7.8702642!4d112.7253706!16s%2Fg%2F11pyp0dncl!19sChIJwxvwZH0t1i0R4mJvLuZ_x1Y?authuser=0&hl=id&rclk=1,Es Teh,5000,Es Kopi Susu Wine,19000,13000,Sukses,13000,GoFood,https://gofood.co.id/banyuwangi/restaurant/d-manggis-cafe-lateng-banyuwangi-9824ce1d-6900-484f-8631-97f5b62ede7e?ot=eyJtZXJjaGFudF9pZCI6ImZkMGNmZWFjLTFkMzItNGMyYi1hODlkLTQwMDI5ZTIxMWQ5YSIsInVzZXJfaWQiOiIwIiwiZXhwaXJ5X3RpbWVfZXBvY2giOjE3MzUxNDIyMzYsImRlbGl2ZXJ5X3ByaWNlIjoxMDAwLCJwYXJraW5nX2ZlZSI6MCwiZXRhX2J1ZmZlcl9taW5zIjo3LCJjdXN0b21lcl9sb2NhdGlvbiI6Ii02LjE4MjMxMywxMDYuODM2NDY0NiJ9.iAgg6R2xIEVfbHwYeyOz647Z4BSHLac1KMK7akzmX8M=
610,Warung Berkah Lawang,4.6,57,Warung Berkah Lawang,-7.8309381,112.7007561,https://www.google.com/maps/place/Warung+Berkah+Lawang/data=!4m7!3m6!1s0x2dd7d5e8d03c4ad1:0x7e93833446de1dcf!8m2!3d-7.8309381!4d112.7007561!16s%2Fg%2F11gmcxmpm1!19sChIJ0Uo80OjV1y0Rzx3eRjSDk34?authuser=0&hl=id&rclk=1,Nasi Campur,11000,"Nasi, Mujaer Goreng, Sambal Lalapan",16000,13000,Sukses,13000,GoFood,https://gofood.co.id/malang/restaurant/warung-berkah-92da0b3a-c819-431d-9f36-d19f1e2e2be6
611,Nyonya Seblak Prasmanan,4.9,65,Wisata Umum,-7.8431092,112.6984124,https://www.google.com/maps/place/Nyonya+Seblak+Prasmanan/data=!4m7!3m6!1s0x2dd62bed8e4959b5:0x45328e77e7fbcdce!8m2!3d-7.8431092!4d112.6984124!16s%2Fg%2F11vxv3qtjz!19sChIJtVlJju0r1i0Rzs3753eOMkU?authuser=0&hl=id&rclk=1,Cirawang Dan Cirawit (Dapat 2pc),5000,"level 1 Sampai 5. kerupuk,Mie,Sayur,Kwitiau,Cuangki,Somai Kering,Enoki,10macam Suki, Dampling Keju 3",55000,14500,Sukses,14500,GoFood,https://gofood.co.id/malang/restaurant/nyonya-seblak-sumber-waras-095f4d64-0250-4f8c-a436-5cf8f86502b5
612,Sambal Gami Mbok Dhe,4.4,50,Wisata Umum,-7.8334674,112.6938107,https://www.google.com/maps/place/Sambal+Gami+Mbok+Dhe/data=!4m7!3m6!1s0x2dd7d5a769782969:0x803dab42116a7ac3!8m2!3d-7.8334674!4d112.6938107!16s%2Fg%2F11s1rhdqj6!19sChIJaSl4aafV1y0Rw3pqEUKrPYA?authuser=0&hl=id&rclk=1,Nasi Putih,7000,Gami Gurami + Nasi,47000,22000,Sukses,22000,GoFood,https://gofood.co.id/malang/restaurant/sambal-gami-mbok-dhe-622c3e93-776d-40b4-93a6-30dbeabec97b
613,Depot Umi Azizah,4.6,32,Wisata Umum,-8.2137696,112.7563336,https://www.google.com/maps/place/Depot+Umi+Azizah/data=!4m7!3m6!1s0x2dd6190eaf0c096b:0x3dc6df6b7b8023d7!8m2!3d-8.2137696!4d112.7563336!16s%2Fg%2F11c1p4qfsn!19sChIJawkMrw4Z1i0R1yOAe2vfxj0?authuser=0&hl=id&rclk=1,Jeruk Peras Manis Asem,5200,"Nasi, Ayam Kampung, Lalapan, Sambal",33800,22100,Sukses,22100,GoFood,https://gofood.co.id/malang/restaurant/depot-umi-azizaha-2f60f7f6-e1d2-4023-8dd7-62bd97dd092f
614,WARUNGE MAK TON,4.9,42,WARUNGE MAK TON,-8.238973,112.789412,https://www.google.com/maps/place/WARUNGE+MAK+TON/data=!4m7!3m6!1s0x2dd61b9f9f1d967d:0x2518707614022841!8m2!3d-8.238973!4d112.789412!16s%2Fg%2F11ls9cqn4y!19sChIJfZYdn58b1i0RQSgCFHZwGCU?authuser=0&hl=id&rclk=1,Pancong Teflon Toping Meses Dan Susu,5000,Ayam Celap Celup + Nasi+ Es Jeruk,20000,10000,Sukses,10000,GoFood,https://gofood.co.id/malang/restaurant/kedai-makanan-mak-ton-8bad1b57-6a7b-442c-821a-eb975575795e
615,Warung Makan Bu Umi,4.0,52,Warung Makan Bu Umi,-8.2283125,112.7908543,https://www.google.com/maps/place/Warung+Makan+Bu+Umi/data=!4m7!3m6!1s0x2dd619f26c6a23cb:0xc5ca3cbd514132ce!8m2!3d-8.2283125!4d112.7908543!16s%2Fg%2F11ckqzj2v4!19sChIJyyNqbPIZ1i0RzjJBUb08ysU?authuser=0&hl=id&rclk=1,Telor Dadar Goreng,5000,Nasi + Ayam Goreng + Sayur Kol + Mentimun + Kemangi + Sambal Terasi/Sambal Bawang,20000,6000,Sukses,6000,GoFood,https://gofood.co.id/malang/restaurant/warung-bu-umi-04376225-3fbb-4af8-b37b-3bed09fe8e50
616,Depot Bakso Cinta Rasa,4.2,29,Wisata Umum,-8.2185681,112.7595429,https://www.google.com/maps/place/Depot+Bakso+Cinta+Rasa/data=!4m7!3m6!1s0x2dd6190b3bca25f7:0xf5d458521cf934bb!8m2!3d-8.2185681!4d112.7595429!16s%2Fg%2F11bzrnrkxc!19sChIJ9yXKOwsZ1i0RuzT5HFJY1PU?authuser=0&hl=id&rclk=1,Mie Homemade+bakso Ikan+ayam Kecap+kerupuk Pangsit,17000,Mie Homemade+bakso Ikan+ayam Kecap+kerupuk Pangsit,17000,17000,Sukses,17000,GoFood,https://gofood.co.id/malang/restaurant/cinta-rasa-70e425c9-16d4-42e7-a380-4c9f2af322ec
617,Warung Rujak Mbak Camik,4.6,20,Warung Rujak Mbak Camik,-8.2217921,112.7733184,https://www.google.com/maps/place/Warung+Rujak+Mbak+Camik/data=!4m7!3m6!1s0x2dd61912664ffc73:0xdd456b28905b9341!8m2!3d-8.2217921!4d112.7733184!16s%2Fg%2F11qmrlq12p!19sChIJc_xPZhIZ1i0RQZNbkChrRd0?authuser=0&hl=id&rclk=1,Nasi,5000,rujak cingur + nasi,17000,15000,Sukses,15000,GoFood,https://gofood.co.id/malang/restaurant/rujak-mbak-jamik-anusopati-64494756-ece4-48c6-9889-86d026bf98e3
618,Warung Nasi Pecel Bu Endang,4.4,69,Warung Nasi Pecel Bu Endang,-8.2314166,112.8164589,https://www.google.com/maps/place/Warung+Nasi+Pecel+Bu+Endang/data=!4m7!3m6!1s0x2dd617bf6ddd42c5:0x78999bb236989911!8m2!3d-8.2314166!4d112.8164589!16s%2Fg%2F11f8hq_zs0!19sChIJxULdbb8X1i0REZmYNrKbmXg?authuser=0&hl=id&rclk=1,Nasi Pecel,7000,Nasi Rawon,13000,10000,Sukses,10000,GoFood,https://gofood.co.id/malang/restaurant/warung-bu-endang-simpang-bondowoso-0a596771-b257-4aaf-9549-2af3c79f1097
619,Warungku Sambel Bledek,4.5,35,Warungku Sambel Bledek,-8.2321178,112.8199081,https://www.google.com/maps/place/Warungku+Sambel+Bledek/data=!4m7!3m6!1s0x2dd617276e3290bd:0xde3b55e8914b4b79!8m2!3d-8.2321178!4d112.8199081!16s%2Fg%2F11h5vhq9wv!19sChIJvZAybicX1i0ReUtLkehVO94?authuser=0&hl=id&rclk=1,Kopi Lethek Robusta Dampit,6000,Nasi Paru,18000,12000,Sukses,12000,GoFood,https://gofood.co.id/malang/restaurant/sego-sambel-bledek-c3a3fa1e-9016-4c38-bf88-e895d1a0c733
620,Warung SOS (Bu Leni),4.5,45,Warung SOS (Bu Leni),-8.2026466,112.8305906,https://www.google.com/maps/place/Warung+SOS+%28Bu+Leni%29/data=!4m7!3m6!1s0x2dd617724fb5aae7:0x67a188c650d61723!8m2!3d-8.2026466!4d112.8305906!16s%2Fg%2F11gbw96cns!19sChIJ56q1T3IX1i0RIxfWUMaIoWc?authuser=0&hl=id&rclk=1,Es Jeruk,5000,Nasi + Ayam Crispy + Tahu/Tempe (Menyesuaikan Stok) + Sambal Bawang + Lalapan,15000,12500,Sukses,12500,GoFood,https://gofood.co.id/en/malang/restaurant/warung-bu-lenny-e832f802-9002-4ed8-95ed-7e023a1e1468
621,Bakso Urat Mr Black,4.4,297,Wisata Umum,-8.2141304,112.7549316,https://www.google.com/maps/place/Bakso+Urat+Mr+Black/data=!4m7!3m6!1s0x2dd6190e9db32ff1:0x4b76ebe21b194b74!8m2!3d-8.2141304!4d112.7549316!16s%2Fg%2F11bzrnybz9!19sChIJ8S-znQ4Z1i0RdEsZG-Lrdks?authuser=0&hl=id&rclk=1,Mie Pangsit,6000,Mie Ayam+Bakso Pedes+Es Teh,15000,11000,Sukses,11000,GoFood,https://gofood.co.id/malang/restaurant/bakso-urat-76a43ee0-8a97-48c2-a6ec-019ef28f220f
622,Ayam Geprek Mbok Enthis,4.5,56,Wisata Umum,-8.2169955,112.7591548,https://www.google.com/maps/place/Ayam+Geprek+Mbok+Enthis/data=!4m7!3m6!1s0x2dd619b51e63da5f:0x745fcf203356eac6!8m2!3d-8.2169955!4d112.7591548!16s%2Fg%2F11ghn6hd3b!19sChIJX9pjHrUZ1i0RxupWMyDPX3Q?authuser=0&hl=id&rclk=1,Berhadiah Gopay 100 ribu perbulan untuk customer beruntung,5000,"Ayam Goreng , Nasi , Sambel Bawang, Timun Dan Sayuran",16900,13900,Sukses,13900,GoFood,https://gofood.co.id/malang/restaurant/ayam-geprek-mbok-dah-dieng-atas-bb062902-3a79-430e-99aa-a1a5f1dbb26a
623,The Nyonya,4.1,172,Wisata Umum,-8.2124783,112.7580515,https://www.google.com/maps/place/The+Nyonya/data=!4m7!3m6!1s0x2dd619094589a2c9:0xab1b94402b3ffbe!8m2!3d-8.2124783!4d112.7580515!16s%2Fg%2F11hbfkpf_n!19sChIJyaKJRQkZ1i0Rvv-zAkS5sQo?authuser=0&hl=id&rclk=1,NASI COKOT,11000,"Nasi,Ayam,Telur,Krupuk,Mie,Orek Tempe,Sambal",18000,16500,Sukses,16500,GoFood,https://gofood.co.id/malang/restaurant/warung-nyonya-malang-dcdffba7-14ff-41f5-8474-92e236409f58
624,Bakso Meduro Cak Rosyid,4.5,173,Wisata Umum,-8.2165256,112.7577022,https://www.google.com/maps/place/Bakso+Meduro+Cak+Rosyid/data=!4m7!3m6!1s0x2dd6190b77f11707:0x3c5238e62e5e0342!8m2!3d-8.2165256!4d112.7577022!16s%2Fg%2F11gf62k8qr!19sChIJBxfxdwsZ1i0RQgNeLuY4Ujw?authuser=0&hl=id&rclk=1,Es Nutrisari Sirsak,5000,Bakso Komplit Porsi Double Harga Lebih Hemat,25000,11250,Sukses,11250,GoFood,https://gofood.co.id/yogyakarta/restaurant/bakso-malang-cak-kiro-sewon-03c0fbc8-26f1-4a0b-b130-f61fd8628916
625,Depot Barokah Mbak Tutik,4.7,58,Wisata Umum,-8.2369525,112.8728648,https://www.google.com/maps/place/Depot+Barokah+Mbak+Tutik/data=!4m7!3m6!1s0x2dd6113234765767:0xfc2d3c8e3fbc9dfb!8m2!3d-8.2369525!4d112.8728648!16s%2Fg%2F11c5zlx7lc!19sChIJZ1d2NDIR1i0R-528P448Lfw?authuser=0&hl=id&rclk=1,Dadar Jagung,5000,"Nasi, Ayam, Terong, Kubis, Tahu/ Tempe, Sambel, Kemangi, Timun, Kol ( Digoreng Atau Tidak Digoreng)",27500,23500,Sukses,23500,GoFood,https://gofood.co.id/malang/restaurant/mbah-tutik-nasi-pecel-lalapan-klojen-samaan-4b7e898b-24f2-4a43-b359-d605037becb3
626,Mie Ayam Cak Rop,4.3,43,Wisata Umum,-8.1468099,112.7587017,https://www.google.com/maps/place/Mie+Ayam+Cak+Rop/data=!4m7!3m6!1s0x2dd6226339459285:0x1c7928270ab546e7!8m2!3d-8.1468099!4d112.7587017!16s%2Fg%2F11f3jwxr39!19sChIJhZJFOWMi1i0R50a1CicoeRw?authuser=0&hl=id&rclk=1,Kentang Goreng+Saus,11000,Mie Jahat Level 5 (Cabe 50),15000,13000,Sukses,13000,GoFood,https://gofood.co.id/malang/restaurant/kedai-mie-cak-rofek-gpa-ngijo-karangploso-malang-27bab345-fd2f-486d-adcf-aede1de4edaa
627,Soto Betawi TA 66,4.2,85,Wisata Umum,-8.0185304,112.7627666,https://www.google.com/maps/place/Soto+Betawi+TA+66/data=!4m7!3m6!1s0x2dd625a09dce361b:0xbd23375358f91cf6!8m2!3d-8.0185304!4d112.7627666!16s%2Fg%2F11gf00x_gl!19sChIJGzbOnaAl1i0R9hz5WFM3I70?authuser=0&hl=id&rclk=1,Jeruk peras,7000,"Kuah kuning, daging, tauge, soun, bubuk bawang putih",32000,25000,Sukses,25000,GoFood,https://gofood.co.id/malang/restaurant/soto-betawi-ta-66-tumpang-70ab1225-d6d8-427b-9ecc-1e5ea6676c8f
628,Mi dan Bakso Bule,4.5,22,Wisata Umum,-8.0345524,112.7680029,https://www.google.com/maps/place/Mi+dan+Bakso+Bule/data=!4m7!3m6!1s0x2dd62535b01d5d63:0xd012fa6994ff4864!8m2!3d-8.0345524!4d112.7680029!16s%2Fg%2F11h4qlmr7c!19sChIJY10dsDUl1i0RZEj_lGn6EtA?authuser=0&hl=id&rclk=1,"teh,gula cari dan es batu",5000,Mie ayam + ceker + 2pentol,22000,12000,Sukses,12000,GoFood,https://gofood.co.id/malang/restaurant/mie-ayam-pangsit-dan-bakso-solo-bule-singosari-651c5166-b19a-4262-9d23-febe728f15f8
629,Bakso Sama Rasa Pak Kabul Madiun,4.6,251,Wisata Umum,-8.0039016,112.7653228,https://www.google.com/maps/place/Bakso+Sama+Rasa+Pak+Kabul+Madiun/data=!4m7!3m6!1s0x2dd62578307c6fb9:0x1562fa4c5ad68650!8m2!3d-8.0039016!4d112.7653228!16s%2Fg%2F11b708kcrk!19sChIJuW98MHgl1i0RUIbWWkz6YhU?authuser=0&hl=id&rclk=1,ES TEH JUMBO RASA ORIGINAL,8000,Isian semua varian mix sesuai persediaan,90000,20000,Sukses,20000,GoFood,https://gofood.co.id/madiun/restaurant/pentol-sam-kabul-asli-lapangan-gulun-kota-madiun-48e52511-c028-4127-b6cd-821d79fa1063
630,Waroeng Sate Gule H Abu Bakar,4.3,37,Wisata Umum,-8.0071996,112.7617831,https://www.google.com/maps/place/Waroeng+Sate+Gule+H+Abu+Bakar/data=!4m7!3m6!1s0x2dd6259d67eefdb1:0x13a7aec15e2ba86b!8m2!3d-8.0071996!4d112.7617831!16s%2Fg%2F11f53n008j!19sChIJsf3uZ50l1i0Ra6grXsGupxM?authuser=0&hl=id&rclk=1,Nasi Putih,5000,Nasi + Sate Kambing 5 + Gule Kambing,36000,19500,Sukses,19500,GoFood,https://gofood.co.id/malang/restaurant/warung-sate-gule-h-sholeh-timur-orem-orem-comboran-7e095d3f-9e84-43e0-a0a1-b9afe886e873
631,Warung Pojok Nyemix,3.7,21,Warung Pojok Nyemix,-8.0127639,112.7563175,https://www.google.com/maps/place/Warung+Pojok+Nyemix/data=!4m7!3m6!1s0x2dd62599283ad04b:0xbc5f773b3462ad0a!8m2!3d-8.0127639!4d112.7563175!16s%2Fg%2F1hm3mccx5!19sChIJS9A6KJkl1i0RCq1iNDt3X7w?authuser=0&hl=id&rclk=1,Es Jeruk Manis,8000,Bakso Tumpeng +tahu+mie+goreng,18000,15000,Sukses,15000,GoFood,https://gofood.co.id/id/malang/restaurant/warung-pojok-42c351a4-6a4a-44ac-904e-ec61e6ab523c
632,Warung Mbak Koyim,4.6,302,Warung Mbak Koyim,-8.0173933,112.760589,https://www.google.com/maps/place/Warung+Mbak+Koyim/data=!4m7!3m6!1s0x2dd625196be04db5:0xe8212a04269d17a0!8m2!3d-8.0173933!4d112.760589!16s%2Fg%2F11l7bjb__5!19sChIJtU3gaxkl1i0RoBedJgQqIeg?authuser=0&hl=id&rclk=1,Nasi Putih,5000,Lontong + Rujak cingur,20000,14500,Sukses,14500,GoFood,https://gofood.co.id/malang/restaurant/warung-lalapan-mbak-fitri-ad929ba1-47ef-47fb-b4fb-35849697a3e7
633,WARUNG KALI TUMPANG,4.4,41,WARUNG KALI TUMPANG,-8.0081374,112.7513257,https://www.google.com/maps/place/WARUNG+KALI+TUMPANG/data=!4m7!3m6!1s0x2dd6250014fd32f9:0x98fc2e977653bc1c!8m2!3d-8.0081374!4d112.7513257!16s%2Fg%2F11x7rzp9rv!19sChIJ-TL9FAAl1i0RHLxTdpcu_Jg?authuser=0&hl=id&rclk=1,Telur Dadar,8000,Include Nasi,51000,22000,Sukses,22000,GoFood,https://gofood.co.id/id/malang/restaurant/warung-kanthing-tumpang-tumpang-1d36912b-ade4-404c-8559-abe670b7f966
634,Warung Nasi Widuri,4.2,20,Warung Nasi Widuri,-8.2419361,112.8654329,https://www.google.com/maps/place/Warung+Nasi+Widuri/data=!4m7!3m6!1s0x2dd61179a00e566f:0x503a96ca52d50c3b!8m2!3d-8.2419361!4d112.8654329!16s%2Fg%2F11hdjgqvw6!19sChIJb1YOoHkR1i0ROwzVUsqWOlA?authuser=0&hl=id&rclk=1,Nasi putih biasa...,7700,babi goreng tepung tipis tanpa tulang dimasak dengan saus inggris dan kecap manis,75900,50600,Sukses,50600,GoFood,https://gofood.co.id/malang/restaurant/depot-widari-605f4a9f-2aec-4658-8bba-e7106fcd2150
635,Kopi Koral (Warung Cak Sulis),3.9,84,Kopi Koral (Warung Cak Sulis),-8.2298741,112.8443926,https://www.google.com/maps/place/Kopi+Koral+%28Warung+Cak+Sulis%29/data=!4m7!3m6!1s0x2dd61732247cb521:0x959d10b24c1401db!8m2!3d-8.2298741!4d112.8443926!16s%2Fg%2F11cssqdppp!19sChIJIbV8JDIX1i0R2wEUTLIQnZU?authuser=0&hl=id&rclk=1,Paper Bag,5000,Es Kopi Susu Gula Aren (Creamy) + Espresso Arabica ( Susu Oat ),120000,33000,Sukses,33000,GoFood,https://gofood.co.id/en/malang/restaurant/kopi-calf-soehat-malang-d0ba7614-353c-4f5b-9a4f-707245a7c571
636,Bakso Ndoweh,4.0,57,Wisata Umum,-8.2164287,112.84097,https://www.google.com/maps/place/Bakso+Ndoweh/data=!4m7!3m6!1s0x2dd617394b16af9b:0xe878eac68f916f08!8m2!3d-8.2164287!4d112.84097!16s%2Fg%2F11hbc2hdq_!19sChIJm68WSzkX1i0RCG-Rj8bqeOg?authuser=0&hl=id&rclk=1,Isi Sambal,6500,"Isian Bakso Beranak Ndower, Bakso Ndower, Bakso Kecill, Siomay Kering/Basah Dan Tahu Bakso/Tahu Walik",23000,13000,Sukses,13000,GoFood,https://gofood.co.id/malang/restaurant/bakso-ndower-kuah-njedir-kotalama-34878b7d-3d82-4eed-a9a5-823c62c6f50a
637,Pondok Tubing Cafe,4.3,294,Wisata Umum,-8.0150254,112.8501138,https://www.google.com/maps/place/Pondok+Tubing+Cafe/data=!4m7!3m6!1s0x2dd63bff6f389d79:0x9a2d59ce44380201!8m2!3d-8.0150254!4d112.8501138!16s%2Fg%2F11q2t9dq_c!19sChIJeZ04b_871i0RAQI4RM5ZLZo?authuser=0&hl=id&rclk=1,Aqua,5000,Chocolate+Ice Cream Vanilla,21000,13000,Sukses,13000,GoFood,https://gofood.co.id/en/malang/restaurant/tubi-cafe-445ca93c-45ec-491b-a022-ee501272189d
638,Warung kopi Mbak Yun,4.9,25,Warung kopi Mbak Yun,-8.013639,112.8529304,https://www.google.com/maps/place/Warung+kopi+Mbak+Yun/data=!4m7!3m6!1s0x2dd63af46d4a8eb7:0xcfc2c130b6878e51!8m2!3d-8.013639!4d112.8529304!16s%2Fg%2F11c3yqrsph!19sChIJt45KbfQ61i0RUY6HtjDBws8?authuser=0&hl=id&rclk=1,Teh Hangat,5000,Nasi + Empal + Sambel + Lalapan,27000,17000,Sukses,17000,GoFood,https://gofood.co.id/malang/restaurant/sego-sambel-mbak-yun-396d13d8-0829-4ff0-8fa4-9b50ce371906
639,Gubug bromo,4.6,81,"Kafe · pelangi, Jl. Coban",-8.0153027,112.8466309,https://www.google.com/maps/place/Gubug+bromo/data=!4m7!3m6!1s0x2dd63b46b64e36cd:0x656d8c7d39bc7c25!8m2!3d-8.0153027!4d112.8466309!16s%2Fg%2F11jkcgm8q7!19sChIJzTZOtkY71i0RJXy8OX2MbWU?authuser=0&hl=id&rclk=1,Teh Tawar,6250,"Kerang, udang, kepiting, cumi, sayur sawi, jagung",312500,35000,Sukses,35000,GoFood,https://gofood.co.id/malang/restaurant/gubug-makan-mang-engking-d259c716-9de4-4db9-9e21-47d7292a2a56
640,Chill coffee,4.3,220,Restoran · Jl. Raya Gubugklakah,-8.0150703,112.8490437,https://www.google.com/maps/place/Chill+coffee/data=!4m7!3m6!1s0x2dd63b24d1515f8d:0xd87036cb8ca3aa8e!8m2!3d-8.0150703!4d112.8490437!16s%2Fg%2F11p9yrt16_!19sChIJjV9R0SQ71i0RjqqjjMs2cNg?authuser=0&hl=id&rclk=1,Kopi Tubruk Susu,16000,Signature ice coffe butter scotch 1000ml,105000,20000,Sukses,20000,GoFood,https://gofood.co.id/malang/restaurant/chill-coffee-jeru-tumpang-3a814887-c4f7-4f3b-997c-4585586ccc65
