Id_Tempat,Nama_Tempat,Rating,Jumlah_Ulasan,Kategori,Latitude,Longitude,Link,Estimasi_Harga,Sumber_Data,Link_Sumber
1,Air Terjun Grojogan Sewu Pujon,4.4,1141,Wisata Umum,-7.8664128,112.4233498,https://www.google.com/maps/place/Air+Terjun+Grojogan+Sewu+Pujon/data=!4m7!3m6!1s0x2e7887a1073e1ce7:0x4fdbae6fe33510b0!8m2!3d-7.8664128!4d112.4233498!16s%2Fg%2F11b6_nvy3v!19sChIJ5xw-B6GHeC4RsBA142-u208?authuser=0&hl=id&rclk=1,2000,24travel.id,https://24travel.id/coban-grojogan-sewu-malang/?srsltid=AfmBOoofEbYemnMRVafsOhx1bqD697DBA1UVAPlqHhXpHsCYHhJMtquN
2,Waduk selorejo,4.6,38,Taman · 49C7+J3W,-7.878545,112.3624967,https://www.google.com/maps/place/Waduk+selorejo/data=!4m7!3m6!1s0x2e7889e9f7f5203b:0xed5500376a5f2e2a!8m2!3d-7.878545!4d112.3624967!16s%2Fg%2F11s1tsjmhm!19sChIJOyD19-mJeC4RKi5fajcAVe0?authuser=0&hl=id&rclk=1,20000,traveloka.com,https://www.traveloka.com/id-id/explore/destination/waduk-selorejo-di-jawa-timur-acc/410639
3,TRANS Wisata Belah Duren,4.1,86,TRANS Wisata Belah Duren,-7.7807735,112.3467097,https://www.google.com/maps/place/TRANS+Wisata+Belah+Duren/data=!4m7!3m6!1s0x2e7863116fa98781:0xdaa840953274420d!8m2!3d-7.7807735!4d112.3467097!16s%2Fg%2F11g2sj5qcy!19sChIJgYepbxFjeC4RDUJ0MpVAqNo?authuser=0&hl=id&rclk=1,25000,instagram.com,https://www.instagram.com/p/DWDZT_8gadV/
4,Candi Bocok,4.7,21,Tujuan Wisata · 586F+GJH,-7.8386963,112.3241245,https://www.google.com/maps/place/Candi+Bocok/data=!4m7!3m6!1s0x2e7861558760921b:0xd2041c0c566354e7!8m2!3d-7.8386963!4d112.3241245!16s%2Fg%2F11g0gpsyqk!19sChIJG5Jgh1VheC4R51RjVgwcBNI?authuser=0&hl=id&rclk=1,5000,tirtajayatravel.com,https://tirtajayatravel.com/29-wisata-edukasi-malang-cocok-buat-anak/
5,Kasembon Park,4.4,948,Wisata Umum,-7.781962,112.3103874,https://www.google.com/maps/place/Kasembon+Park/data=!4m7!3m6!1s0x2e786149e41ee293:0x5df94a282b525130!8m2!3d-7.781962!4d112.3103874!16s%2Fg%2F11cjk589_3!19sChIJk-Ie5ElheC4RMFFSKyhK-V0?authuser=0&hl=id&rclk=1,12000,matic.malangkab.go.id,https://matic.malangkab.go.id/listing/kasembon-park-k-park
6,Fishing Sultan Class,4.9,41,Tujuan Wisata · ,-7.8634029,112.3749716,https://www.google.com/maps/place/Fishing+Sultan+Class/data=!4m7!3m6!1s0x2e7889a3a591a8f7:0xb35514a9b10fd516!8m2!3d-7.8634029!4d112.3749716!16s%2Fg%2F11ny3h5c1f!19sChIJ96iRpaOJeC4RFtUPsakUVbM?authuser=0&hl=id&rclk=1,5000,id.trip.com,https://id.trip.com/travel-guide/attraction/ngantang/fishing-sultan-class-142577799?scene=gsDestination
7,Candi Sapto,4.4,35,Tujuan Wisata · ,-7.8130262,112.3254113,https://www.google.com/maps/place/Candi+Sapto/data=!4m7!3m6!1s0x2e7861791d2a5b43:0x8d04124eb56735f!8m2!3d-7.8130262!4d112.3254113!16s%2Fg%2F11f__79n8d!19sChIJQ1sqHXlheC4RX3NW6yRB0Ag?authuser=0&hl=id&rclk=1,5000,pikiran-rakyat.com,https://www.pikiran-rakyat.com/gaya-hidup/pr-018986465/8-candi-di-malang-alamat-dan-harga-tiket-masuk?page=all
8,"Wisata Bukit Gandrung, Tanggulasi",4.4,2171,"Wisata Bukit Gandrung, Tanggulasi",-7.761606,112.348711,"https://www.google.com/maps/place/Wisata+Bukit+Gandrung,+Tanggulasi/data=!4m7!3m6!1s0x2e786411acd09b93:0xbf6680c49cadedee!8m2!3d-7.761606!4d112.348711!16s%2Fg%2F11c5_ymx2w!19sChIJk5vQrBFkeC4R7u2tnMSAZr8?authuser=0&hl=id&rclk=1",10000,surabaya.kompas.com,https://surabaya.kompas.com/read/2023/09/28/211200878/bukit-gandrung-di-kediri-daya-tarik-harga-tiket-jam-buka-dan-rute
9,Air Terjun Coban Rondo Pujon,4.5,12340,Wisata Umum,-7.8846458,112.4768237,https://www.google.com/maps/place/Air+Terjun+Coban+Rondo+Pujon/data=!4m7!3m6!1s0x2e7887009890ac2f:0x9f46ac987d3e2274!8m2!3d-7.8846458!4d112.4768237!16s%2Fg%2F113qbkqbp!19sChIJL6yQmACHeC4RdCI-fZisRp8?authuser=0&hl=id&rclk=1,5000,tiket.com,https://www.tiket.com/id-id/to-do/air-terjun-coban-rondo
10,Taman Wisata Blendrang,4.3,533,Taman Wisata Blendrang,-7.859486,112.367841,https://www.google.com/maps/place/Taman+Wisata+Blendrang/data=!4m7!3m6!1s0x2e7889da210c07bb:0x9bf5ec0a22a87100!8m2!3d-7.859486!4d112.367841!16s%2Fg%2F11gcn67z_8!19sChIJuwcMIdqJeC4RAHGoIgrs9Zs?authuser=0&hl=id&rclk=1,10000,radarmalang.jawapos.com,https://radarmalang.jawapos.com/wisata-kuliner/816576405/5-tempat-wisata-murah-meriah-di-malang-untuk-keluarga
11,Taman Wisata Selorejo,4.2,4555,Taman Wisata Selorejo,-7.8773978,112.3610311,https://www.google.com/maps/place/Taman+Wisata+Selorejo/data=!4m7!3m6!1s0x2e7889bf02165557:0x813f336020e97529!8m2!3d-7.8773978!4d112.3610311!16s%2Fg%2F11cn3rwbrv!19sChIJV1UWAr-JeC4RKXXpIGAzP4E?authuser=0&hl=id&rclk=1,13000,travelspromo.com,https://travelspromo.com/htm-wisata/taman-wisata-selorejo-malang/
12,Air Terjun Coban Kethak,4.1,713,Wisata Umum,-7.8028103,112.3569176,https://www.google.com/maps/place/Air+Terjun+Coban+Kethak/data=!4m7!3m6!1s0x2e78616e91d97fff:0xed38d1626417a36e!8m2!3d-7.8028103!4d112.3569176!16s%2Fg%2F11b6g99tc8!19sChIJ_3_ZkW5heC4RbqMXZGLROO0?authuser=0&hl=id&rclk=1,5000,travelspromo.com,https://travelspromo.com/htm-wisata/coban-kethak-malang/
13,Bukit Nirwana,4.4,1282,Tujuan Wisata · ,-7.8617098,112.4600165,https://www.google.com/maps/place/Bukit+Nirwana/data=!4m7!3m6!1s0x2e7887a7729d0319:0xdd4ad7e0ecb9ecb3!8m2!3d-7.8617098!4d112.4600165!16s%2Fg%2F11gjn8q9cj!19sChIJGQOdcqeHeC4Rs-y57ODXSt0?authuser=0&hl=id&rclk=1,10000,traveloka.com,https://www.traveloka.com/id-id/explore/destination/bukit-nirwana-acc/395954
14,Bukit Teletubbies Batu,4.4,827,Wisata Umum,-7.85376,112.5395231,https://www.google.com/maps/place/Bukit+Teletubbies+Batu/data=!4m7!3m6!1s0x2e7880a4c4c33f49:0x72cc357790451e04!8m2!3d-7.85376!4d112.5395231!16s%2Fg%2F11c54d32lq!19sChIJST_DxKSAeC4RBB5FkHc1zHI?authuser=0&hl=id&rclk=1,15000,glints.com,https://glints.com/id/lowongan/tempat-wisata-di-malang/
15,Brakseng,4.7,1241,Wisata Umum,-7.7552845,112.5405447,https://www.google.com/maps/place/Brakseng/data=!4m7!3m6!1s0x2e7879501006adb3:0x52cb5f75d2f60c8e!8m2!3d-7.7552845!4d112.5405447!16s%2Fg%2F11c70cdm0f!19sChIJs60GEFB5eC4Rjgz20nVfy1I?authuser=0&hl=id&rclk=1,10000,traveloka.com,https://www.traveloka.com/id-id/explore/destination/brakseng-kota-batu-trp/598440
16,Wisata Rafting Kali Uceng Desa Kasembon,4.5,125,Wisata Umum,-7.7886842,112.3124052,https://www.google.com/maps/place/Wisata+Rafting+Kali+Uceng+Desa+Kasembon/data=!4m7!3m6!1s0x2e786126b1f3bd4b:0xe4935c601a108f1c!8m2!3d-7.7886842!4d112.3124052!16s%2Fg%2F11ht04tq4q!19sChIJS73zsSZheC4RHI8QGmBck-Q?authuser=0&hl=id&rclk=1,175000,instagram.com,https://www.instagram.com/reel/DLRspEGRMKQ/
17,Desa Wisata Pujonkidul,4.5,6581,Desa Wisata Pujonkidul,-7.8557059,112.4558603,https://www.google.com/maps/place/Desa+Wisata+Pujonkidul/data=!4m7!3m6!1s0x2e78878faaaaaaab:0x4be58f3cd7ca4dfe!8m2!3d-7.8557059!4d112.4558603!16s%2Fg%2F11f2w5s8vq!19sChIJq6qqqo-HeC4R_k3K1zyP5Us?authuser=0&hl=id&rclk=1,13000,travel.kompas.com,https://travel.kompas.com/read/2024/03/29/123700327/harga-dan-jam-buka-desa-wisata-pujon-kidul-malang
18,Taman Kemesraan,4.5,2768,Taman Kemesraan,-7.8620838,112.4278752,https://www.google.com/maps/place/Taman+Kemesraan/data=!4m7!3m6!1s0x2e78897662fd56d5:0xeddaf0f676a6d32a!8m2!3d-7.8620838!4d112.4278752!16s%2Fg%2F11fr5vmvw2!19sChIJ1Vb9YnaJeC4RKtOmdvbw2u0?authuser=0&hl=id&rclk=1,15000,travel.kompas.com,https://travel.kompas.com/read/2024/04/11/220500927/harga-tiket-lokasi-dan-jam-buka--taman-kemesraan-pujon-malang?page=all
19,Pemandian Sumber Seger Waras,4.6,31,Tujuan Wisata · 498P+HF5,-7.8847654,112.3854439,https://www.google.com/maps/place/Pemandian+Sumber+Seger+Waras/data=!4m7!3m6!1s0x2e788925e2232451:0xe0e12fd44fd9e0e7!8m2!3d-7.8847654!4d112.3854439!16s%2Fg%2F11t_t62j2m!19sChIJUSQj4iWJeC4R5-DZT9Qv4eA?authuser=0&hl=id&rclk=1,5000,gresiksatu.com,https://www.gresiksatu.com/pemandian-kalireco-konsep-wisata-segar-menyatu-dengan-alam/
20,Jembatan Gantung Selorejo Ngantang,4.4,55,Wisata Umum,-7.8786011,112.3616564,https://www.google.com/maps/place/Jembatan+Gantung+Selorejo+Ngantang/data=!4m7!3m6!1s0x2e7889be8d9a1e21:0x95c20369b458568a!8m2!3d-7.8786011!4d112.3616564!16s%2Fg%2F11dymvyq2s!19sChIJIR6ajb6JeC4RilZYtGkDwpU?authuser=0&hl=id&rclk=1,25000,paketoutboundmalang.com,https://paketoutboundmalang.com/waduk-selorejo/
21,Pasar Wisata Dewi Sri,4.4,9136,Pasar Wisata Dewi Sri,-7.8394872,112.4504093,https://www.google.com/maps/place/Pasar+Wisata+Dewi+Sri/data=!4m7!3m6!1s0x2e787d5d2c61df1f:0x8cce84dc0c794f82!8m2!3d-7.8394872!4d112.4504093!16s%2Fg%2F11bw8m1dxk!19sChIJH99hLF19eC4Rgk95DNyEzow?authuser=0&hl=id&rclk=1,3000,jasayasa.malangkab.go.id,https://jasayasa.malangkab.go.id/berita/jasayasaadmin-pasar-wisata-pemandian-dewi-sri-outbond-rafting
23,Monumen Palagan Mendalan,4.8,33,Wisata Umum,-7.848416,112.3721744,https://www.google.com/maps/place/Monumen+Palagan+Mendalan/data=!4m7!3m6!1s0x2e78627a2c242e89:0x8b88f7ecac536a2a!8m2!3d-7.848416!4d112.3721744!16s%2Fg%2F11b6zlpj2g!19sChIJiS4kLHpieC4RKmpTrOz3iIs?authuser=0&hl=id&rclk=1,30000,id.trip.com,https://id.trip.com/travel-guide/attraction/ngantang/monumen-palagan-mendalan-142335372/
24,Watu Gilang (ꦮꦠꦸꦒꦶꦭꦁ),4.2,52,Wisata Umum,-7.8286324,112.4212523,https://www.google.com/maps/place/Watu+Gilang+%28%EA%A6%AE%EA%A6%A0%EA%A6%B8%EA%A6%92%EA%A6%B6%EA%A6%AD%EA%A6%81%29/data=!4m7!3m6!1s0x2e7862c9bfa3e7c7:0x22fc9ec94843711d!8m2!3d-7.8286324!4d112.4212523!16s%2Fg%2F11hb2zncv8!19sChIJx-ejv8lieC4RHXFDSMme_CI?authuser=0&hl=id&rclk=1,15000,matic.malangkab.go.id,https://matic.malangkab.go.id/listing/situs-watu-gilang
25,Wisata Desa BONPI / de' Asmorondono,4.4,53,Wisata Umum,-7.8386369,112.4540645,https://www.google.com/maps/place/Wisata+Desa+BONPI+%2F+de%27+Asmorondono/data=!4m7!3m6!1s0x2e787d680e729355:0xe1335e0c498a33!8m2!3d-7.8386369!4d112.4540645!16s%2Fg%2F11fy1dv09q!19sChIJVZNyDmh9eC4RM4pJDF4z4QA?authuser=0&hl=id&rclk=1,10000,matic.malangkab.go.id,https://matic.malangkab.go.id/listing/wisata-pegunungan-waterpark-bonpi
26,Bukit Waung,4.5,577,Wisata Umum,-8.3488921,112.3677835,https://www.google.com/maps/place/Bukit+Waung/data=!4m7!3m6!1s0x2e78b09ce2da744d:0xe372039136f8cbfa!8m2!3d-8.3488921!4d112.3677835!16s%2Fg%2F11dftdvgk8!19sChIJTXTa4pyweC4R-sv4NpEDcuM?authuser=0&hl=id&rclk=1,10000,24travel.id,https://24travel.id/pantai-modangan-malang/?srsltid=AfmBOorPjr5kB1eqtXkxdDskbvecTG_8z88GPLJ1D13Kui8Fld3w4MDE
27,TAMAN WISATA BEDENGAN,4.4,305,TAMAN WISATA BEDENGAN,-8.2545759,112.4407654,https://www.google.com/maps/place/TAMAN+WISATA+BEDENGAN/data=!4m7!3m6!1s0x2e78a38a39371df7:0x222af8bb41ab967b!8m2!3d-8.2545759!4d112.4407654!16s%2Fg%2F11jcn72ts1!19sChIJ9x03OYqjeC4Re5arQbv4KiI?authuser=0&hl=id&rclk=1,10000,youtube.com,https://www.youtube.com/watch?v=HAig3UPxAa0
28,Pantai Pasir Panjang Ngeliyep,4.6,386,Pantai Pasir Panjang Ngeliyep,-8.3812357,112.4204755,https://www.google.com/maps/place/Pantai+Pasir+Panjang+Ngeliyep/data=!4m7!3m6!1s0x2e78b02ce0952f11:0xdbe914b3d6c27c16!8m2!3d-8.3812357!4d112.4204755!16s%2Fg%2F11cn0qgd8r!19sChIJES-V4CyweC4RFnzC1rMU6ds?authuser=0&hl=id&rclk=1,15000,ongistravel.com,https://ongistravel.com/pantai-ngliyep-malang/?srsltid=AfmBOoqRUJt7ub_eT_XvVVDDxa-6msr0MY-dkgFOK6PqbFw8v3X10b81
29,Bukit Nuri,4.3,81,Wisata Umum,-8.3412196,112.4358047,https://www.google.com/maps/place/Bukit+Nuri/data=!4m7!3m6!1s0x2e78afd68d980dcf:0xea339e2c4a2b9d59!8m2!3d-8.3412196!4d112.4358047!16s%2Fg%2F11ghr9w80q!19sChIJzw2YjdaveC4RWZ0rSiyeM-o?authuser=0&hl=id&rclk=1,10000,rumah123.com,https://www.rumah123.com/explore/kota-malang/bukit-nirwana/
30,Teluk BIDADARI ꦠ꧀ꦭꦒꦮꦶꦢꦢꦫꦶ,4.0,21,Wisata Umum,-8.4034435,112.5054449,https://www.google.com/maps/place/Teluk+BIDADARI+%EA%A6%A0%EA%A7%80%EA%A6%AD%EA%A6%92%EA%A6%AE%EA%A6%B6%EA%A6%A2%EA%A6%A2%EA%A6%AB%EA%A6%B6/data=!4m7!3m6!1s0x2e78aebc1eba107f:0x3fadd6a46f190239!8m2!3d-8.4034435!4d112.5054449!16s%2Fg%2F11c5s8s545!19sChIJfxC6HryueC4ROQIZb6TWrT8?authuser=0&hl=id&rclk=1,10000,nahwatravel.co.id,https://nahwatravel.co.id/teluk-bidadari
31,Pantai Ngliyep Malang,4.5,5124,Pantai Ngliyep Malang,-8.3835873,112.4242054,https://www.google.com/maps/place/Pantai+Ngliyep+Malang/data=!4m7!3m6!1s0x2e78affaaaaaaaab:0x18eafdd0d21b044e!8m2!3d-8.3835873!4d112.4242054!16s%2Fg%2F11bbqy13dc!19sChIJq6qqqvqveC4RTgQb0tD96hg?authuser=0&hl=id&rclk=1,15000,ongistravel.com,https://ongistravel.com/pantai-ngliyep-malang/?srsltid=AfmBOoq6LzcFgaSZCklaexMnLZjGhdi2zQFd77ODF0uBi-2RchJsL4TD
32,Wisata Rowo Klampok,4.3,129,Wisata Rowo Klampok,-8.1634209,112.5105179,https://www.google.com/maps/place/Wisata+Rowo+Klampok/data=!4m7!3m6!1s0x2e7899cd163fee63:0x26748369438cbe2f!8m2!3d-8.1634209!4d112.5105179!16s%2Fg%2F11f793fdx9!19sChIJY-4_Fs2ZeC4RL76MQ2mDdCY?authuser=0&hl=id&rclk=1,10000,instagram.com,https://www.instagram.com/p/DUINYefEdj1/
33,Pantai Goa Pathuk ilang ꦥꦼꦱꦶꦱꦶꦂꦒꦸꦮꦥꦡꦸꦏ꧀ꦅꦭꦁ,4.6,77,Pantai Goa Pathuk ilang ꦥꦼꦱꦶꦱꦶꦂꦒꦸꦮꦥꦡꦸꦏ꧀ꦅꦭꦁ,-8.385381,112.4254267,https://www.google.com/maps/place/Pantai+Goa+Pathuk+ilang+%EA%A6%A5%EA%A6%BC%EA%A6%B1%EA%A6%B6%EA%A6%B1%EA%A6%B6%EA%A6%82%EA%A6%92%EA%A6%B8%EA%A6%AE%EA%A6%A5%EA%A6%A1%EA%A6%B8%EA%A6%8F%EA%A7%80%EA%A6%85%EA%A6%AD%EA%A6%81/data=!4m7!3m6!1s0x2e78b1d450786a67:0xb58ff38d129a7a9a!8m2!3d-8.385381!4d112.4254267!16s%2Fg%2F11cn5pfk0l!19sChIJZ2p4UNSxeC4RmnqaEo3zj7U?authuser=0&hl=id&rclk=1,10000,malang.suara.com,https://malang.suara.com/read/2024/07/13/150351/pantai-goa-pathuk-ilang-rute-harga-tiket-dan-aktivitas-seru-di-pantai-tersembunyi
34,Pantai Nglurung ꦥꦼꦱꦶꦱꦶꦂꦔ꧀ꦭꦸꦫꦸꦁ,4.5,23,Pantai Nglurung ꦥꦼꦱꦶꦱꦶꦂꦔ꧀ꦭꦸꦫꦸꦁ,-8.3774715,112.4082456,https://www.google.com/maps/place/Pantai+Nglurung+%EA%A6%A5%EA%A6%BC%EA%A6%B1%EA%A6%B6%EA%A6%B1%EA%A6%B6%EA%A6%82%EA%A6%94%EA%A7%80%EA%A6%AD%EA%A6%B8%EA%A6%AB%EA%A6%B8%EA%A6%81/data=!4m7!3m6!1s0x2e78b036629873fd:0x8088ae51719102c8!8m2!3d-8.3774715!4d112.4082456!16s%2Fg%2F11cm_5r03h!19sChIJ_XOYYjaweC4RyAKRcVGuiIA?authuser=0&hl=id&rclk=1,10000,sidita.disbudpar.jatimprov.go.id,https://sidita.disbudpar.jatimprov.go.id/destinasi/detail/8597867faf33d998cda63d4b21147daddbf03cf89e0f1a78725e446bcabf26911f72c3ff460474d7e690237ac4978209d56c7ce68ad717830d7a424c2a4b3d5f-2
35,Wisata Ngebrak,4.3,76,Wisata Ngebrak,-8.2348053,112.4070735,https://www.google.com/maps/place/Wisata+Ngebrak/data=!4m7!3m6!1s0x2e78bcc18a74d483:0x75f1f65ec8339208!8m2!3d-8.2348053!4d112.4070735!16s%2Fg%2F11c60mdcxf!19sChIJg9R0isG8eC4RCJIzyF728XU?authuser=0&hl=id&rclk=1,30000,traveloka.com,https://www.traveloka.com/id-id/explore/activities/tempat-wisata-di-malang-yang-murah-ta/532297
36,Pantai Ngledakan Ciut ꦥꦼꦱꦶꦱꦶꦂꦔ꧀ꦭꦼꦢꦏꦤ꧀ꦕꦶꦪꦸꦠ꧀,4.7,50,Pantai Ngledakan Ciut ꦥꦼꦱꦶꦱꦶꦂꦔ꧀ꦭꦼꦢꦏꦤ꧀ꦕꦶꦪꦸꦠ꧀,-8.3931388,112.4387552,https://www.google.com/maps/place/Pantai+Ngledakan+Ciut+%EA%A6%A5%EA%A6%BC%EA%A6%B1%EA%A6%B6%EA%A6%B1%EA%A6%B6%EA%A6%82%EA%A6%94%EA%A7%80%EA%A6%AD%EA%A6%BC%EA%A6%A2%EA%A6%8F%EA%A6%A4%EA%A7%80%EA%A6%95%EA%A6%B6%EA%A6%AA%EA%A6%B8%EA%A6%A0%EA%A7%80/data=!4m7!3m6!1s0x2e78ae250d6bb467:0x75c7f3caaadbe73e!8m2!3d-8.3931388!4d112.4387552!16s%2Fg%2F11cn6dqt4v!19sChIJZ7RrDSWueC4RPufbqsrzx3U?authuser=0&hl=id&rclk=1,5000,pantainesia.com,https://www.pantainesia.com/pantai-ngledakan-ciut
37,Pantai Modangan,4.5,52,Pantai Modangan,-8.3488687,112.3590898,https://www.google.com/maps/place/Pantai+Modangan/data=!4m7!3m6!1s0x2e78b1bc4f7ce9e3:0x46c26106b64c32ca!8m2!3d-8.3488687!4d112.3590898!16s%2Fg%2F11mq5jfv6x!19sChIJ4-l8T7yxeC4RyjJMtgZhwkY?authuser=0&hl=id&rclk=1,10000,traveloka.com,https://www.traveloka.com/id-id/explore/destination/pantai-modangan-acc/370315
38,Pantai Banyu Anjlok,4.5,1026,Pantai Banyu Anjlok,-8.3720682,112.8210105,https://www.google.com/maps/place/Pantai+Banyu+Anjlok/data=!4m7!3m6!1s0x2dd60f5e99793a15:0x57be5ceb626e4b78!8m2!3d-8.3720682!4d112.8210105!16s%2Fg%2F11b6d00h4v!19sChIJFTp5mV4P1i0ReEtuYutcvlc?authuser=0&hl=id&rclk=1,10000,nahwatravel.co.id,https://nahwatravel.co.id/pantai-banyu-anjlok
39,Gunung Geger,4.4,263,Gunung Geger,-8.2299345,112.5526712,https://www.google.com/maps/place/Gunung+Geger/data=!4m7!3m6!1s0x2e78a115bfa82681:0x64a9351fc4a9c54a!8m2!3d-8.2299345!4d112.5526712!16s%2Fg%2F11c5bh67b3!19sChIJgSaovxWheC4RSsWpxB81qWQ?authuser=0&hl=id&rclk=1,2500,jogjasuper.co.id,https://www.jogjasuper.co.id/purworejo/wisata/geger-menjangan/
40,Gua Maria Sendang Purwaningsih,4.7,294,Tujuan Wisata · PCC6+3C8,-8.2798489,112.4110693,https://www.google.com/maps/place/Gua+Maria+Sendang+Purwaningsih/data=!4m7!3m6!1s0x2e78bb40b2f4be09:0xeb99d0b1ece4abb7!8m2!3d-8.2798489!4d112.4110693!16s%2Fg%2F11cn77t7_j!19sChIJCb70skC7eC4Rt6vk7LHQmes?authuser=0&hl=id&rclk=1,0,naskarpiejastrzebiagora.pl,https://naskarpiejastrzebiagora.pl/gua-maria-malang/
41,Tempat Wisata Mancing ikan air tawar di tengah bendungan,4.7,25,Wisata Umum,-8.177891,112.483423,https://www.google.com/maps/place/Tempat+Wisata+Mancing+ikan+air+tawar+di+tengah+bendungan/data=!4m7!3m6!1s0x2e78a3e9879329d9:0x639e196868c95626!8m2!3d-8.177891!4d112.483423!16s%2Fg%2F11q2sxrtqd!19sChIJ2SmTh-mjeC4RJlbJaGgZnmM?authuser=0&hl=id&rclk=1,20000,instagram.com,https://www.instagram.com/p/DDeFbG7TR7n/
42,Wisata Payung Batu,4.5,1263,Wisata Payung Batu,-7.8656156,112.4888066,https://www.google.com/maps/place/Wisata+Payung+Batu/data=!4m7!3m6!1s0x2e78876d63477383:0x911258b2e7a9a820!8m2!3d-7.8656156!4d112.4888066!16s%2Fg%2F11bwpbstlr!19sChIJg3NHY22HeC4RIKip57JYEpE?authuser=0&hl=id&rclk=1,10000,nagantour.com,https://nagantour.com/paralayang-batu/
43,Taman Merak Pujon Rafting,4.0,194,Taman Merak Pujon Rafting,-7.8549521,112.4390518,https://www.google.com/maps/place/Taman+Merak+Pujon+Rafting/data=!4m7!3m6!1s0x2e7887737d67f3c7:0x92e83e5513cbe70d!8m2!3d-7.8549521!4d112.4390518!16s%2Fg%2F11t5sxz7y9!19sChIJx_NnfXOHeC4RDefLE1U-6JI?authuser=0&hl=id&rclk=1,15000,id.trip.com,https://id.trip.com/travel-guide/attraction/pujon/taman-merak-pujon-rafting-137962349/
44,Air Terjun Sumber Pitu Pujon,4.4,561,Wisata Umum,-7.8955192,112.4621553,https://www.google.com/maps/place/Air+Terjun+Sumber+Pitu+Pujon/data=!4m7!3m6!1s0x2e7887903691abdd:0x2f593e7d00c8ed9d!8m2!3d-7.8955192!4d112.4621553!16s%2Fg%2F11bwc1dk_2!19sChIJ3auRNpCHeC4Rne3IAH0-WS8?authuser=0&hl=id&rclk=1,5000,paketwisatabromo.co.id,https://www.paketwisatabromo.co.id/air-terjun-sumber-pitu/
45,Florawisata Santerra De Laponte,4.6,26464,Florawisata Santerra De Laponte,-7.8542907,112.4857585,https://www.google.com/maps/place/Florawisata+Santerra+De+Laponte/data=!4m7!3m6!1s0x2e78876ffdc1c6f5:0x700544497a18f08f!8m2!3d-7.8542907!4d112.4857585!16s%2Fg%2F11fqy22d4x!19sChIJ9cbB_W-HeC4Rj_AYeklEBXA?authuser=0&hl=id&rclk=1,30000,travelspromo.com,https://travelspromo.com/htm-wisata/tiket-santerra-de-laponte/
46,Bumi Perkemahan Coban Manan,4.7,158,Taman ·  · 4F44+RFH,-7.8929275,112.4562485,https://www.google.com/maps/place/Bumi+Perkemahan+Coban+Manan/data=!4m7!3m6!1s0x2e78864bbfab4b59:0xac271e9d59d3f172!8m2!3d-7.8929275!4d112.4562485!16s%2Fg%2F11c0xp3tql!19sChIJWUurv0uGeC4RcvHTWZ0eJ6w?authuser=0&hl=id&rclk=1,3000,matic.malangkab.go.id,https://matic.malangkab.go.id/listing/coban-manan
47,Agrowisata Telaga Madiredo,4.5,1197,Agrowisata Telaga Madiredo,-7.8249722,112.4598137,https://www.google.com/maps/place/Agrowisata+Telaga+Madiredo/data=!4m7!3m6!1s0x2e787d1403b88e53:0x25d4f93ce68092e8!8m2!3d-7.8249722!4d112.4598137!16s%2Fg%2F11hctj91kv!19sChIJU464AxR9eC4R6JKA5jz51CU?authuser=0&hl=id&rclk=1,10000,detik.com,https://www.detik.com/jatim/wisata/d-7342619/harga-tiket-telaga-madiredo-pujon-malang-2024-lokasi-dan-rutenya
48,Cafe Sawah Pujonkidul,4.5,19047,Wisata Umum,-7.8545719,112.4538339,https://www.google.com/maps/place/Cafe+Sawah+Pujonkidul/data=!4m7!3m6!1s0x2e7887d13e8a45af:0x8e78de01de79888f!8m2!3d-7.8545719!4d112.4538339!16s%2Fg%2F11c5hj7jyk!19sChIJr0WKPtGHeC4Rj4h53gHeeI4?authuser=0&hl=id&rclk=1,12500,detik.com,https://www.detik.com/jatim/wisata/d-7319495/cafe-sawah-pujon-kidul-malang-daya-tarik-tiket-masuk-dan-lokasi
49,Watu Gajah PUJON Gussari,4.1,85,Wisata Umum,-7.8623064,112.428148,https://www.google.com/maps/place/Watu+Gajah+PUJON+Gussari/data=!4m7!3m6!1s0x2e7888083d918d85:0xeb73f310561c8ed3!8m2!3d-7.8623064!4d112.428148!16s%2Fg%2F11gcm05cgw!19sChIJhY2RPQiIeC4R044cVhDzc-s?authuser=0&hl=id&rclk=1,20000,niagatour.com,https://niagatour.com/watu-gajah-park/
50,The Roudh 78,4.2,215,Wisata Umum,-7.8549644,112.4541328,https://www.google.com/maps/place/The+Roudh+78/data=!4m7!3m6!1s0x2e78878cbcec08f3:0xd2b94ceae7ea91cb!8m2!3d-7.8549644!4d112.4541328!16s%2Fg%2F11f3bdk5p6!19sChIJ8wjsvIyHeC4Ry5Hq5-pMudI?authuser=0&hl=id&rclk=1,5000,matic.malangkab.go.id,https://matic.malangkab.go.id/listing/the-roudh-78
51,Camping Outbound Pujon Pondok Koeboed,4.9,50,Wisata Umum,-7.8573134,112.4269744,https://www.google.com/maps/place/Camping+Outbound+Pujon+Pondok+Koeboed/data=!4m7!3m6!1s0x2e788926deb00127:0x999d1fffcc58a52e!8m2!3d-7.8573134!4d112.4269744!16s%2Fg%2F11vjvym3qy!19sChIJJwGw3iaJeC4RLqVYzP8fnZk?authuser=0&hl=id&rclk=1,10000,instagram.com,https://www.instagram.com/p/DME2F-2RePp/
52,Rafting Malang,4.2,162,Wisata Umum,-7.8412764,112.4497515,https://www.google.com/maps/place/Rafting+Malang/data=!4m7!3m6!1s0x2e787d5ce2928ea7:0x21ba092757c6f830!8m2!3d-7.8412764!4d112.4497515!16s%2Fg%2F11b73w_mx2!19sChIJp46S4lx9eC4RMPjGVycJuiE?authuser=0&hl=id&rclk=1,5000,erctrans.com,https://erctrans.com/6-rekomendasi-rafting-di-malang-wisata-yang-memacu-adrenaline-anda/
53,Pujon Hill UMM,4.8,47,Wisata Umum,-7.8600808,112.4281403,https://www.google.com/maps/place/Pujon+Hill+UMM/data=!4m7!3m6!1s0x2e788941fd85824b:0x1c53045b7fbdc087!8m2!3d-7.8600808!4d112.4281403!16s%2Fg%2F11ry58mjhv!19sChIJS4KF_UGJeC4Rh8C9f1sEUxw?authuser=0&hl=id&rclk=1,13000,travel.kompas.com,https://travel.kompas.com/read/2024/03/29/123700327/harga-dan-jam-buka-desa-wisata-pujon-kidul-malang
55,Meeting Point Pujon Rafting,4.4,199,Wisata Umum,-7.8396791,112.4497747,https://www.google.com/maps/place/Meeting+Point+Pujon+Rafting/data=!4m7!3m6!1s0x2e787d0dc3c563d9:0xe61030a100b8fe6c!8m2!3d-7.8396791!4d112.4497747!16s%2Fg%2F11gv05tlkg!19sChIJ2WPFww19eC4RbP64AKEwEOY?authuser=0&hl=id&rclk=1,195000,raftingpujon.com,https://www.raftingpujon.com/
56,Wisata Goa Pandawa,4.4,249,Wisata Goa Pandawa,-7.8522618,112.5016023,https://www.google.com/maps/place/Wisata+Goa+Pandawa/data=!4m7!3m6!1s0x2e78875de4555a3f:0x6803be99d56d0bca!8m2!3d-7.8522618!4d112.5016023!16s%2Fg%2F11ddz8xp5j!19sChIJP1pV5F2HeC4Rygtt1Zm-A2g?authuser=0&hl=id&rclk=1,15000,traveloka.com,https://www.traveloka.com/id-id/explore/activities/panduan-wisata-lembah-pandawa-pandaan-ta/336473
57,OYOT ( Obyek Wisata Coban Talun ),4.5,538,Wisata Umum,-7.801779,112.5163031,https://www.google.com/maps/place/OYOT+%28+Obyek+Wisata+Coban+Talun+%29/data=!4m7!3m6!1s0x2e787c2c46659f33:0xc7f89727ae61e702!8m2!3d-7.801779!4d112.5163031!16s%2Fg%2F11f11n46nd!19sChIJM59lRix8eC4RAudhrieX-Mc?authuser=0&hl=id&rclk=1,12000,travelspromo.com,https://travelspromo.com/htm-wisata/coban-talun-kota-batu/
58,Air Terjun Coban Supit Urang,4.2,101,Wisata Umum,-7.7910044,112.4603522,https://www.google.com/maps/place/Air+Terjun+Coban+Supit+Urang/data=!4m7!3m6!1s0x2e787c80abdc5cc5:0xe8ec7bbaa05c885b!8m2!3d-7.7910044!4d112.4603522!16s%2Fg%2F11bw21hqq8!19sChIJxVzcq4B8eC4RW4hcoLp77Og?authuser=0&hl=id&rclk=1,5000,24travel.id,https://24travel.id/coban-supit-urang-malang/?srsltid=AfmBOookMFC0g-yRXhSnt5BH6lNPBoXAuOQJi7IU4LHKpdwMcs7ZnqLs
59,Taman Langit Gunung Banyak,4.6,3295,Taman Langit Gunung Banyak,-7.8545122,112.49805,https://www.google.com/maps/place/Taman+Langit+Gunung+Banyak/data=!4m7!3m6!1s0x2e7887676b453f41:0xb3bb427b64aa4b7b!8m2!3d-7.8545122!4d112.49805!16s%2Fg%2F11fx8wgpsc!19sChIJQT9Fa2eHeC4Re0uqZHtCu7M?authuser=0&hl=id&rclk=1,20000,travelspromo.com,https://travelspromo.com/htm-wisata/taman-langit-malang/
60,Pantai Seling Ombo ꦥꦼꦱꦶꦱꦶꦂꦱꦼꦭꦶꦁꦄꦩ꧀ꦧ,4.5,132,Pantai Seling Ombo ꦥꦼꦱꦶꦱꦶꦂꦱꦼꦭꦶꦁꦄꦩ꧀ꦧ,-8.3957947,112.4573821,https://www.google.com/maps/place/Pantai+Seling+Ombo+%EA%A6%A5%EA%A6%BC%EA%A6%B1%EA%A6%B6%EA%A6%B1%EA%A6%B6%EA%A6%82%EA%A6%B1%EA%A6%BC%EA%A6%AD%EA%A6%B6%EA%A6%81%EA%A6%84%EA%A6%A9%EA%A7%80%EA%A6%A7/data=!4m7!3m6!1s0x2e78ae41354ba21d:0x24e9821bb4985309!8m2!3d-8.3957947!4d112.4573821!16s%2Fg%2F11cn0pq0sn!19sChIJHaJLNUGueC4RCVOYtBuC6SQ?authuser=0&hl=id&rclk=1,10000,kumparan.com,https://kumparan.com/jendela-dunia/catat-ini-harga-tiket-masuk-pantai-seling-ombo-di-malang-yang-perlu-kamu-tahu-1yJ6pMMYdhL
61,Taman Bendungan Karang Kates,4.2,343,Taman Bendungan Karang Kates,-8.1560014,112.4485596,https://www.google.com/maps/place/Taman+Bendungan+Karang+Kates/data=!4m7!3m6!1s0x2e789811991ac77f:0x2058918493562e2!8m2!3d-8.1560014!4d112.4485596!16s%2Fg%2F11c1n2gmc1!19sChIJf8camRGYeC4R4mI1SRiJBQI?authuser=0&hl=id&rclk=1,7000,travelspromo.com,https://travelspromo.com/htm-wisata/waduk-karangkates/
62,Wisata Mahoni Dempok,4.4,1128,Wisata Mahoni Dempok,-8.1886512,112.5278904,https://www.google.com/maps/place/Wisata+Mahoni+Dempok/data=!4m7!3m6!1s0x2e78a18502f9f001:0x8429a8f52e3630a0!8m2!3d-8.1886512!4d112.5278904!16s%2Fg%2F11ht18zljw!19sChIJAfD5AoWheC4RoDA2LvWoKYQ?authuser=0&hl=id&rclk=1,3000,instagram.com,https://www.instagram.com/mahonidempok/
63,Taman Wisata Lahor,4.4,309,Taman Wisata Lahor,-8.1485236,112.4519871,https://www.google.com/maps/place/Taman+Wisata+Lahor/data=!4m7!3m6!1s0x2e789945779f9313:0x4cda8619a0031580!8m2!3d-8.1485236!4d112.4519871!16s%2Fg%2F11q4k8b9fg!19sChIJE5Ofd0WZeC4RgBUDoBmG2kw?authuser=0&hl=id&rclk=1,7000,24travel.id,https://24travel.id/bendungan-lahor-malang/?srsltid=AfmBOoqO_PStay1a6DrYKc7A1nQEYGwuV77injgChoKJVKwIASbp7d0L
64,Taman Wisata Karangkates,4.1,769,Taman Wisata Karangkates,-8.1568858,112.4501401,https://www.google.com/maps/place/Taman+Wisata+Karangkates/data=!4m7!3m6!1s0x2e789815863692a3:0x9be55e8110f5a9cd!8m2!3d-8.1568858!4d112.4501401!16s%2Fg%2F1hm5dfx6l!19sChIJo5I2hhWYeC4Rzan1EIFe5Zs?authuser=0&hl=id&rclk=1,7000,travelspromo.com,https://travelspromo.com/htm-wisata/waduk-karangkates/
65,Wisata Naik Perahu,4.2,158,Wisata Naik Perahu,-8.1854574,112.496092,https://www.google.com/maps/place/Wisata+Naik+Perahu/data=!4m7!3m6!1s0x2e78a26dc7de856f:0x4169bfab8c59ae6f!8m2!3d-8.1854574!4d112.496092!16s%2Fg%2F11d_78wm5f!19sChIJb4Xex22ieC4Rb65ZjKu_aUE?authuser=0&hl=id&rclk=1,75000,home.hawaigroup.id,https://home.hawaigroup.id/info-harga-tiket-masuk-malang-night-paradise-2025/
66,Wisata Edukasi Jowaran,4.6,38,Wisata Edukasi Jowaran,-8.1011928,112.4648687,https://www.google.com/maps/place/Wisata+Edukasi+Jowaran/data=!4m7!3m6!1s0x2e78996b5e7cfcd5:0xd437288d9440ff24!8m2!3d-8.1011928!4d112.4648687!16s%2Fg%2F11hz8f7jvm!19sChIJ1fx8XmuZeC4RJP9AlI0oN9Q?authuser=0&hl=id&rclk=1,15000,matic.malangkab.go.id,https://matic.malangkab.go.id/listing/desa-wisata-jambuwer
67,Bendungan Karangkates,4.5,1628,Tujuan Wisata · RCVX+794,-8.1568593,112.4484603,https://www.google.com/maps/place/Bendungan+Karangkates/data=!4m7!3m6!1s0x2e7899a9d76b816d:0x174ccf3ed5796b61!8m2!3d-8.1568593!4d112.4484603!16s%2Fg%2F11fq_3zcq9!19sChIJbYFr16mZeC4RYWt51T7PTBc?authuser=0&hl=id&rclk=1,7000,travelspromo.com,https://travelspromo.com/htm-wisata/waduk-karangkates/
68,Taman Suko,4.3,112,Taman Suko,-8.1880996,112.4545674,https://www.google.com/maps/place/Taman+Suko/data=!4m7!3m6!1s0x2e78a3012601d8fd:0x8f13f371037ce8eb!8m2!3d-8.1880996!4d112.4545674!16s%2Fg%2F11hz3cdbzl!19sChIJ_dgBJgGjeC4R6-h8A3HzE48?authuser=0&hl=id&rclk=1,29000,goersapp.com,https://www.goersapp.com/blog/wisata-malang/
69,Kolam Renang Centil,4.9,30,Kolam Renang Centil,-8.1966867,112.4060164,https://www.google.com/maps/place/Kolam+Renang+Centil/data=!4m7!3m6!1s0x2e78bd9816c157ef:0x96bad4feb31f14e0!8m2!3d-8.1966867!4d112.4060164!16s%2Fg%2F11swzl95gt!19sChIJ71fBFpi9eC4R4BQfs_7UupY?authuser=0&hl=id&rclk=1,15000,instagram.com,https://www.instagram.com/reel/DRrgV2GEoX7/
70,THR SUMBERDUREN KECOPOKAN,4.4,144,Wisata Umum,-8.1850538,112.4963026,https://www.google.com/maps/place/THR+SUMBERDUREN+KECOPOKAN/data=!4m7!3m6!1s0x2e78a307eb46f091:0x3ef3c7c4ce79a86b!8m2!3d-8.1850538!4d112.4963026!16s%2Fg%2F11j239vxvc!19sChIJkfBG6wejeC4Ra6h5zsTH8z4?authuser=0&hl=id&rclk=1,3000,id.trip.com,https://id.trip.com/travel-guide/attraction/sumberpucung/thr-sumberduren-kecopokan-137274036/
71,Wisata Rajut indah,4.4,140,Wisata Rajut indah,-8.1913509,112.4966456,https://www.google.com/maps/place/Wisata+Rajut+indah/data=!4m7!3m6!1s0x2e78a26a4c8a1199:0x872e7f67ead94993!8m2!3d-8.1913509!4d112.4966456!16s%2Fg%2F11hd21pvx_!19sChIJmRGKTGqieC4Rk0nZ6md_Loc?authuser=0&hl=id&rclk=1,15000,instagram.com,https://www.instagram.com/reel/DKevwxKT9tW/
72,Bendungan Sutami Perum Jasa Tirta I,4.5,135,Wisata Umum,-8.1586163,112.4471638,https://www.google.com/maps/place/Bendungan+Sutami+Perum+Jasa+Tirta+I/data=!4m7!3m6!1s0x2e7898141fc6bde9:0x6d968965d2a6f139!8m2!3d-8.1586163!4d112.4471638!16s%2Fg%2F11b6bjf33c!19sChIJ6b3GHxSYeC4ROfGm0mWJlm0?authuser=0&hl=id&rclk=1,5600,outboundindonesia.com,https://www.outboundindonesia.com/taman-wisata-bendungan-sutami/
73,Karangkates Selatan,4.4,58,Wisata Umum,-8.1640077,112.4457409,https://www.google.com/maps/place/Karangkates+Selatan/data=!4m7!3m6!1s0x2e78990218a69d0f:0x82c4f7b950333e89!8m2!3d-8.1640077!4d112.4457409!16s%2Fg%2F11n_zj_7_3!19sChIJD52mGAKZeC4RiT4zULn3xII?authuser=0&hl=id&rclk=1,7000,travelspromo.com,https://travelspromo.com/htm-wisata/waduk-karangkates/
74,Kebun Buah Naga,3.7,56,Wisata Umum,-8.1737827,112.3736043,https://www.google.com/maps/place/Kebun+Buah+Naga/data=!4m7!3m6!1s0x2e78962ee95a7d87:0xdc7fd3b163968c85!8m2!3d-8.1737827!4d112.3736043!16s%2Fg%2F11b6txfkt5!19sChIJh31a6S6WeC4RhYyWY7HTf9w?authuser=0&hl=id&rclk=1,10000,instagram.com,https://www.instagram.com/p/DOH-qO6AS7-/?hl=id
75,Waduk Karangkates,4.3,558,Tujuan Wisata · RCQW+WQ2,-8.1602398,112.4468805,https://www.google.com/maps/place/Waduk+Karangkates/data=!4m7!3m6!1s0x2e78984055555555:0xf2bae052ef2aabbe!8m2!3d-8.1602398!4d112.4468805!16s%2Fg%2F11bv3mrrf7!19sChIJVVVVVUCYeC4Rvqsq71LguvI?authuser=0&hl=id&rclk=1,7000,travelspromo.com,https://travelspromo.com/htm-wisata/waduk-karangkates/
76,Lahor Reservoir Bridge,4.6,42,Wisata Umum,-8.1466014,112.4514182,https://www.google.com/maps/place/Lahor+Reservoir+Bridge/data=!4m7!3m6!1s0x2e7899f37c4e15e5:0xf5f16a971ee4b227!8m2!3d-8.1466014!4d112.4514182!16s%2Fg%2F11n0znhkvd!19sChIJ5RVOfPOZeC4RJ7LkHpdq8fU?authuser=0&hl=id&rclk=1,3000,instagram.com,https://www.instagram.com/p/DTtyhVjk4kd/
77,Wisata Umbulan Tanaka,4.5,1361,Wisata Umbulan Tanaka,-8.0850019,112.4980953,https://www.google.com/maps/place/Wisata+Umbulan+Tanaka/data=!4m7!3m6!1s0x2e789ba32f4ae5b3:0x370859eb1bd21d56!8m2!3d-8.0850019!4d112.4980953!16s%2Fg%2F11lwdhxz13!19sChIJs-VKL6ObeC4RVh3SG-tZCDc?authuser=0&hl=id&rclk=1,5000,traveloka.com,https://www.traveloka.com/id-id/explore/activities/wisata-umbulan-tanaka-di-malang-ta/614406
78,Taman Refugia Jati (KOPI SAUNG),4.3,64,Taman Refugia Jati (KOPI SAUNG),-8.0970426,112.5892391,https://www.google.com/maps/place/Taman+Refugia+Jati+%28KOPI+SAUNG%29/data=!4m7!3m6!1s0x2e789f8baebf974d:0xbd96f94a64b51ac6!8m2!3d-8.0970426!4d112.5892391!16s%2Fg%2F11j7yzdvxt!19sChIJTZe_roufeC4Rxhq1ZEr5lr0?authuser=0&hl=id&rclk=1,0,id.trip.com,https://id.trip.com/travel-guide/attraction/kepanjen/taman-refugia-jati-136982718
79,WISATA WATERFALL TANAKA,4.6,1290,WISATA WATERFALL TANAKA,-8.0849375,112.4980625,https://www.google.com/maps/place/WISATA+WATERFALL+TANAKA/data=!4m7!3m6!1s0x2e789bab2e0b046d:0x4cc49923bb7f79b6!8m2!3d-8.0849375!4d112.4980625!16s%2Fg%2F11nrw7lz8y!19sChIJbQQLLqubeC4Rtnl_uyOZxEw?authuser=0&hl=id&rclk=1,5000,traveloka.com,https://www.traveloka.com/id-id/explore/activities/wisata-umbulan-tanaka-di-malang-ta/614406
80,Wisata paralayang,4.7,8695,Wisata paralayang,-7.8550565,112.4967558,https://www.google.com/maps/place/Wisata+paralayang/data=!4m7!3m6!1s0x2e787d7fac36d4ad:0x99e9433454cc141!8m2!3d-7.8550565!4d112.4967558!16s%2Fg%2F11fkn151xv!19sChIJrdQ2rH99eC4RQcFMRTOUngk?authuser=0&hl=id&rclk=1,20000,travelmalang.id,https://www.travelmalang.id/info-wisata-paralayang-omah-kayu-dan-taman-langit/
81,Omah Kayu Gunung Banyak,4.4,1879,Omah Kayu Gunung Banyak,-7.8549492,112.4978051,https://www.google.com/maps/place/Omah+Kayu+Gunung+Banyak/data=!4m7!3m6!1s0x2e788767ad6b5f41:0x3d3ec4a43a5e9126!8m2!3d-7.8549492!4d112.4978051!16s%2Fg%2F11c2l1q56m!19sChIJQV9rrWeHeC4RJpFeOqTEPj0?authuser=0&hl=id&rclk=1,5000,travelspromo.com,https://travelspromo.com/htm-wisata/omah-kayu-kota-batu/
82,Puncak Gunung Banyak/paralayang,4.5,532,Puncak Gunung Banyak/paralayang,-7.8549572,112.4963794,https://www.google.com/maps/place/Puncak+Gunung+Banyak%2Fparalayang/data=!4m7!3m6!1s0x2e7887664181c1df:0xaa4fcb544c217e8d!8m2!3d-7.8549572!4d112.4963794!16s%2Fg%2F11c6f0xg_l!19sChIJ38GBQWaHeC4RjX4hTFTLT6o?authuser=0&hl=id&rclk=1,15000,kayanaprimawisata.co.id,https://www.kayanaprimawisata.co.id/artikel/paralayang-batu-malang/
83,Pantai Kondang Sugu ꦥꦼꦱꦶꦱꦶꦂꦏꦺꦴꦤ꧀ꦢꦁꦱꦸꦔꦸ,4.5,43,Pantai Kondang Sugu ꦥꦼꦱꦶꦱꦶꦂꦏꦺꦴꦤ꧀ꦢꦁꦱꦸꦔꦸ,-8.3956114,112.5106505,https://www.google.com/maps/place/Pantai+Kondang+Sugu+%EA%A6%A5%EA%A6%BC%EA%A6%B1%EA%A6%B6%EA%A6%B1%EA%A6%B6%EA%A6%82%EA%A6%8F%EA%A6%BA%EA%A6%B4%EA%A6%A4%EA%A7%80%EA%A6%A2%EA%A6%81%EA%A6%B1%EA%A6%B8%EA%A6%94%EA%A6%B8/data=!4m7!3m6!1s0x2e78aec7ba9f0ddd:0x2c014c9f0fa03637!8m2!3d-8.3956114!4d112.5106505!16s%2Fg%2F11cmsfhr3z!19sChIJ3Q2fuseueC4RNzagD59MASw?authuser=0&hl=id&rclk=1,10000,travelspromo.com,https://travelspromo.com/htm-wisata/pantai-kondang-merak-malang/
84,Wisata Sumber Songo,4.4,220,Wisata Sumber Songo,-8.1714408,112.5494618,https://www.google.com/maps/place/Wisata+Sumber+Songo/data=!4m7!3m6!1s0x2e78a1e66024ed9f:0xefeea391c2075058!8m2!3d-8.1714408!4d112.5494618!16s%2Fg%2F11fs8g6_08!19sChIJn-0kYOaheC4RWFAHwpGj7u8?authuser=0&hl=id&rclk=1,8000,traveloka.com,https://www.traveloka.com/id-id/explore/destination/tempat-wisata-di-kepanjen-malang-untuk-healing-acc/1002055
85,Pemancingan Bon Watu,4.5,54,Tujuan Wisata · ,-8.1832286,112.4924734,https://www.google.com/maps/place/Pemancingan+Bon+Watu/data=!4m7!3m6!1s0x2e78a3e7f3f5e1db:0x9f3eddf043a0aafe!8m2!3d-8.1832286!4d112.4924734!16s%2Fg%2F11r2_hw324!19sChIJ2-H18-ejeC4R_qqgQ_DdPp8?authuser=0&hl=id&rclk=1,25000,youtube.com,https://www.youtube.com/watch?v=pC4TVsVQmcQ
86,Coban Manten,4.1,33,Tujuan Wisata · ,-7.8996567,112.4741847,https://www.google.com/maps/place/Coban+Manten/data=!4m7!3m6!1s0x2e788656116c4e93:0xd5c26831aa09481e!8m2!3d-7.8996567!4d112.4741847!16s%2Fg%2F11bzvv1115!19sChIJk05sEVaGeC4RHkgJqjFowtU?authuser=0&hl=id&rclk=1,15000,matic.malangkab.go.id,https://matic.malangkab.go.id/listing/coban-manten
87,Gussari Goa Pinus Batu,4.2,2246,Wisata Umum,-7.8480284,112.4940029,https://www.google.com/maps/place/Gussari+Goa+Pinus+Batu/data=!4m7!3m6!1s0x2e7887622e344d61:0xd26d24d63bbbe912!8m2!3d-7.8480284!4d112.4940029!16s%2Fg%2F11csqd675p!19sChIJYU00LmKHeC4REum7O9YkbdI?authuser=0&hl=id&rclk=1,10000,surabaya.kompas.com,https://surabaya.kompas.com/read/2022/12/16/225621078/goa-pinus-di-kota-batu-daya-tarik-harga-tiket-jam-buka-dan-rute
88,Taman Rekreasi Selecta,4.5,39510,Taman Rekreasi Selecta,-7.8191461,112.5263606,https://www.google.com/maps/place/Taman+Rekreasi+Selecta/data=!4m7!3m6!1s0x2e787e762e0d9487:0xb8804cabf1c12b40!8m2!3d-7.8191461!4d112.5263606!16s%2Fg%2F11b7rnf310!19sChIJh5QNLnZ-eC4RQCvB8atMgLg?authuser=0&hl=id&rclk=1,50000,instagram.com,https://www.instagram.com/tamanrekreasiselecta/?hl=id
89,wisata coban talun,4.5,2481,wisata coban talun,-7.8016938,112.5163453,https://www.google.com/maps/place/wisata+coban+talun/data=!4m7!3m6!1s0x2e787e76eb8ad02b:0xe0eeeb9d29d45786!8m2!3d-7.8016938!4d112.5163453!16s%2Fg%2F11b6d7dr4d!19sChIJK9CK63Z-eC4RhlfUKZ3r7uA?authuser=0&hl=id&rclk=1,12000,travelspromo.com,https://travelspromo.com/htm-wisata/coban-talun-kota-batu/
90,Wisata Dusun & Kuliner,4.6,1746,Wisata Dusun & Kuliner,-7.7963635,112.5219051,https://www.google.com/maps/place/Wisata+Dusun+%26+Kuliner/data=!4m7!3m6!1s0x2e787d6690d787ef:0xebf5f0303edee9e9!8m2!3d-7.7963635!4d112.5219051!16s%2Fg%2F11tmjn4xvd!19sChIJ74fXkGZ9eC4R6enePjDw9es?authuser=0&hl=id&rclk=1,20000,goersapp.com,https://www.goersapp.com/blog/wisata-dusun-kuliner-batu/
91,Pantai Ngentup,4.7,809,Pantai Ngentup,-8.3959293,112.5176976,https://www.google.com/maps/place/Pantai+Ngentup/data=!4m7!3m6!1s0x2e78afaeba1622c5:0xfb4f9457885abf03!8m2!3d-8.3959293!4d112.5176976!16s%2Fg%2F11fnszq1pl!19sChIJxSIWuq6veC4RA79aiFeUT_s?authuser=0&hl=id&rclk=1,10000,24travel.id,https://24travel.id/pantai-ngentup-malang/?srsltid=AfmBOoo-OAt9FjvzzNTBqUb3zhMjGqhetlLJBEjluAxXT4lXc2tOA7ZY
92,Pantai Balekambang Malang,4.5,2601,Pantai Balekambang Malang,-8.4031095,112.5358953,https://www.google.com/maps/place/Pantai+Balekambang+Malang/data=!4m7!3m6!1s0x2e78a95187762735:0xbb9e06e07f2f998!8m2!3d-8.4031095!4d112.5358953!16s%2Fg%2F11mw7pswd4!19sChIJNSd2h1GpeC4RmPnyB27guQs?authuser=0&hl=id&rclk=1,20000,travelspromo.com,https://travelspromo.com/htm-wisata/pantai-balekambang-malang/
93,Lembah BIDADARI,4.3,40,"""Warung di lengkapi wifi",-8.3148715,112.5045474,https://www.google.com/maps/place/Lembah+BIDADARI/data=!4m7!3m6!1s0x2e78a5f24742e5bb:0x9c021d4c1d2bf282!8m2!3d-8.3148715!4d112.5045474!16s%2Fg%2F11fmxzfvq5!19sChIJu-VCR_KleC4RgvIrHUwdApw?authuser=0&hl=id&rclk=1,10000,kitalulus.com,https://www.kitalulus.com/blog/gaya-hidup/tempat-wisata-di-malang
94,Danau Dawuhan - Senggreng,4.2,316,Wisata Umum,-8.163686,112.509468,https://www.google.com/maps/place/Danau+Dawuhan+-+Senggreng/data=!4m7!3m6!1s0x2e7898a4e067dc3b:0xed8ed28786fddc57!8m2!3d-8.163686!4d112.509468!16s%2Fg%2F11gg5nyltz!19sChIJO9xn4KSYeC4RV9z9hofSju0?authuser=0&hl=id&rclk=1,10000,matic.malangkab.go.id,https://matic.malangkab.go.id/listing/desa-wisata-senggreng
95,TPA WISATA EDUKASI TALANGAGUNG,4.2,182,TPA WISATA EDUKASI TALANGAGUNG,-8.1206864,112.5611182,https://www.google.com/maps/place/TPA+WISATA+EDUKASI+TALANGAGUNG/data=!4m7!3m6!1s0x2e789efa869308a9:0xafc2b965c8d28679!8m2!3d-8.1206864!4d112.5611182!16s%2Fg%2F11c1l99z3l!19sChIJqQiThvqeeC4ReYbSyGW5wq8?authuser=0&hl=id&rclk=1,15000,erctrans.com,https://erctrans.com/wisata-kepanjen-malang/
96,Wisata Center NANAS,4.4,74,Wisata Center NANAS,-8.112142,112.5508047,https://www.google.com/maps/place/Wisata+Center+NANAS/data=!4m7!3m6!1s0x2e789fdf03422ce1:0xadf234f1a2c18247!8m2!3d-8.112142!4d112.5508047!16s%2Fg%2F11jwxndyll!19sChIJ4SxCA9-feC4RR4LBovE08q0?authuser=0&hl=id&rclk=1,2000,matic.malangkab.go.id,https://matic.malangkab.go.id/listing/wisata-center-nanas
97,Wisata pemacingan liar Kecopokan,4.1,22,Wisata pemacingan liar Kecopokan,-8.186217,112.4941967,https://www.google.com/maps/place/Wisata+pemacingan+liar+Kecopokan/data=!4m7!3m6!1s0x2e78a36079de83b9:0x4166215dc104f728!8m2!3d-8.186217!4d112.4941967!16s%2Fg%2F11p5qdm328!19sChIJuYPeeWCjeC4RKPcEwV0hZkE?authuser=0&hl=id&rclk=1,15000,jawapos.com,https://www.jawapos.com/travelling/2605160225/mancing-mania-ini-19-spot-pemancingan-yang-ramai-diburu-di-malang-cocok-buat-isi-waktu-liburan?page=all
98,Eko Wisata Lembah Dilem,4.5,101,Eko Wisata Lembah Dilem,-8.1148582,112.5665263,https://www.google.com/maps/place/Eko+Wisata+Lembah+Dilem/data=!4m7!3m6!1s0x2e789f7b92ca8fb5:0x20f6b17dd5edd12c!8m2!3d-8.1148582!4d112.5665263!16s%2Fg%2F11gxhhzw_y!19sChIJtY_KknufeC4RLNHt1X2x9iA?authuser=0&hl=id&rclk=1,5000,serayunusantara.com,https://serayunusantara.com/wisata-lembah-dilem-malang-destinasi-alam-murah-dengan-konsep-kejujuran/
99,Kolam renang Sukamaju,4.6,30,Kolam renang Sukamaju,-8.1617439,112.4713313,https://www.google.com/maps/place/Kolam+renang+Sukamaju/data=!4m7!3m6!1s0x2e7899d9fba57377:0x8568f8b6258d5535!8m2!3d-8.1617439!4d112.4713313!16s%2Fg%2F11k46j1fht!19sChIJd3Ol-9mZeC4RNVWNJbb4aIU?authuser=0&hl=id&rclk=1,10000,radarbatu.jawapos.com,https://radarbatu.jawapos.com/wisata-kuliner/2408200001/sensasi-berenang-di-kawasan-pakisaji-wisata-air-hemat-dengan-harga-bersahabat
100,Milkindo Green Farm,4.4,1810,Tujuan Wisata · ,-8.1676223,112.5712657,https://www.google.com/maps/place/Milkindo+Green+Farm/data=!4m7!3m6!1s0x2e789f7fed84d557:0x8cb1272e7b6fdff4!8m2!3d-8.1676223!4d112.5712657!16s%2Fg%2F11css6fcck!19sChIJV9WE7X-feC4R9N9vey4nsYw?authuser=0&hl=id&rclk=1,10000,atourin.com,https://atourin.com/destination/malang/milkindo-green-farm
101,Sumber Man Sari,4.6,75,Tujuan Wisata · VG48+6PW,-8.1443958,112.5168171,https://www.google.com/maps/place/Sumber+Man+Sari/data=!4m7!3m6!1s0x2e7899eee17c4a01:0x54a13025b1bd881b!8m2!3d-8.1443958!4d112.5168171!16s%2Fg%2F11t4wp7s_y!19sChIJAUp84e6ZeC4RG4i9sSUwoVQ?authuser=0&hl=id&rclk=1,3000,radarbatu.jawapos.com,https://radarbatu.jawapos.com/wisata-kuliner/2405230005/panduan-lengkap-2-wisata-sumber-air-di-kabupaten-malang-harga-tiket-masuk-lokasi-rute-perjalanan-dan-tips
102,Embung Peniwen,4.5,30,Tujuan Wisata · WF3C+FQ,-8.0963125,112.4719375,https://www.google.com/maps/place/Embung+Peniwen/data=!4m7!3m6!1s0x2e78995fe19907f1:0xe89a0ea56378ec19!8m2!3d-8.0963125!4d112.4719375!16s%2Fg%2F11s5p469_v!19sChIJ8QeZ4V-ZeC4RGex4Y6UOmug?authuser=0&hl=id&rclk=1,2000,travelspromo.com,https://travelspromo.com/htm-wisata/sumber-umbulan-malang/
103,Taman Puspa Kepanjen,4.0,669,Taman Puspa Kepanjen,-8.1054702,112.5657003,https://www.google.com/maps/place/Taman+Puspa+Kepanjen/data=!4m7!3m6!1s0x2e789e8c6f8838a1:0x599d83f0337767cf!8m2!3d-8.1054702!4d112.5657003!16s%2Fg%2F11ddx_h58y!19sChIJoTiIb4yeeC4Rz2d3M_CDnVk?authuser=0&hl=id&rclk=1,5000,malangraya.pikiran-rakyat.com,https://malangraya.pikiran-rakyat.com/kabupaten/pr-3627585766/referensi-tempat-wisata-di-kepanjen-malang-lokasi-dan-harga-tiket-masuk?page=all
104,Sumber Alam Ambya'an Desa Wisata Jambuwer,4.5,23,Wisata Umum,-8.0889835,112.4644393,https://www.google.com/maps/place/Sumber+Alam+Ambya%27an+Desa+Wisata+Jambuwer/data=!4m7!3m6!1s0x2e789b5835a8e92d:0x43301221813e0239!8m2!3d-8.0889835!4d112.4644393!16s%2Fg%2F11jfdwjhdl!19sChIJLemoNVibeC4ROQI-gSESMEM?authuser=0&hl=id&rclk=1,5000,instagram.com,https://www.instagram.com/reel/DW8zG5QkVch/
105,Desa Wisata Bangelan,4.2,151,Desa Wisata Bangelan,-8.1015947,112.4943446,https://www.google.com/maps/place/Desa+Wisata+Bangelan/data=!4m7!3m6!1s0x2e789968831f00e1:0x1702359500813cd5!8m2!3d-8.1015947!4d112.4943446!16s%2Fg%2F11bx1j4ccq!19sChIJ4QAfg2iZeC4R1TyBAJU1Ahc?authuser=0&hl=id&rclk=1,5000,traveloka.com,https://www.traveloka.com/id-id/explore/activities/wisata-umbulan-tanaka-di-malang-ta/614406
106,Wisata alam Lembah Ken Arok,4.3,151,Wisata alam Lembah Ken Arok,-8.0304393,112.5645138,https://www.google.com/maps/place/Wisata+alam+Lembah+Ken+Arok/data=!4m7!3m6!1s0x2e789ce77e9248f7:0x73a7b1e229c522e5!8m2!3d-8.0304393!4d112.5645138!16s%2Fg%2F11bw3dqrft!19sChIJ90iSfueceC4R5SLFKeKxp3M?authuser=0&hl=id&rclk=1,20000,newsmaker.tribunnews.com,https://newsmaker.tribunnews.com/2025/06/04/malang-jatim-punya-wisata-alam-sesejuk-ini-bisa-petik-sayur-hidroponik-1-jam-an-dari-gor-ken-arok
107,Keraton Gunung Kawi,4.4,1387,Keraton Gunung Kawi,-8.0027708,112.4860023,https://www.google.com/maps/place/Keraton+Gunung+Kawi/data=!4m7!3m6!1s0x2e7884d05710201b:0x65fbb1f8c7e24cf2!8m2!3d-8.0027708!4d112.4860023!16s%2Fg%2F1hm379zxg!19sChIJGyAQV9CEeC4R8kzix_ix-2U?authuser=0&hl=id&rclk=1,10000,traveloka.com,https://www.traveloka.com/id-id/explore/destination/keraton-gunung-kawi-sejarah-lokasi-harga-tiket-masuk-gt/515816
108,Wisata Agro Selo Tumpeng (ꦮꦶꦱꦠꦱꦺꦭꦠꦸꦩ꧀ꦥꦁ),4.1,129,Wisata Agro Selo Tumpeng (ꦮꦶꦱꦠꦱꦺꦭꦠꦸꦩ꧀ꦥꦁ),-8.0283358,112.4874322,https://www.google.com/maps/place/Wisata+Agro+Selo+Tumpeng+%28%EA%A6%AE%EA%A6%B6%EA%A6%B1%EA%A6%A0%EA%A6%B1%EA%A6%BA%EA%A6%AD%EA%A6%A0%EA%A6%B8%EA%A6%A9%EA%A7%80%EA%A6%A5%EA%A6%81%29/data=!4m7!3m6!1s0x2e789b3c81aaaaaf:0xbd1436b2bc4c88c1!8m2!3d-8.0283358!4d112.4874322!16s%2Fg%2F11d_8h6z21!19sChIJr6qqgTybeC4RwYhMvLI2FL0?authuser=0&hl=id&rclk=1,10000,instagram.com,https://www.instagram.com/p/DOH-qO6AS7-/?hl=id
109,Coban Baung ꦕꦺꦴꦧꦤ꧀ꦧꦈꦁ,4.3,112,Wisata Umum,-8.0321811,112.5000568,https://www.google.com/maps/place/Coban+Baung+%EA%A6%95%EA%A6%BA%EA%A6%B4%EA%A6%A7%EA%A6%A4%EA%A7%80%EA%A6%A7%EA%A6%88%EA%A6%81/data=!4m7!3m6!1s0x2e789b152fa53ead:0x8d1223b2fd3c3fa1!8m2!3d-8.0321811!4d112.5000568!16s%2Fg%2F11cp64gk5q!19sChIJrT6lLxWbeC4RoT88_bIjEo0?authuser=0&hl=id&rclk=1,5000,paketwisatabromo.co.id,https://www.paketwisatabromo.co.id/coban-baung/
110,HUTAN KAWI & BASECAMP PUNCAK BATU TULIS,4.4,1190,Wisata Umum,-8.0005001,112.5083635,https://www.google.com/maps/place/HUTAN+KAWI+%26+BASECAMP+PUNCAK+BATU+TULIS/data=!4m7!3m6!1s0x2e7884b0eb08fff5:0xf9e7aaf1fcbde57d!8m2!3d-8.0005001!4d112.5083635!16s%2Fg%2F11gdmf53xm!19sChIJ9f8I67CEeC4RfeW9_PGq5_k?authuser=0&hl=id&rclk=1,7000,destinasijawatimur.blogspot.com,http://destinasijawatimur.blogspot.com/2019/07/gunung-kawi-puncak-batu-tulis-via-precet.html
111,Coban Baung,4.2,195,Wisata Umum,-8.0288736,112.4981298,https://www.google.com/maps/place/Coban+Baung/data=!4m7!3m6!1s0x2e789b3fc80d4ef7:0x4a5df2ade4b2a50d!8m2!3d-8.0288736!4d112.4981298!16s%2Fg%2F11dykm0nkh!19sChIJ904NyD-beC4RDaWy5K3yXUo?authuser=0&hl=id&rclk=1,5000,traveloka.com,https://www.traveloka.com/id-id/explore/destination/air-terjun-coban-baung-trp/463777
112,WISATA AIR SUMBER UMBULAN,4.9,31,WISATA AIR SUMBER UMBULAN,-8.0481907,112.5279553,https://www.google.com/maps/place/WISATA+AIR+SUMBER+UMBULAN/data=!4m7!3m6!1s0x2e789dc4363c61ff:0x6f68432837fd02b!8m2!3d-8.0481907!4d112.5279553!16s%2Fg%2F11v3vb3ntf!19sChIJ_2E8NsSdeC4RK9B_gzKE9gY?authuser=0&hl=id&rclk=1,2000,travelspromo.com,https://travelspromo.com/htm-wisata/sumber-umbulan-malang/
113,Air Terjun Coban Glotak,4.5,995,Wisata Umum,-7.9821112,112.5211667,https://www.google.com/maps/place/Air+Terjun+Coban+Glotak/data=!4m7!3m6!1s0x2e7882d200baf25f:0xe635f89598cb46c0!8m2!3d-7.9821112!4d112.5211667!16s%2Fg%2F11b6_j27ff!19sChIJX_K6ANKCeC4RwEbLmJX4NeY?authuser=0&hl=id&rclk=1,4000,surabaya.kompas.com,https://surabaya.kompas.com/read/2024/08/09/221939878/coban-glotak-di-malang-daya-tarik-harga-tiket-dan-rute
114,Wisata Alam Lembah Gunung Sari Desa Kucur,4.5,439,Wisata Umum,-7.9630258,112.5556656,https://www.google.com/maps/place/Wisata+Alam+Lembah+Gunung+Sari+Desa+Kucur/data=!4m7!3m6!1s0x2e7883fe85d50557:0xe33a8f39634da75c!8m2!3d-7.9630258!4d112.5556656!16s%2Fg%2F11h3sn99ds!19sChIJVwXVhf6DeC4RXKdNYzmPOuM?authuser=0&hl=id&rclk=1,10000,idntimes.com,https://www.idntimes.com/travel/destination/fat-wisata-alam-lembah-gunung-sari-malang-lokasi-rute-htm-dan-tipsnya-c1c2-01-8rdny-57kyfn
115,Perhutani Precet Lereng Gunung Kawi,4.2,154,Perhutani Precet Lereng Gunung Kawi,-8.0012359,112.5076674,https://www.google.com/maps/place/Perhutani+Precet+Lereng+Gunung+Kawi/data=!4m7!3m6!1s0x2e7884b0db970399:0xb92c615b6410b209!8m2!3d-8.0012359!4d112.5076674!16s%2Fg%2F11bxb9hqm3!19sChIJmQOX27CEeC4RCbIQZFthLLk?authuser=0&hl=id&rclk=1,5000,travel.kompas.com,https://travel.kompas.com/read/2024/01/20/070700127/precet-forest-park-malang-sensasi-camping-di-hutan-pinus-kaki-gunung-kawi
116,"Pondok Wisata Latar Ombo ""L.O.""",4.5,291,"Pondok Wisata Latar Ombo ""L.O.""",-7.9780562,112.5617927,https://www.google.com/maps/place/Pondok+Wisata+Latar+Ombo+%22L.O.%22/data=!4m7!3m6!1s0x2e78836d7c3805b3:0xd264311eac23553c!8m2!3d-7.9780562!4d112.5617927!16s%2Fg%2F11fn1tyc48!19sChIJswU4fG2DeC4RPFUjrB4xZNI?authuser=0&hl=id&rclk=1,10000,instagram.com,https://www.instagram.com/latarombo1/
117,Embung Babadan ꦄꦼꦩ꧀ꦧꦸꦁꦧꦧꦢꦤ꧀,4.0,22,Wisata Umum,-8.0296631,112.5357264,https://www.google.com/maps/place/Embung+Babadan+%EA%A6%84%EA%A6%BC%EA%A6%A9%EA%A7%80%EA%A6%A7%EA%A6%B8%EA%A6%81%EA%A6%A7%EA%A6%A7%EA%A6%A2%EA%A6%A4%EA%A7%80/data=!4m7!3m6!1s0x2e789c9823506189:0xf93a65a57ae711ba!8m2!3d-8.0296631!4d112.5357264!16s%2Fg%2F11c683g4w1!19sChIJiWFQI5iceC4RuhHneqVlOvk?authuser=0&hl=id&rclk=1,5000,sidita.disbudpar.jatimprov.go.id,https://sidita.disbudpar.jatimprov.go.id/destinasi/detail/7ee797c1c8f6ced07344e82e65dc270933b1e7e31d4d07e431e1af51479fb2cab7b5e24dd96fc4b1171cd06b27dccaf82c2531fb9071c636a39e602e1af325bc
118,Wisata Petik Jeruk Dau,4.7,167,Wisata Petik Jeruk Dau,-7.938718,112.5394091,https://www.google.com/maps/place/Wisata+Petik+Jeruk+Dau/data=!4m7!3m6!1s0x2e78839019e0b5a9:0x2706db9be65e0dda!8m2!3d-7.938718!4d112.5394091!16s%2Fg%2F11h58fr1qp!19sChIJqbXgGZCDeC4R2g1e5pvbBic?authuser=0&hl=id&rclk=1,20000,sidita.disbudpar.jatimprov.go.id,https://sidita.disbudpar.jatimprov.go.id/destinasi/detail/2ab45832b3edc03f8667f1a56978377af15a32afaab3681035e3a952044b03404112a82d9d21149403f27229f0845ebebc11e76e3ea1b03689d63523b6327763
119,Wisata Agro Petik Jeruk,4.5,1213,Wisata Agro Petik Jeruk,-7.9389371,112.5539178,https://www.google.com/maps/place/Wisata+Agro+Petik+Jeruk/data=!4m7!3m6!1s0x2e7883ef245175cf:0x3959aad006692d08!8m2!3d-7.9389371!4d112.5539178!16s%2Fg%2F11b7ll_8jb!19sChIJz3VRJO-DeC4RCC1pBtCqWTk?authuser=0&hl=id&rclk=1,20000,matic.malangkab.go.id,https://matic.malangkab.go.id/listing/wisata-petik-jeruk
120,Wisata Rekreasi Kolam renang Lembah gunung sari,4.6,41,Wisata Umum,-7.9648866,112.5548381,https://www.google.com/maps/place/Wisata+Rekreasi+Kolam+renang+Lembah+gunung+sari/data=!4m7!3m6!1s0x2e78838ffcbe542f:0x46e30ad4a6c09dfe!8m2!3d-7.9648866!4d112.5548381!16s%2Fg%2F11t0r7fr9q!19sChIJL1S-_I-DeC4R_p3AptQK40Y?authuser=0&hl=id&rclk=1,10000,idntimes.com,https://www.idntimes.com/travel/destination/fat-wisata-alam-lembah-gunung-sari-malang-lokasi-rute-htm-dan-tipsnya-c1c2-01-8rdny-57kyfn
121,Wisata Goa Jepang,4.2,102,Wisata Goa Jepang,-7.9164684,112.5341439,https://www.google.com/maps/place/Wisata+Goa+Jepang/data=!4m7!3m6!1s0x2e78818c0bcf5f47:0x9d67b1b181c0d8a6!8m2!3d-7.9164684!4d112.5341439!16s%2Fg%2F11h2g0_fck!19sChIJR1_PC4yBeC4RptjAgbGxZ50?authuser=0&hl=id&rclk=1,10000,labirutour.com,https://labirutour.com/obyek-wisata/malang-goa-pinus-pujon
122,Air Terjun Parang Tejo,4.4,747,Wisata Umum,-7.9319978,112.5128508,https://www.google.com/maps/place/Air+Terjun+Parang+Tejo/data=!4m7!3m6!1s0x2e788403744a46e7:0x6981743bc1e5476e!8m2!3d-7.9319978!4d112.5128508!16s%2Fg%2F11cn17xnhf!19sChIJ50ZKdAOEeC4RbkflwTt0gWk?authuser=0&hl=id&rclk=1,15000,travelspromo.com,https://travelspromo.com/htm-wisata/coban-parang-tejo-malang/
123,Lampion Garden (BNS),4.6,271,Wisata Umum,-7.8952985,112.5341013,https://www.google.com/maps/place/Lampion+Garden+%28BNS%29/data=!4m7!3m6!1s0x2e78812fda646d8b:0xeafdf82ad36db7ed!8m2!3d-7.8952985!4d112.5341013!16s%2Fg%2F11f_zg5855!19sChIJi21k2i-BeC4R7bdt0yr4_eo?authuser=0&hl=id&rclk=1,35000,tiket.com,https://www.tiket.com/id-id/to-do/batu-night-spectacular
124,Batu Economis Park,4.4,9068,Wisata Umum,-7.9126755,112.5487169,https://www.google.com/maps/place/Batu+Economis+Park/data=!4m7!3m6!1s0x2e7881429e90d651:0x9a1524cafe5eac51!8m2!3d-7.9126755!4d112.5487169!16s%2Fg%2F11b808yyrq!19sChIJUdaQnkKBeC4RUaxe_sokFZo?authuser=0&hl=id&rclk=1,24750,traveloka.com,https://www.traveloka.com/id-id/activities/indonesia/product/batu-ekonomis-park-bep-jatim-park-tickets-7706672365220
125,Jungle Adventure,4.5,61,Wisata Umum,-7.888776,112.527451,https://www.google.com/maps/place/Jungle+Adventure/data=!4m7!3m6!1s0x2e78812b00afbb6f:0xc90bd6b91f4b7def!8m2!3d-7.888776!4d112.527451!16s%2Fg%2F11b6x5pkdr!19sChIJb7uvACuBeC4R731LH7nWC8k?authuser=0&hl=id&rclk=1,65000,24travel.id,https://24travel.id/eco-green-park-batu/?srsltid=AfmBOoqIBewHeljnTmacL2cDyIjLYOaO5RyJsOc9E41M2MSkg0AmcWiH
126,Air Terjun Coban Tengah,4.5,138,Tujuan Wisata · ,-7.8920601,112.4751568,https://www.google.com/maps/place/Air+Terjun+Coban+Tengah/data=!4m7!3m6!1s0x2e788655a2d5972b:0xdc66130354abd23d!8m2!3d-7.8920601!4d112.4751568!16s%2Fg%2F11cjhm4n7l!19sChIJK5fVolWGeC4RPdKrVAMTZtw?authuser=0&hl=id&rclk=1,5000,tiket.com,https://www.tiket.com/id-id/to-do/air-terjun-coban-rondo
127,Coban Putri,4.6,418,Wisata Umum,-7.9119954,112.5302537,https://www.google.com/maps/place/Coban+Putri/data=!4m7!3m6!1s0x2e788186fc5f154f:0xd8c91b109ae0c80b!8m2!3d-7.9119954!4d112.5302537!16s%2Fg%2F11rdb7x0ky!19sChIJTxVf_IaBeC4RC8jgmhAbydg?authuser=0&hl=id&rclk=1,10000,atourin.com,https://atourin.com/destination/batu/coban-putri
128,Taman Hutan Kota Batu,4.5,1847,Taman Hutan Kota Batu,-7.879386,112.52495,https://www.google.com/maps/place/Taman+Hutan+Kota+Batu/data=!4m7!3m6!1s0x2e7880d329a672d3:0x8549adfd08d451d1!8m2!3d-7.879386!4d112.52495!16s%2Fg%2F11cm040qr0!19sChIJ03KmKdOAeC4R0VHUCP2tSYU?authuser=0&hl=id&rclk=1,2000,tiket.com,https://www.tiket.com/id-id/explore/to-do-wisata-batu
129,Air Terjun Coban Rais,4.1,5507,Wisata Umum,-7.9116767,112.5184342,https://www.google.com/maps/place/Air+Terjun+Coban+Rais/data=!4m7!3m6!1s0x2e7886b525a4c713:0xd3724f41de186939!8m2!3d-7.9116767!4d112.5184342!16s%2Fg%2F11c3k55893!19sChIJE8ekJbWGeC4ROWkY3kFPctM?authuser=0&hl=id&rclk=1,10000,traveloka.com,https://www.traveloka.com/id-id/explore/destination/air-terjun-coban-rais-trp/466049
130,Batu Flower Garden (wisata),4.1,964,Batu Flower Garden (wisata),-7.9117923,112.5187917,https://www.google.com/maps/place/Batu+Flower+Garden+%28wisata%29/data=!4m7!3m6!1s0x2e7887c7064f9d29:0x8ffd331e7e82a198!8m2!3d-7.9117923!4d112.5187917!16s%2Fg%2F11fn03vq3t!19sChIJKZ1PBseHeC4RmKGCfh4z_Y8?authuser=0&hl=id&rclk=1,62500,travelspromo.com,https://travelspromo.com/htm-wisata/batu-flower-garden/
131,Dino Park Jawa Timur Park 3,4.6,19702,Wisata Umum,-7.897906,112.554027,https://www.google.com/maps/place/Dino+Park+Jawa+Timur+Park+3/data=!4m7!3m6!1s0x2e7881111b1b2283:0xc4550727c318bf80!8m2!3d-7.897906!4d112.554027!16s%2Fg%2F11f5h88630!19sChIJgyIbGxGBeC4RgL8YwycHVcQ?authuser=0&hl=id&rclk=1,160000,instagram.com,https://www.instagram.com/reel/DOdNUjXkqdd/
132,Taman Pinus Campervan Park,4.6,759,Taman Pinus Campervan Park,-7.904017,112.5220532,https://www.google.com/maps/place/Taman+Pinus+Campervan+Park/data=!4m7!3m6!1s0x2e7887e3735eaca9:0xa6b9aff595e38f88!8m2!3d-7.904017!4d112.5220532!16s%2Fg%2F11qnk0jdms!19sChIJqaxec-OHeC4RiI_jlfWvuaY?authuser=0&hl=id&rclk=1,10000,idntimes.com,https://www.idntimes.com/travel/destination/informasi-taman-pinus-campervan-park-wisata-camping-hits-di-batu-01-lssck-mj08hp
133,Eco Active Park,4.6,27811,Wisata Umum,-7.8877752,112.5266102,https://www.google.com/maps/place/Eco+Active+Park/data=!4m7!3m6!1s0x2e7881617ff5e4f7:0x63c0ef9654873861!8m2!3d-7.8877752!4d112.5266102!16s%2Fg%2F124ygkv4w!19sChIJ9-T1f2GBeC4RYTiHVJbvwGM?authuser=0&hl=id&rclk=1,50000,traveloka.com,https://www.traveloka.com/id-id/activities/indonesia/product/eco-active-park-jatim-park-group-tickets-2000625477094
134,KLEINE HOLLAND,4.5,981,Tujuan Wisata · ,-7.882323,112.5146016,https://www.google.com/maps/place/KLEINE+HOLLAND/data=!4m7!3m6!1s0x2e7887e62d91a753:0x1ea70c9c9924af36!8m2!3d-7.882323!4d112.5146016!16s%2Fg%2F11fn04k5kg!19sChIJU6eRLeaHeC4RNq8kmZwMpx4?authuser=0&hl=id&rclk=1,15000,instagram.com,https://www.instagram.com/p/DOH-qO6AS7-/
135,Pasar Wisata,4.5,120,Pasar Wisata,-7.883755,112.523756,https://www.google.com/maps/place/Pasar+Wisata/data=!4m7!3m6!1s0x2e78872b29cfa385:0xc66d20f7a2f8849b!8m2!3d-7.883755!4d112.523756!16s%2Fg%2F1hm68tsz2!19sChIJhaPPKSuHeC4Rm4T4ovcgbcY?authuser=0&hl=id&rclk=1,10000,traveloka.com,https://www.traveloka.com/id-id/explore/destination/pasar-apung-batu-tradisi-unik-di-indonesia-acc/496849
136,Candi Songgoriti,4.4,268,"""Cocok untuk wisata edukasi sejarah.""",-7.8671726,112.4927832,https://www.google.com/maps/place/Candi+Songgoriti/data=!4m7!3m6!1s0x2e78871455555555:0xb9ae29a0cb7062c9!8m2!3d-7.8671726!4d112.4927832!16s%2Fg%2F122z2f9g!19sChIJVVVVVRSHeC4RyWJwy6Aprrk?authuser=0&hl=id&rclk=1,10000,travel.kompas.com,https://travel.kompas.com/read/2021/01/05/191218427/rute-harga-tiket-dan-aktivitas-wisata-di-tempat-wisata-sekitar-songgoriti?page=all
137,Alun-Alun Kota Wisata Batu,4.7,33584,Alun-Alun Kota Wisata Batu,-7.8711714,112.5269243,https://www.google.com/maps/place/Alun-Alun+Kota+Wisata+Batu/data=!4m7!3m6!1s0x2e789da3a46807f1:0xea1a51125dafb9b8!8m2!3d-7.8711714!4d112.5269243!16s%2Fg%2F11b6xr9vdl!19sChIJ8QdopKOdeC4RuLmvXRJRGuo?authuser=0&hl=id&rclk=1,5000,99.co,https://www.99.co/id/jelajah/review-alun-alun-batu
139,Wisata Petik Apel Agro Rakyat,4.3,2297,Wisata Petik Apel Agro Rakyat,-7.852853,112.5272207,https://www.google.com/maps/place/Wisata+Petik+Apel+Agro+Rakyat/data=!4m7!3m6!1s0x2e7880acfec7d1fb:0x1ed0e61a0ba01576!8m2!3d-7.852853!4d112.5272207!16s%2Fg%2F11b6x4c6bs!19sChIJ-9HH_qyAeC4RdhWgCxrm0B4?authuser=0&hl=id&rclk=1,20000,kebun8.com,https://kebun8.com/paket/petik-apel/
140,Sumber Torong Park,4.4,130,Wisata Umum,-7.872855,112.530896,https://www.google.com/maps/place/Sumber+Torong+Park/data=!4m7!3m6!1s0x2e7880ce8a280d05:0xb1bfa56d1532c8a0!8m2!3d-7.872855!4d112.530896!16s%2Fg%2F11b6xm6gc0!19sChIJBQ0ois6AeC4RoMgyFW2lv7E?authuser=0&hl=id&rclk=1,10000,atourin.com,https://atourin.com/destination/batu/sumber-torong-park
141,Taman Dolan,4.2,3235,Taman Dolan,-7.8640962,112.5540115,https://www.google.com/maps/place/Taman+Dolan/data=!4m7!3m6!1s0x2e788094ab12625f:0xf1bbc612c0c631e9!8m2!3d-7.8640962!4d112.5540115!16s%2Fg%2F11cjj0hz16!19sChIJX2ISq5SAeC4R6THGwBLGu_E?authuser=0&hl=id&rclk=1,15000,travelspromo.com,https://travelspromo.com/htm-wisata/taman-dolan-kota-batu/
142,Kawasan Wisata Kusuma Agro,4.4,3164,Kawasan Wisata Kusuma Agro,-7.882477,112.514895,https://www.google.com/maps/place/Kawasan+Wisata+Kusuma+Agro/data=!4m7!3m6!1s0x2e78872901bf6d45:0x45a51838639125b2!8m2!3d-7.882477!4d112.514895!16s%2Fg%2F11ddwsmg8c!19sChIJRW2_ASmHeC4RsiWRYzgYpUU?authuser=0&hl=id&rclk=1,10000,instagram.com,https://www.instagram.com/p/DOH-qO6AS7-/?hl=id
144,The Bagong Adventure Museum Tubuh,4.7,5012,The Bagong Adventure Museum Tubuh,-7.8834283,112.5250274,https://www.google.com/maps/place/The+Bagong+Adventure+Museum+Tubuh/data=!4m7!3m6!1s0x2e7880d4d63fb6c7:0xe5ff5a3494431545!8m2!3d-7.8834283!4d112.5250274!16s%2Fg%2F11b701fmgr!19sChIJx7Y_1tSAeC4RRRVDlDRa_-U?authuser=0&hl=id&rclk=1,60000,instagram.com,https://www.instagram.com/museumtubuh/
145,Bukit Bintang Batu Malang,4.5,3070,Wisata Umum,-7.8786786,112.5226448,https://www.google.com/maps/place/Bukit+Bintang+Batu+Malang/data=!4m7!3m6!1s0x2e788774e90bbc8d:0xa79645412d00465a!8m2!3d-7.8786786!4d112.5226448!16s%2Fg%2F11svk6_thw!19sChIJjbwL6XSHeC4RWkYALUFFlqc?authuser=0&hl=id&rclk=1,40000,traveloka.com,https://www.traveloka.com/id-id/explore/activities/bukit-bintang-batu-malang-ta/1006637
146,Songgoriti Hot Springs,4.4,1341,Wisata Umum,-7.8666636,112.4939949,https://www.google.com/maps/place/Songgoriti+Hot+Springs/data=!4m7!3m6!1s0x2e788784d4c674a1:0xdd0c7c98284487e1!8m2!3d-7.8666636!4d112.4939949!16s%2Fg%2F11sr62v1ly!19sChIJoXTG1ISHeC4R4YdEKJh8DN0?authuser=0&hl=id&rclk=1,40000,traveloka.com,https://www.traveloka.com/id-id/activities/indonesia/product/songgoriti-hot-springs-9893353794737
148,Gerbang Kota Wisata Batu,4.5,328,Gerbang Kota Wisata Batu,-7.859427,112.487528,https://www.google.com/maps/place/Gerbang+Kota+Wisata+Batu/data=!4m7!3m6!1s0x2e78877039a1a19b:0x26d9258f46995a07!8m2!3d-7.859427!4d112.487528!16s%2Fg%2F1hm24vs6n!19sChIJm6GhOXCHeC4RB1qZRo8l2SY?authuser=0&hl=id&rclk=1,40000,labirutour.com,https://labirutour.com/blog/rekomendasi-20-tempat-liburan-di-batu-malang-terbaru
149,Taman Dancok,4.7,22,Taman Dancok,-7.8680905,112.4861059,https://www.google.com/maps/place/Taman+Dancok/data=!4m7!3m6!1s0x2e78876d2ff0b56f:0x48954d954cdc315e!8m2!3d-7.8680905!4d112.4861059!16s%2Fg%2F11jhyf1fln!19sChIJb7XwL22HeC4RXjHcTJVNlUg?authuser=0&hl=id&rclk=1,5000,matic.malangkab.go.id,https://matic.malangkab.go.id/listing/cafe-dancok
150,Kusuma Edukasi Pertanian,4.5,223,Wisata Umum,-7.8805418,112.5140954,https://www.google.com/maps/place/Kusuma+Edukasi+Pertanian/data=!4m7!3m6!1s0x2e78878b436dc949:0xfe401276e116737e!8m2!3d-7.8805418!4d112.5140954!16s%2Fg%2F11gj4q6bqz!19sChIJScltQ4uHeC4RfnMW4XYSQP4?authuser=0&hl=id&rclk=1,25000,traveloka.com,https://www.traveloka.com/id-id/activities/indonesia/product/kusuma-waterpark-dan-agrowisata-2000112235945
151,Kusuma Waterpark,4.3,3087,Wisata Umum,-7.8816345,112.5148178,https://www.google.com/maps/place/Kusuma+Waterpark/data=!4m7!3m6!1s0x2e788728cdf6c7d7:0x8a6621366eee411c!8m2!3d-7.8816345!4d112.5148178!16s%2Fg%2F11cmzzb4ms!19sChIJ18f2zSiHeC4RHEHubjYhZoo?authuser=0&hl=id&rclk=1,25000,traveloka.com,https://www.traveloka.com/id-id/activities/indonesia/product/kusuma-waterpark-dan-agrowisata-2000112235945
152,Area Parkir Air Terjun Cubon Rondo,4.5,54,Wisata Umum,-7.8822313,112.4776217,https://www.google.com/maps/place/Area+Parkir+Air+Terjun+Cubon+Rondo/data=!4m7!3m6!1s0x2e788707687d60d1:0x9809bd974ae40520!8m2!3d-7.8822313!4d112.4776217!16s%2Fg%2F11cs4yqm9h!19sChIJ0WB9aAeHeC4RIAXkSpe9CZg?authuser=0&hl=id&rclk=1,5000,id.trip.com,https://id.trip.com/travel-guide/attraction/pandesari/coban-rondo-waterfall-pujon-61237122/?locale=id_id
154,Pasar Wisata Songgoriti,4.5,195,Pasar Wisata Songgoriti,-7.8662637,112.492999,https://www.google.com/maps/place/Pasar+Wisata+Songgoriti/data=!4m7!3m6!1s0x2e7887a26fe8aa19:0xeec0fca8e96e276e!8m2!3d-7.8662637!4d112.492999!16s%2Fg%2F11ghs7nznt!19sChIJGarob6KHeC4Rbidu6aj8wO4?authuser=0&hl=id&rclk=1,15000,travel.kompas.com,https://travel.kompas.com/read/2021/01/05/191218427/rute-harga-tiket-dan-aktivitas-wisata-di-tempat-wisata-sekitar-songgoriti?page=all
155,Kampung Wisata Kungkuk,4.7,178,Kampung Wisata Kungkuk,-7.8335271,112.5224986,https://www.google.com/maps/place/Kampung+Wisata+Kungkuk/data=!4m7!3m6!1s0x2e787de299b740eb:0xfe38ac5e7e3b66e4!8m2!3d-7.8335271!4d112.5224986!16s%2Fg%2F11f2xx_gw3!19sChIJ60C3meJ9eC4R5GY7fl6sOP4?authuser=0&hl=id&rclk=1,65000,tugumalang.id,https://tugumalang.id/desa-wisata-kungkuk-kota-batu-seperti-negeri-di-atas-awan/
156,Wisata Selecta,4.8,66,Wisata Selecta,-7.8202298,112.5265722,https://www.google.com/maps/place/Wisata+Selecta/data=!4m7!3m6!1s0x2e787f6022813227:0x527aae76ddea61fc!8m2!3d-7.8202298!4d112.5265722!16s%2Fg%2F11k4w6_dd8!19sChIJJzKBImB_eC4R_GHq3XauelI?authuser=0&hl=id&rclk=1,50000,instagram.com,https://www.instagram.com/tamanrekreasiselecta/?hl=id
157,Taman Bunga Selecta,4.7,26,Taman Bunga Selecta,-7.8220855,112.526612,https://www.google.com/maps/place/Taman+Bunga+Selecta/data=!4m7!3m6!1s0x2e787f44bdb2669b:0x1f0846552a98166e!8m2!3d-7.8220855!4d112.526612!16s%2Fg%2F11sty89ylw!19sChIJm2ayvUR_eC4RbhaYKlVGCB8?authuser=0&hl=id&rclk=1,50000,instagram.com,https://www.instagram.com/tamanrekreasiselecta/?hl=id
158,"Paralayang Gunung Banyak, Batu, Malang",4.3,125,"Paralayang Gunung Banyak, Batu, Malang",-7.8550899,112.4965734,"https://www.google.com/maps/place/Paralayang+Gunung+Banyak,+Batu,+Malang/data=!4m7!3m6!1s0x2e788735bbd40639:0x4a4445e74cee55e2!8m2!3d-7.8550899!4d112.4965734!16s%2Fg%2F11sk2tks84!19sChIJOQbUuzWHeC4R4lXuTOdFREo?authuser=0&hl=id&rclk=1",20000,travelmalang.id,https://www.travelmalang.id/info-wisata-paralayang-omah-kayu-dan-taman-langit/
159,Pujon Adventure & Rafting,4.8,118,Wisata Umum,-7.8409971,112.4498115,https://www.google.com/maps/place/Pujon+Adventure+%26+Rafting/data=!4m7!3m6!1s0x2e787d0cb0ac2501:0x80d43d6839b21659!8m2!3d-7.8409971!4d112.4498115!16s%2Fg%2F11lgnpvr84!19sChIJASWssAx9eC4RWRayOWg91IA?authuser=0&hl=id&rclk=1,275000,waysata.com,https://waysata.com/page/news/taman-merak-pujon-rafting-wisata-alam-dan-petualangan-di-pujon
160,Kebun Bunga Cangar,4.7,574,Wisata Umum,-7.751294,112.5320262,https://www.google.com/maps/place/Kebun+Bunga+Cangar/data=!4m7!3m6!1s0x2e7879d195a9c58d:0x50855e6b181e9f68!8m2!3d-7.751294!4d112.5320262!16s%2Fg%2F11fn2cc5b_!19sChIJjcWpldF5eC4RaJ8eGGtehVA?authuser=0&hl=id&rclk=1,30000,goersapp.com,https://www.goersapp.com/blog/taman-bunga-paling-viral-di-malang/
161,Bukit Jengkoang,4.6,612,Wisata Umum,-7.8263819,112.5577718,https://www.google.com/maps/place/Bukit+Jengkoang/data=!4m7!3m6!1s0x2e787f51b3b94c43:0xd7ee0ecfbf7f2c0e!8m2!3d-7.8263819!4d112.5577718!16s%2Fg%2F11h4xjjymr!19sChIJQ0y5s1F_eC4RDix_v88O7tc?authuser=0&hl=id&rclk=1,0,paketwisatabromo.co.id,https://www.paketwisatabromo.co.id/bukit-jengkoang/
162,Petik Apel Kebun 8 Kota Batu,4.4,1392,Wisata Umum,-7.781768,112.5280831,https://www.google.com/maps/place/Petik+Apel+Kebun+8+Kota+Batu/data=!4m7!3m6!1s0x2e787ea1a9e14131:0xc2a739ffb9b976c1!8m2!3d-7.781768!4d112.5280831!16s%2Fg%2F11g69z835d!19sChIJMUHhqaF-eC4RwXa5uf85p8I?authuser=0&hl=id&rclk=1,20000,kebun8.com,https://kebun8.com/paket/petik-apel/
163,Petik Apel Green Garden,4.8,164,Wisata Umum,-7.8230765,112.5291385,https://www.google.com/maps/place/Petik+Apel+Green+Garden/data=!4m7!3m6!1s0x2e787f3558663e9f:0xb1f4ca73dd7d6f52!8m2!3d-7.8230765!4d112.5291385!16s%2Fg%2F11ghlw3rw6!19sChIJnz5mWDV_eC4RUm993XPK9LE?authuser=0&hl=id&rclk=1,25000,traveloka.com,https://www.traveloka.com/id-id/explore/destination/wisata-petik-apel-malang-acc/469830
164,Arboretum Sumber Brantas,4.5,406,Wisata Umum,-7.759076,112.5276945,https://www.google.com/maps/place/Arboretum+Sumber+Brantas/data=!4m7!3m6!1s0x2e7879542b9b3fcf:0x41e36040eb5deecf!8m2!3d-7.759076!4d112.5276945!16s%2Fg%2F11c3xbyp6q!19sChIJzz-bK1R5eC4Rz-5d60Bg40E?authuser=0&hl=id&rclk=1,8000,wearemania.net,https://www.wearemania.net/ngalam/akomodasi/5-rekomendasi-spot-wisata-bertema-kebun-di-malang-dan-batu/17640
165,Wisata Petik Apel Batu,4.6,59,Wisata Petik Apel Batu,-7.8230611,112.5299483,https://www.google.com/maps/place/Wisata+Petik+Apel+Batu/data=!4m7!3m6!1s0x2e787f51893b38fb:0x59473f0b33a95246!8m2!3d-7.8230611!4d112.5299483!16s%2Fg%2F11sn_3nlwh!19sChIJ-zg7iVF_eC4RRlKpMws_R1k?authuser=0&hl=id&rclk=1,20000,kebun8.com,https://kebun8.com/paket/petik-apel/
166,Wisata Petik Mawar Berkah,4.0,211,Wisata Petik Mawar Berkah,-7.8382642,112.5189961,https://www.google.com/maps/place/Wisata+Petik+Mawar+Berkah/data=!4m7!3m6!1s0x2e787d005bc7b2f3:0x240359340b321a59!8m2!3d-7.8382642!4d112.5189961!16s%2Fg%2F11vm7jdcdd!19sChIJ87LHWwB9eC4RWRoyCzRZAyQ?authuser=0&hl=id&rclk=1,20000,radarbatu.jawapos.com,https://radarbatu.jawapos.com/wisata-kuliner/2326136744/wisata-petik-bunga-di-kota-batu-jadi-favorit-baru-wisata-keluarga
167,Wisata Kebun Bunga Coban Talun,4.8,99,Wisata Kebun Bunga Coban Talun,-7.7992591,112.5174169,https://www.google.com/maps/place/Wisata+Kebun+Bunga+Coban+Talun/data=!4m7!3m6!1s0x2e787d5bda72f2ff:0x7b413b384231ab14!8m2!3d-7.7992591!4d112.5174169!16s%2Fg%2F11jt_g5mtd!19sChIJ__Jy2lt9eC4RFKsxQjg7QXs?authuser=0&hl=id&rclk=1,10000,instagram.com,https://www.instagram.com/reel/DDeesEsp4Xt/
168,Wisata petik strowberry kebundesa(yeni),4.9,195,Wisata petik strowberry kebundesa(yeni),-7.7974873,112.5291888,https://www.google.com/maps/place/Wisata+petik+strowberry+kebundesa%28yeni%29/data=!4m7!3m6!1s0x2e787f004a984a4f:0x3832701e704e9eb7!8m2!3d-7.7974873!4d112.5291888!16s%2Fg%2F11w213hdcq!19sChIJT0qYSgB_eC4Rt55OcB5wMjg?authuser=0&hl=id&rclk=1,20000,instagram.com,https://www.instagram.com/reel/DWQ6-FakTmZ/
169,"Agrowisata Kaki Langit ""Brakseng""",4.7,36,"Agrowisata Kaki Langit ""Brakseng""",-7.7494741,112.5348563,https://www.google.com/maps/place/Agrowisata+Kaki+Langit+%22Brakseng%22/data=!4m7!3m6!1s0x2e78792e7820f943:0xe576468956faf24b!8m2!3d-7.7494741!4d112.5348563!16s%2Fg%2F11s8zdnjzz!19sChIJQ_kgeC55eC4RS_L6VolGduU?authuser=0&hl=id&rclk=1,5000,adamputratravel.com,https://adamputratravel.com/wisata-alam-brakseng-batu/
170,Pantai Jembatan Panjang Tanjung Sirap,4.6,739,Pantai Jembatan Panjang Tanjung Sirap,-8.4022608,112.5301822,https://www.google.com/maps/place/Pantai+Jembatan+Panjang+Tanjung+Sirap/data=!4m7!3m6!1s0x2e78a94c0340c471:0x2c2673e3a05b80e6!8m2!3d-8.4022608!4d112.5301822!16s%2Fg%2F11cjj0hz4h!19sChIJccRAA0ypeC4R5oBboONzJiw?authuser=0&hl=id&rclk=1,5000,nahwatour.com,https://nahwatour.com/mitos-pantai-jembatan-panjang-di-kota-malang
171,Toko taman ayu nganteb (TAN),4.4,951,Toko taman ayu nganteb (TAN),-8.406741,112.5726644,https://www.google.com/maps/place/Toko+taman+ayu+nganteb+%28TAN%29/data=!4m7!3m6!1s0x2e78a9824293d1d1:0x8a2c143bb31c8e29!8m2!3d-8.406741!4d112.5726644!16s%2Fg%2F1q610sjc8!19sChIJ0dGTQoKpeC4RKY4cszsULIo?authuser=0&hl=id&rclk=1,10000,travelspromo.com,https://travelspromo.com/htm-wisata/pantai-ngantep-malang/
172,Pantai Pesanggrahan ꦥꦼꦱꦶꦱꦶꦂꦥꦱꦔ꧀ꦒꦿꦃꦲꦤ꧀,4.5,119,Pantai Pesanggrahan ꦥꦼꦱꦶꦱꦶꦂꦥꦱꦔ꧀ꦒꦿꦃꦲꦤ꧀,-8.4015943,112.5538006,https://www.google.com/maps/place/Pantai+Pesanggrahan+%EA%A6%A5%EA%A6%BC%EA%A6%B1%EA%A6%B6%EA%A6%B1%EA%A6%B6%EA%A6%82%EA%A6%A5%EA%A6%B1%EA%A6%94%EA%A7%80%EA%A6%92%EA%A6%BF%EA%A6%83%EA%A6%B2%EA%A6%A4%EA%A7%80/data=!4m7!3m6!1s0x2e78a969363a9695:0x2214d11f742d5da2!8m2!3d-8.4015943!4d112.5538006!16s%2Fg%2F11cmlf0_l_!19sChIJlZY6NmmpeC4Rol0tdB_RFCI?authuser=0&hl=id&rclk=1,5000,radarmalang.jawapos.com,https://radarmalang.jawapos.com/wisata-kuliner/2403090002/htm-gratis-main-ke-pantai-di-malang-selatan-ini-cukup-bayar-parkir
173,Pantai Ngantep,4.6,1589,Pantai Ngantep,-8.4085818,112.5749999,https://www.google.com/maps/place/Pantai+Ngantep/data=!4m7!3m6!1s0x2e78a9de69da45d5:0xb0526eb738c87301!8m2!3d-8.4085818!4d112.5749999!16s%2Fg%2F11h3tgfl_8!19sChIJ1UXaad6peC4RAXPIOLduUrA?authuser=0&hl=id&rclk=1,10000,surabaya.kompas.com,https://surabaya.kompas.com/read/2024/05/15/210800578/pantai-ngantep-di-malang-daya-tarik-harga-tiket-dan-rute
174,Air Terjun Kedung Darmo,4.6,312,Tujuan Wisata · ,-8.3393029,112.5702893,https://www.google.com/maps/place/Air+Terjun+Kedung+Darmo/data=!4m7!3m6!1s0x2e78a8871699a5e3:0x1d9184334ad4b8bb!8m2!3d-8.3393029!4d112.5702893!16s%2Fg%2F11f39vqdqy!19sChIJ46WZFoeoeC4Ru7jUSjOEkR0?authuser=0&hl=id&rclk=1,5000,24travel.id,https://24travel.id/coban-kedung-darmo-malang/?srsltid=AfmBOooVbuvyXrn1EeZ_tghRCXTPE8zLjp-FbkEYo4FmaT4zG5HqgWB4
175,Pantai Kondang Merak ꦥꦼꦱꦶꦱꦶꦂꦏꦺꦴꦤ꧀ꦢꦁꦩꦼꦫꦏ꧀,4.8,125,Pantai Kondang Merak ꦥꦼꦱꦶꦱꦶꦂꦏꦺꦴꦤ꧀ꦢꦁꦩꦼꦫꦏ꧀,-8.3968397,112.5197531,https://www.google.com/maps/place/Pantai+Kondang+Merak+%EA%A6%A5%EA%A6%BC%EA%A6%B1%EA%A6%B6%EA%A6%B1%EA%A6%B6%EA%A6%82%EA%A6%8F%EA%A6%BA%EA%A6%B4%EA%A6%A4%EA%A7%80%EA%A6%A2%EA%A6%81%EA%A6%A9%EA%A6%BC%EA%A6%AB%EA%A6%8F%EA%A7%80/data=!4m7!3m6!1s0x2e78af259dd89889:0x91ec8a43704aff17!8m2!3d-8.3968397!4d112.5197531!16s%2Fg%2F11t1h42mdt!19sChIJiZjYnSWveC4RF_9KcEOK7JE?authuser=0&hl=id&rclk=1,10000,travelspromo.com,https://travelspromo.com/htm-wisata/pantai-kondang-merak-malang/
176,Sumber Taman,4.4,1610,Sumber Taman,-8.1746024,112.5998291,https://www.google.com/maps/place/Sumber+Taman/data=!4m7!3m6!1s0x2e78a0190f14f159:0xda5548ae87522b27!8m2!3d-8.1746024!4d112.5998291!16s%2Fg%2F11dx928jqc!19sChIJWfEUDxmgeC4RJytSh65IVdo?authuser=0&hl=id&rclk=1,10000,instagram.com,https://www.instagram.com/p/DUimAgaEuLa/
177,Sumber Maron,4.4,18181,Wisata Umum,-8.1656096,112.5920333,https://www.google.com/maps/place/Sumber+Maron/data=!4m7!3m6!1s0x2e78a01d0eed37eb:0x2c24e254ff1390d8!8m2!3d-8.1656096!4d112.5920333!16s%2Fg%2F11b700wmcd!19sChIJ6zftDh2geC4R2JAT_1TiJCw?authuser=0&hl=id&rclk=1,5000,travel.kompas.com,https://travel.kompas.com/read/2023/11/14/175000627/wisata-sumber-maron-malang--harga-tiket-jam-buka-dan-daya-tarik?page=all
178,Kanigoro park,4.6,540,Wisata Umum,-8.1844794,112.5793884,https://www.google.com/maps/place/Kanigoro+park/data=!4m7!3m6!1s0x2e78a1dec0421f09:0x8e215140e4e4c643!8m2!3d-8.1844794!4d112.5793884!16s%2Fg%2F11rr134kyj!19sChIJCR9CwN6heC4RQ8bk5EBRIY4?authuser=0&hl=id&rclk=1,5000,matic.malangkab.go.id,https://matic.malangkab.go.id/listing/kanigoro-park
180,Kolam Renang Kalijati Desa Jenggolo,4.4,21,Kolam Renang Kalijati Desa Jenggolo,-8.1735348,112.5465748,https://www.google.com/maps/place/Kolam+Renang+Kalijati+Desa+Jenggolo/data=!4m7!3m6!1s0x2e78a19a919c2f03:0xa549d630c3468412!8m2!3d-8.1735348!4d112.5465748!16s%2Fg%2F11mc5fyz4n!19sChIJAy-ckZqheC4REoRGwzDWSaU?authuser=0&hl=id&rclk=1,10000,instagram.com,https://www.instagram.com/shila_tirta/
181,Sbr Songo,4.4,76,Wisata Umum,-8.1719515,112.5476425,https://www.google.com/maps/place/Sbr+Songo/data=!4m7!3m6!1s0x2e78a1e060f6617b:0xf040c7df7b8548c!8m2!3d-8.1719515!4d112.5476425!16s%2Fg%2F11cn9f_mq8!19sChIJe2H2YOCheC4RjFS4930MBA8?authuser=0&hl=id&rclk=1,10000,traveloka.com,https://www.traveloka.com/id-id/explore/destination/tempat-wisata-di-kepanjen-malang-untuk-healing-acc/1002055
182,Wisata Lembah Dilem Kepanjen,4.3,29,Wisata Lembah Dilem Kepanjen,-8.1150254,112.5661367,https://www.google.com/maps/place/Wisata+Lembah+Dilem+Kepanjen/data=!4m7!3m6!1s0x2e789ff079a7f4f9:0xf7d9ab190f241bf3!8m2!3d-8.1150254!4d112.5661367!16s%2Fg%2F11hz_lx9hw!19sChIJ-fSnefCfeC4R8xskDxmr2fc?authuser=0&hl=id&rclk=1,5000,serayunusantara.com,https://serayunusantara.com/wisata-lembah-dilem-malang-destinasi-alam-murah-dengan-konsep-kejujuran/
183,Jatikerto Rest Area,4.7,100,Wisata Umum,-8.1392353,112.5329597,https://www.google.com/maps/place/Jatikerto+Rest+Area/data=!4m7!3m6!1s0x2e789f2e49c37609:0xf95c351824bcb1e4!8m2!3d-8.1392353!4d112.5329597!16s%2Fg%2F11c17htzbb!19sChIJCXbDSS6feC4R5LG8JBg1XPk?authuser=0&hl=id&rclk=1,0,toyota.astra.co.id,https://www.toyota.astra.co.id/corporate-information/news-promo/read/jangan-sampai-salah-masuk-ini-arti-simbol-rest-area-di-jalan-tol-yang-wajib-dipahami
184,Pemandian Metro Kepanjen,4.2,760,Wisata Umum,-8.1266494,112.5616657,https://www.google.com/maps/place/Pemandian+Metro+Kepanjen/data=!4m7!3m6!1s0x2e789efd3d7e43cd:0x2a745eeeb14ddc8a!8m2!3d-8.1266494!4d112.5616657!16s%2Fg%2F11b74m3sqw!19sChIJzUN-Pf2eeC4RitxNse5edCo?authuser=0&hl=id&rclk=1,8000,traveloka.com,https://www.traveloka.com/id-id/explore/destination/tempat-wisata-di-kepanjen-malang-untuk-healing-acc/1002055
185,KAMPOENG NANAS,4.4,71,Wisata Umum,-8.1118666,112.5498295,https://www.google.com/maps/place/KAMPOENG+NANAS/data=!4m7!3m6!1s0x2e789ff21f292995:0xe45d6c1f9ffcfc67!8m2!3d-8.1118666!4d112.5498295!16s%2Fg%2F11rc3__q2p!19sChIJlSkpH_KfeC4RZ_z8nx9sXeQ?authuser=0&hl=id&rclk=1,2000,instagram.com,https://www.instagram.com/p/DOHunPzDuFm/
186,"Taman Kehati, Jalibar",4.1,39,"Taman Kehati, Jalibar",-8.1024452,112.5674767,"https://www.google.com/maps/place/Taman+Kehati,+Jalibar/data=!4m7!3m6!1s0x2e789e895c25c89d:0xb38beb14ba8186f5!8m2!3d-8.1024452!4d112.5674767!16s%2Fg%2F11f0460x1_!19sChIJncglXImeeC4R9YaBuhTri7M?authuser=0&hl=id&rclk=1",10000,instagram.com,https://www.instagram.com/p/CF335A0p_iD/
187,Alun - alun Gunung Kawi,4.5,51,Alun - alun Gunung Kawi,-8.0240571,112.4937997,https://www.google.com/maps/place/Alun+-+alun+Gunung+Kawi/data=!4m7!3m6!1s0x2e789b3bc28b7c0b:0xd4428a62532f967e!8m2!3d-8.0240571!4d112.4937997!16s%2Fg%2F11c1r1mspm!19sChIJC3yLwjubeC4RfpYvU2KKQtQ?authuser=0&hl=id&rclk=1,10000,traveloka.com,https://www.traveloka.com/id-id/explore/destination/keraton-gunung-kawi-sejarah-lokasi-harga-tiket-masuk-gt/515816
188,Taman Rekreasi Tlogomas Malang,4.1,1796,Taman Rekreasi Tlogomas Malang,-7.9306041,112.6046125,https://www.google.com/maps/place/Taman+Rekreasi+Tlogomas+Malang/data=!4m7!3m6!1s0x2e7882109c2a799f:0x33db0c09697defd1!8m2!3d-7.9306041!4d112.6046125!16s%2Fg%2F1pzwgcjz4!19sChIJn3kqnBCCeC4R0e99aQkM2zM?authuser=0&hl=id&rclk=1,30000,travelspromo.com,https://travelspromo.com/htm-wisata/taman-rekreasi-tlogomas-malang/
189,Pemandian Selo Agung,4.4,422,Wisata Umum,-8.033469,112.4870709,https://www.google.com/maps/place/Pemandian+Selo+Agung/data=!4m7!3m6!1s0x2e789b1608f31171:0x64586df8da1a518b!8m2!3d-8.033469!4d112.4870709!16s%2Fg%2F11clvlydrq!19sChIJcRHzCBabeC4Ri1Ea2vhtWGQ?authuser=0&hl=id&rclk=1,10000,radarmalang.jawapos.com,https://radarmalang.jawapos.com/wisata-kuliner/2501020021/wisata-tipis-tipis-bersama-keluarga-di-pemandian-selo-agung
190,Sumbersuko Forest Park,4.3,308,Wisata Umum,-8.003049,112.5182873,https://www.google.com/maps/place/Sumbersuko+Forest+Park/data=!4m7!3m6!1s0x2e7884aead958ad1:0x1bb465820e338a6e!8m2!3d-8.003049!4d112.5182873!16s%2Fg%2F11f_bz4scx!19sChIJ0YqVra6EeC4RboozDoJltBs?authuser=0&hl=id&rclk=1,5000,travel.kompas.com,https://travel.kompas.com/read/2024/01/20/070700127/precet-forest-park-malang-sensasi-camping-di-hutan-pinus-kaki-gunung-kawi
191,Taman Wisata Kolam Renang Selo Agung Gunung Kawi,4.6,40,Wisata Umum,-8.0333883,112.4869552,https://www.google.com/maps/place/Taman+Wisata+Kolam+Renang+Selo+Agung+Gunung+Kawi/data=!4m7!3m6!1s0x2e789b184b3db0ef:0x2e5a59efea3182a3!8m2!3d-8.0333883!4d112.4869552!16s%2Fg%2F11f3810rf1!19sChIJ77A9SxibeC4Ro4Ix6u9ZWi4?authuser=0&hl=id&rclk=1,10000,radarmalang.jawapos.com,https://radarmalang.jawapos.com/wisata-kuliner/2501020021/wisata-tipis-tipis-bersama-keluarga-di-pemandian-selo-agung
192,Lembah Indah Malang,4.4,5722,Tujuan Wisata,-8.0010748,112.4935456,https://www.google.com/maps/place/Lembah+Indah+Malang/data=!4m10!3m9!1s0x2e7884cf21613d6b:0x3d29568e7bc0acc2!5m2!4m1!1i2!8m2!3d-8.0010748!4d112.4935456!16s%2Fg%2F11gbl2ty41!19sChIJaz1hIc-EeC4RwqzAe45WKT0?authuser=0&hl=id&rclk=1,20000,traveloka.com,https://www.traveloka.com/id-id/explore/destination/wisata-alam-lembah-indah-malang-acc/448669
193,Taman Rekreasi Sengkaling,4.4,9738,Taman Rekreasi Sengkaling,-7.9153841,112.5889089,https://www.google.com/maps/place/Taman+Rekreasi+Sengkaling/data=!4m7!3m6!1s0x2e78818e61781357:0xba37a2e1b944ddd5!8m2!3d-7.9153841!4d112.5889089!16s%2Fg%2F12345rh0!19sChIJVxN4YY6BeC4R1d1EueGiN7o?authuser=0&hl=id&rclk=1,30000,traveloka.com,https://www.traveloka.com/id-id/activities/indonesia/product/taman-rekreasi-sengkaling-6415623095757
194,De Beran ( Wisata Beran Lor ) Beran Group,4.4,101,Wisata Umum,-7.8907276,112.5418921,https://www.google.com/maps/place/De+Beran+%28+Wisata+Beran+Lor+%29+Beran+Group/data=!4m7!3m6!1s0x2e78814c3b5ce93f:0x6ab5f37d1cdbb304!8m2!3d-7.8907276!4d112.5418921!16s%2Fg%2F11fjz9p7zd!19sChIJP-lcO0yBeC4RBLPbHH3ztWo?authuser=0&hl=id&rclk=1,10000,instagram.com,https://www.instagram.com/p/C27LxGWLJiu/
195,"Oocarpa, Dau Malang",4.7,30,Tujuan Wisata,-7.9284221,112.5181223,"https://www.google.com/maps/place/Oocarpa,+Dau+Malang/data=!4m7!3m6!1s0x2e788551227e3a8b:0x72e7da20827a101b!8m2!3d-7.9284221!4d112.5181223!16s%2Fg%2F11fwhzg7x8!19sChIJizp-IlGFeC4RGxB6giDa53I?authuser=0&hl=id&rclk=1",5000,radarmalang.jawapos.com,https://radarmalang.jawapos.com/wisata-kuliner/2508250049/hidden-gem-wisata-di-dau-malang-yang-wajib-kamu-coba
196,"Bumi Perkemahan Bedengan, Selorejo",4.6,6483,Wisata Umum,-7.9396234,112.5310838,"https://www.google.com/maps/place/Bumi+Perkemahan+Bedengan,+Selorejo/data=!4m7!3m6!1s0x2e7883de82b88e3b:0xef56b8f39f00d6e0!8m2!3d-7.9396234!4d112.5310838!16s%2Fg%2F11b6xgzj_2!19sChIJO464gt6DeC4R4NYAn_O4Vu8?authuser=0&hl=id&rclk=1",10000,travel.kompas.com,https://travel.kompas.com/read/2024/01/25/152600027/bumi-perkemahan-bedengan-malang--daya-tarik-harga-tiket-dan-jam-buka
197,WISATA PETIRTAAN KAYGUN,4.2,36,WISATA PETIRTAAN KAYGUN,-7.9151148,112.5349894,https://www.google.com/maps/place/WISATA+PETIRTAAN+KAYGUN/data=!4m7!3m6!1s0x2e78814c5748e843:0x645d1832422af04b!8m2!3d-7.9151148!4d112.5349894!16s%2Fg%2F11q96zzbhr!19sChIJQ-hIV0yBeC4RS_AqQjIYXWQ?authuser=0&hl=id&rclk=1,10000,id.trip.com,https://id.trip.com/travel-guide/attraction/batu/wisata-petirtaan-kaygun-136956930/
198,Buthak Savana Kawi Mountain,4.7,246,Wisata Umum,-7.9527353,112.4685099,https://www.google.com/maps/place/Buthak+Savana+Kawi+Mountain/data=!4m7!3m6!1s0x2e78861262728a81:0x872d169391b4a29d!8m2!3d-7.9527353!4d112.4685099!16s%2Fg%2F11bxfs79fj!19sChIJgYpyYhKGeC4RnaK0kZMWLYc?authuser=0&hl=id&rclk=1,15000,traveloka.com,https://www.traveloka.com/id-id/explore/destination/gunung-butak-jawa-timur-trp/1000152
199,Batu Night Spectacular,4.5,38447,Wisata Umum,-7.8965741,112.5345361,https://www.google.com/maps/place/Batu+Night+Spectacular/data=!4m7!3m6!1s0x2e7881303f2c72db:0x953ed7171a77ec21!8m2!3d-7.8965741!4d112.5345361!16s%2Fg%2F11cs693vbv!19sChIJ23IsPzCBeC4RIex3GhfXPpU?authuser=0&hl=id&rclk=1,40000,tiket.com,https://www.tiket.com/id-id/to-do/batu-night-spectacular
200,Jawa Timur Park 3,4.5,43436,Wisata Umum,-7.8971338,112.5531027,https://www.google.com/maps/place/Jawa+Timur+Park+3/data=!4m7!3m6!1s0x2e78811848f3a957:0x1b0013b35e7ee3cd!8m2!3d-7.8971338!4d112.5531027!16s%2Fg%2F11dxqfrtx1!19sChIJV6nzSBiBeC4RzeN-XrMTABs?authuser=0&hl=id&rclk=1,30000,tiket.com,https://www.tiket.com/id-id/to-do/jatim-park-3
201,Wisata Edukasi Susu Batu,4.3,868,Wisata Edukasi Susu Batu,-7.896008,112.554535,https://www.google.com/maps/place/Wisata+Edukasi+Susu+Batu/data=!4m7!3m6!1s0x2e788110ae5e30d9:0x4188099c9bc7f413!8m2!3d-7.896008!4d112.554535!16s%2Fg%2F11hblrlpp5!19sChIJ2TBerhCBeC4RE_THm5wJiEE?authuser=0&hl=id&rclk=1,25000,instagram.com,https://www.instagram.com/reel/DNkeLS6yzju/
202,Kampung Wisata Tani Temas,4.4,99,Kampung Wisata Tani Temas,-7.8776798,112.5406541,https://www.google.com/maps/place/Kampung+Wisata+Tani+Temas/data=!4m7!3m6!1s0x2e78815bc7ddcd6f:0x7508fe9478fea0b3!8m2!3d-7.8776798!4d112.5406541!16s%2Fg%2F11f62rc4rt!19sChIJb83dx1uBeC4Rs6D-eJT-CHU?authuser=0&hl=id&rclk=1,2000,instagram.com,https://www.instagram.com/p/DPGroxwEZVK/
203,Lumbung Stroberi Official,4.4,700,Wisata Umum,-7.8688941,112.5418253,https://www.google.com/maps/place/Lumbung+Stroberi+Official/data=!4m7!3m6!1s0x2e78817feb082c3b:0x9947fcee701ec12d!8m2!3d-7.8688941!4d112.5418253!16s%2Fg%2F11h2mn6l0j!19sChIJOywI63-BeC4RLcEecO78R5k?authuser=0&hl=id&rclk=1,25000,travel.kompas.com,https://travel.kompas.com/read/2023/05/03/140900327/5-tempat-wisata-petik-buah-malang-tiket-mulai-dari-rp-20000?page=all
204,"Coban Lanang, Batu",4.5,1152,Tujuan Wisata · ,-7.8705187,112.5515028,"https://www.google.com/maps/place/Coban+Lanang,+Batu/data=!4m7!3m6!1s0x2e7880e9751f7655:0xc0155fe556c0dc36!8m2!3d-7.8705187!4d112.5515028!16s%2Fg%2F11f_ws3l6l!19sChIJVXYfdemAeC4RNtzAVuVfFcA?authuser=0&hl=id&rclk=1",15000,radarbatu.jawapos.com,https://radarbatu.jawapos.com/wisata-kuliner/2324418465/htm-coban-lanang-kota-batu-murah-meriah-sudah-dapat-fasilitas-fasilitas-berikut-ini-secara-gratis
205,Coban Ubud Kembar ꦕꦺꦴꦧꦤ꧀ꦈꦧꦸꦢ꧀ꦏꦼꦩ꧀ꦧꦂ,4.5,28,Wisata Umum,-7.9345342,112.4996999,https://www.google.com/maps/place/Coban+Ubud+Kembar+%EA%A6%95%EA%A6%BA%EA%A6%B4%EA%A6%A7%EA%A6%A4%EA%A7%80%EA%A6%88%EA%A6%A7%EA%A6%B8%EA%A6%A2%EA%A7%80%EA%A6%8F%EA%A6%BC%EA%A6%A9%EA%A7%80%EA%A6%A7%EA%A6%82/data=!4m7!3m6!1s0x2e7885ebb1188011:0xdbc61fd8f17b527a!8m2!3d-7.9345342!4d112.4996999!16s%2Fg%2F11mw8jsxfl!19sChIJEYAYseuFeC4RelJ78dgfxts?authuser=0&hl=id&rclk=1,10000,travelspromo.com,https://travelspromo.com/htm-wisata/coban-putri-batu/
206,Kota Wisata Batu Jawa Timur,4.8,112,Kota Wisata Batu Jawa Timur,-7.8717047,112.5234815,https://www.google.com/maps/place/Kota+Wisata+Batu+Jawa+Timur/data=!4m7!3m6!1s0x2e788716987ecb41:0x54f7b3a885762bf8!8m2!3d-7.8717047!4d112.5234815!16s%2Fg%2F11h0cm4fzx!19sChIJQct-mBaHeC4R-Ct2haiz91Q?authuser=0&hl=id&rclk=1,50000,tripwisatabromo.com,https://tripwisatabromo.com/artikel/harga-tiket-objek-wisata-di-batu-malang/
207,Wisata Batu Malang,4.6,145,Wisata Batu Malang,-7.8664118,112.5238096,https://www.google.com/maps/place/Wisata+Batu+Malang/data=!4m7!3m6!1s0x2e7887355004ca2d:0xf1c7a1d674890987!8m2!3d-7.8664118!4d112.5238096!16s%2Fg%2F11f4phk417!19sChIJLcoEUDWHeC4RhwmJdNahx_E?authuser=0&hl=id&rclk=1,35000,nahwatravel.co.id,https://nahwatravel.co.id/wisata-batu
208,Batu Secret Zoo,4.8,4812,Wisata Umum,-7.8893819,112.5282242,https://www.google.com/maps/place/Batu+Secret+Zoo/data=!4m7!3m6!1s0x2e7881aa5d3fdfd3:0x45e57feb80681484!8m2!3d-7.8893819!4d112.5282242!16s%2Fg%2F11q9scfc73!19sChIJ098_XaqBeC4RhBRogOt_5UU?authuser=0&hl=id&rclk=1,125000,instagram.com,https://www.instagram.com/jatimparkdua/
209,Jelajah 5 Benua,4.1,71,Wisata Umum,-7.889858,112.5257911,https://www.google.com/maps/place/Jelajah+5+Benua/data=!4m7!3m6!1s0x2e78812b386208df:0x454c76b0c3464197!8m2!3d-7.889858!4d112.5257911!16s%2Fg%2F11c604j__q!19sChIJ3whiOCuBeC4Rl0FGw7B2TEU?authuser=0&hl=id&rclk=1,4000,paketwisatabromo.co.id,https://www.paketwisatabromo.co.id/jelajah-5-benua/
210,Batu Rafting,4.4,506,Wisata Umum,-7.8920678,112.5325663,https://www.google.com/maps/place/Batu+Rafting/data=!4m7!3m6!1s0x2e7880ce73f7491b:0x1f26c0b1a9add0de!8m2!3d-7.8920678!4d112.5325663!16s%2Fg%2F11c56r1dph!19sChIJG0n3c86AeC4R3tCtqbHAJh8?authuser=0&hl=id&rclk=1,200000,kaliwatu.co.id,https://kaliwatu.co.id/rafting-di-batu-malang/
211,Museum Satwa Jawa Timur Park 2,4.8,1276,Wisata Umum,-7.8888179,112.5295605,https://www.google.com/maps/place/Museum+Satwa+Jawa+Timur+Park+2/data=!4m7!3m6!1s0x2e78812bb84d2d63:0xb594f3837d9ade3f!8m2!3d-7.8888179!4d112.5295605!16s%2Fg%2F121hx4y5!19sChIJYy1NuCuBeC4RP96afYPzlLU?authuser=0&hl=id&rclk=1,140000,traveloka.com,https://www.traveloka.com/id-id/activities/indonesia/product/jatim-park-2-tickets-batu-secret-zoo-museum-satwa-2000625477100
212,Puncak Basundara,4.6,160,Wisata Umum,-7.9025509,112.4977627,https://www.google.com/maps/place/Puncak+Basundara/data=!4m7!3m6!1s0x2e7886e982194c55:0x6ae2b73877219925!8m2!3d-7.9025509!4d112.4977627!16s%2Fg%2F11c6cy2bvm!19sChIJVUwZgumGeC4RJZkhdzi34mo?authuser=0&hl=id&rclk=1,10000,traveloka.com,https://www.traveloka.com/id-id/explore/destination/gunung-panderman-destinasi-pendakian/1007425
213,Sweet Memories Selfie,4.8,26,Wisata Umum,-7.8879028,112.5290513,https://www.google.com/maps/place/Sweet+Memories+Selfie/data=!4m7!3m6!1s0x2e7881dddf760917:0xd62a36195f59081d!8m2!3d-7.8879028!4d112.5290513!16s%2Fg%2F11v3m9_1yg!19sChIJFwl2392BeC4RHQhZXxk2KtY?authuser=0&hl=id&rclk=1,30000,malang.suara.com,https://malang.suara.com/read/2024/01/16/153214/sweet-memories-selfie-destinasi-swafoto-baru-yang-instagramable-di-kota-malang
214,Kapal Nabi Nuh,4.2,33,Tujuan Wisata · 4G6G+2WX,-7.8898934,112.5273515,https://www.google.com/maps/place/Kapal+Nabi+Nuh/data=!4m7!3m6!1s0x2e788149099c2ad7:0x76d3b0c3c496664c!8m2!3d-7.8898934!4d112.5273515!16s%2Fg%2F11h5n1qgkv!19sChIJ1yqcCUmBeC4RTGaWxMOw03Y?authuser=0&hl=id&rclk=1,50000,instagram.com,https://www.instagram.com/reel/DXRRJHME-qO/
215,Kampung Sapi Adventure,4.4,93,Tujuan Wisata · Gg. 1,-7.8876971,112.5504373,https://www.google.com/maps/place/Kampung+Sapi+Adventure/data=!4m7!3m6!1s0x2e78811f3d74d661:0xb29d827d32d009d2!8m2!3d-7.8876971!4d112.5504373!16s%2Fg%2F11cs5fzxg_!19sChIJYdZ0PR-BeC4R0gnQMn2CnbI?authuser=0&hl=id&rclk=1,10000,timesindonesia.co.id,https://timesindonesia.co.id/wisata/243501/wisata-kampung-sapi-adventure
216,Museum Angkut,4.7,58042,Museum Angkut,-7.8790652,112.5187151,https://www.google.com/maps/place/Museum+Angkut/data=!4m7!3m6!1s0x2e78872dd3cd2c13:0x3295038cd23c1d38!8m2!3d-7.8790652!4d112.5187151!16s%2Fg%2F11clyt6fly!19sChIJEyzN0y2HeC4ROB080owDlTI?authuser=0&hl=id&rclk=1,104500,instagram.com,https://www.instagram.com/museumangkut/
217,Kaliwatu Rafting,4.6,780,Wisata Umum,-7.863917,112.5344443,https://www.google.com/maps/place/Kaliwatu+Rafting/data=!4m7!3m6!1s0x2e7880c0a8f2c443:0x1202a01809ac1db5!8m2!3d-7.863917!4d112.5344443!16s%2Fg%2F113kb1r08!19sChIJQ8TyqMCAeC4RtR2sCRigAhI?authuser=0&hl=id&rclk=1,185000,labirutour.com,https://labirutour.com/obyek-wisata/malang-rafting-kaliwatu
218,Batu Love Garden - BALOGA,4.6,6465,Taman hiburan dengan kupu-kupu,-7.8633297,112.5429244,https://www.google.com/maps/place/Batu+Love+Garden+-+BALOGA/data=!4m7!3m6!1s0x2e788176c89c5edd:0xc912577baebd778d!8m2!3d-7.8633297!4d112.5429244!16s%2Fg%2F11mvpl87m4!19sChIJ3V6cyHaBeC4RjXe9rntXEsk?authuser=0&hl=id&rclk=1,50000,instagram.com,https://www.instagram.com/reel/DMCyFhPP3Wk/
219,Taman Wilis,4.3,390,Taman Wilis,-7.870136,112.530953,https://www.google.com/maps/place/Taman+Wilis/data=!4m7!3m6!1s0x2e7880c94fb43e29:0xd86b4fc83d446c!8m2!3d-7.870136!4d112.530953!16s%2Fg%2F11c6wm9sx0!19sChIJKT60T8mAeC4RbEQ9yE9r2AA?authuser=0&hl=id&rclk=1,5000,traveloka.com,https://www.traveloka.com/id-id/explore/destination/lembah-wilis-acc/448662
221,Wisata Desa Agro Bumiaji,4.4,146,Wisata Desa Agro Bumiaji,-7.8583285,112.5378621,https://www.google.com/maps/place/Wisata+Desa+Agro+Bumiaji/data=!4m7!3m6!1s0x2e7880ba6797300d:0x41ae81cc9b4f8d9f!8m2!3d-7.8583285!4d112.5378621!16s%2Fg%2F11b6sn9m4z!19sChIJDTCXZ7qAeC4Rn41Pm8yBrkE?authuser=0&hl=id&rclk=1,20000,instagram.com,https://www.instagram.com/reel/DKvVhlLToRJ/
222,Wisata Bunga Sidomulyo,4.6,70,Wisata Bunga Sidomulyo,-7.8629154,112.526721,https://www.google.com/maps/place/Wisata+Bunga+Sidomulyo/data=!4m7!3m6!1s0x2e7880b4e3492419:0x1a974a92b77ecfda!8m2!3d-7.8629154!4d112.526721!16s%2Fg%2F1hm3_3pyl!19sChIJGSRJ47SAeC4R2s9-t5JKlxo?authuser=0&hl=id&rclk=1,10000,detik.com,https://www.detik.com/jatim/wisata/d-7399358/10-rekomendasi-wisata-taman-bunga-di-batu-yang-cantik-nan-aesthetic
223,Omah Budaya Slamet,4.6,133,Wisata Umum,-7.8593095,112.5343266,https://www.google.com/maps/place/Omah+Budaya+Slamet/data=!4m7!3m6!1s0x2e7880b0c2d23c8b:0x7081ce18040ef82c!8m2!3d-7.8593095!4d112.5343266!16s%2Fg%2F11cly81hvw!19sChIJizzSwrCAeC4RLPgOBBjOgXA?authuser=0&hl=id&rclk=1,0,tripadvisor.co.id,https://www.tripadvisor.co.id/Attraction_Review-g1237079-d3377122-Reviews-Omah_Budaya_Slamet-Batu_East_Java_Java.html
224,Kebun Strawberry Kusuma Agrowisata,4.4,399,Kebun Strawberry Kusuma Agrowisata,-7.8777143,112.5127656,https://www.google.com/maps/place/Kebun+Strawberry+Kusuma+Agrowisata/data=!4m7!3m6!1s0x2e78872ff500641d:0x8cabd44e1709da6a!8m2!3d-7.8777143!4d112.5127656!16s%2Fg%2F11hbnx9jy5!19sChIJHWQA9S-HeC4RatoJF07Uq4w?authuser=0&hl=id&rclk=1,10000,instagram.com,https://www.instagram.com/p/DOH-qO6AS7-/?hl=id
226,Jawa Timur Park 1,4.5,18797,Taman hiburan dengan pertunjukan budaya,-7.884152,112.5248269,https://www.google.com/maps/place/Jawa+Timur+Park+1/data=!4m7!3m6!1s0x2e78872ad61d07b9:0x59a848ad52479780!8m2!3d-7.884152!4d112.5248269!16s%2Fg%2F1q5bkzmkt!19sChIJuQcd1iqHeC4RgJdHUq1IqFk?authuser=0&hl=id&rclk=1,40000,tiket.com,https://www.tiket.com/id-id/to-do/jatim-park-1
227,"Kwan Im Tong (Guan Yin Dang) (Mahayana, Tridharma)",4.9,66,Wisata Umum,-7.8698906,112.524267,"https://www.google.com/maps/place/Kwan+Im+Tong+%28Guan+Yin+Dang%29+%28Mahayana,+Tridharma%29/data=!4m7!3m6!1s0x2e7880cb608de427:0x15166275eb0ff8fa!8m2!3d-7.8698906!4d112.524267!16s%2Fg%2F1pzrkkm_5!19sChIJJ-SNYMuAeC4R-vgP63ViFhU?authuser=0&hl=id&rclk=1",0,instagram.com,https://www.instagram.com/reel/DFZuP1XR3qB/
228,Tirta Nirwana Songgoriti,4.3,643,Wisata Umum,-7.865754,112.4932518,https://www.google.com/maps/place/Tirta+Nirwana+Songgoriti/data=!4m7!3m6!1s0x2e788745e0ebb909:0xd6017a240610ca96!8m2!3d-7.865754!4d112.4932518!16s%2Fg%2F1hm34wk4b!19sChIJCbnr4EWHeC4RlsoQBiR6AdY?authuser=0&hl=id&rclk=1,15000,traveloka.com,https://www.traveloka.com/id-id/explore/destination/tirta-nirwana-songgoriti-trp/595351
229,KAMPUNG LA BATU,3.7,88,Wisata Umum,-7.837207,112.5173368,https://www.google.com/maps/place/KAMPUNG+LA+BATU/data=!4m7!3m6!1s0x2e787d6a3fbd7aeb:0x8ace690889933bf4!8m2!3d-7.837207!4d112.5173368!16s%2Fg%2F11g22xd8th!19sChIJ63q9P2p9eC4R9DuTiQhpzoo?authuser=0&hl=id&rclk=1,10000,travelspromo.com,https://travelspromo.com/htm-wisata/la-waterpark-batu/
230,Wisata Bukit Kungkuk,4.5,114,Wisata Bukit Kungkuk,-7.8312347,112.5180804,https://www.google.com/maps/place/Wisata+Bukit+Kungkuk/data=!4m7!3m6!1s0x2e787de40b257835:0x52fcbf43c5b96e05!8m2!3d-7.8312347!4d112.5180804!16s%2Fg%2F11f2wk86d2!19sChIJNXglC-R9eC4RBW65xUO__FI?authuser=0&hl=id&rclk=1,65000,radarbatu.jawapos.com,https://radarbatu.jawapos.com/wisata-kuliner/2404160007/paket-wisata-seru-di-kampung-kungkuk-kota-batu-petik-buah-hingga-camping-ground-lengkap-dengan-rute-perjalanan
231,Taman Goa Pandawa,4.3,81,Taman Goa Pandawa,-7.8513378,112.502935,https://www.google.com/maps/place/Taman+Goa+Pandawa/data=!4m7!3m6!1s0x2e787df3ffffffff:0x2bee7dfca6404495!8m2!3d-7.8513378!4d112.502935!16s%2Fg%2F11f2rwtrxh!19sChIJ______N9eC4RlURApvx97is?authuser=0&hl=id&rclk=1,35000,bobobox.com,https://bobobox.com/blog/id/liburan-300-ribuan-di-malang/
232,Kampung Sakura Sidomulyo,4.5,65,Wisata Umum,-7.8421974,112.5258407,https://www.google.com/maps/place/Kampung+Sakura+Sidomulyo/data=!4m7!3m6!1s0x2e787fa013e0d125:0xbd3221c392a628c!8m2!3d-7.8421974!4d112.5258407!16s%2Fg%2F11sb5thjkt!19sChIJJdHgE6B_eC4RjGIqORwi0ws?authuser=0&hl=id&rclk=1,10000,radarbatu.jawapos.com,https://radarbatu.jawapos.com/wisata-kuliner/2404170005/cuma-10-ribu-tapi-bisa-liburan-ke-jepang-wisata-sakura-sidomulyo-kota-batu-jadi-pilihan-yang-tepat
233,Puthuk Tritih,4.8,178,Wisata Umum,-7.8595824,112.5181143,https://www.google.com/maps/place/Puthuk+Tritih/data=!4m7!3m6!1s0x2e7887004b57b441:0x5a82345c38d90dd1!8m2!3d-7.8595824!4d112.5181143!16s%2Fg%2F11y24m75jj!19sChIJQbRXSwCHeC4R0Q3ZOFw0glo?authuser=0&hl=id&rclk=1,20000,instagram.com,https://www.instagram.com/p/DW0-9JNE31m/?hl=af
234,"Tiara Apel (Lokasi kebun pindah2, minta sharelok admin saja)",4.8,99,Tujuan Wisata,-7.8126747,112.5388551,"https://www.google.com/maps/place/Tiara+Apel+%28Lokasi+kebun+pindah2,+minta+sharelok+admin+saja%29/data=!4m7!3m6!1s0x2e787fc4701e2b41:0x4249e9aadd4eca53!8m2!3d-7.8126747!4d112.5388551!16s%2Fg%2F11svwl5zbl!19sChIJQSsecMR_eC4RU8pO3arpSUI?authuser=0&hl=id&rclk=1",25000,instagram.com,https://www.instagram.com/reel/DRnzrlQk3Qd/
235,"Petik apel malang & petik jeruk keprok ""BATU AGRO APEL"" kota batu, malang",4.3,535,Wisata Umum,-7.8290189,112.5239806,"https://www.google.com/maps/place/Petik+apel+malang+%26+petik+jeruk+keprok+%22BATU+AGRO+APEL%22+kota+batu,+malang/data=!4m7!3m6!1s0x2e787e0702182f07:0x9be911af5cbcc767!8m2!3d-7.8290189!4d112.5239806!16s%2Fg%2F11bwc_x0sk!19sChIJBy8YAgd-eC4RZ8e8XK8R6Zs?authuser=0&hl=id&rclk=1",25000,traveloka.com,https://www.traveloka.com/id-id/explore/destination/wisata-petik-apel-malang-acc/469830
236,Wisata Petik Jeruk Kota Batu,4.9,45,Wisata Petik Jeruk Kota Batu,-7.8528588,112.5269787,https://www.google.com/maps/place/Wisata+Petik+Jeruk+Kota+Batu/data=!4m7!3m6!1s0x2e78814a3dbfac57:0x9a0d4b8d123767a3!8m2!3d-7.8528588!4d112.5269787!16s%2Fg%2F11vzkd1_ys!19sChIJV6y_PUqBeC4Ro2c3Eo1LDZo?authuser=0&hl=id&rclk=1,20000,travel.kompas.com,https://travel.kompas.com/read/2024/07/11/190400127/wisata-petik-buah-di-kebun-8-batu-daya-tarik-harga-tiket-dan-jam-buka?page=all
237,Air Terjun Coban Talun,4.6,511,Wisata Umum,-7.8039184,112.5164789,https://www.google.com/maps/place/Air+Terjun+Coban+Talun/data=!4m7!3m6!1s0x2e787c2ce82a23e5:0xdf919103ce46bd85!8m2!3d-7.8039184!4d112.5164789!16s%2Fg%2F11d_7xgqmn!19sChIJ5SMq6Cx8eC4Rhb1GzgORkd8?authuser=0&hl=id&rclk=1,12000,travelspromo.com,https://travelspromo.com/htm-wisata/coban-talun-kota-batu/
238,Wisata Bunga Potong Krisan,4.3,91,Wisata Bunga Potong Krisan,-7.813074,112.5301772,https://www.google.com/maps/place/Wisata+Bunga+Potong+Krisan/data=!4m7!3m6!1s0x2e787e798bebb26d:0x8f6df196b012a97b!8m2!3d-7.813074!4d112.5301772!16s%2Fg%2F11dxdczmln!19sChIJbbLri3l-eC4Re6kSsJbxbY8?authuser=0&hl=id&rclk=1,10000,jatim.idntimes.com,https://jatim.idntimes.com/travel/destination/5-wisata-taman-bunga-di-batu-dan-malang-cocok-buat-liburan-01-3hq5x-b97jfr
239,Tabebuia tree & Plants Suplier Landscape by Roseasterina jual / sell Pohon,4.6,23,Wisata Umum,-7.836453,112.5195161,https://www.google.com/maps/place/Tabebuia+tree+%26+Plants+Suplier+Landscape+by+Roseasterina+jual+%2F+sell+Pohon/data=!4m7!3m6!1s0x2e787d3f0f21ebad:0x91538c9518ec1185!8m2!3d-7.836453!4d112.5195161!16s%2Fg%2F11pzw_ddk5!19sChIJreshDz99eC4RhRHsGJWMU5E?authuser=0&hl=id&rclk=1,15000,id.trip.com,https://id.trip.com/travel-guide/attraction/batu/wisata-petik-mawar-desa-gunungsari-jual-bunga-mawar-taman-bunga-foto-taman-mawar-indah-terdekat-138029210/
240,"Loket 2 wisata bumi kahyangan BRAKSENG""",4.4,36,Wisata Umum,-7.7708459,112.5347058,https://www.google.com/maps/place/Loket+2+wisata+bumi+kahyangan+BRAKSENG%22/data=!4m7!3m6!1s0x2e787fee158b1401:0x9ce90c24f4b37ab4!8m2!3d-7.7708459!4d112.5347058!16s%2Fg%2F11txs5cg48!19sChIJARSLFe5_eC4RtHqz9CQM6Zw?authuser=0&hl=id&rclk=1,5000,niagatour.com,https://niagatour.com/brakseng-malang/
241,Agrowisata kota batu,4.3,81,Agrowisata kota batu,-7.782166,112.5282246,https://www.google.com/maps/place/Agrowisata+kota+batu/data=!4m7!3m6!1s0x2e787f30a11881bb:0xf16381de8be75940!8m2!3d-7.782166!4d112.5282246!16s%2Fg%2F11sn_2lq_l!19sChIJu4EYoTB_eC4RQFnni96BY_E?authuser=0&hl=id&rclk=1,25000,traveloka.com,https://www.traveloka.com/id-id/activities/indonesia/product/kusuma-waterpark-dan-agrowisata-2000112235945
242,Puncak Kalindra Batu,4.8,147,Wisata Umum,-7.8088033,112.5176017,https://www.google.com/maps/place/Puncak+Kalindra+Batu/data=!4m7!3m6!1s0x2e787df9d58b7fe3:0x76cce0258cc9b473!8m2!3d-7.8088033!4d112.5176017!16s%2Fg%2F11fmzcbwpb!19sChIJ43-L1fl9eC4Rc7TJjCXgzHY?authuser=0&hl=id&rclk=1,10000,malang.indozone.id,https://malang.indozone.id/lifestyle/2486702012/bukit-kalindra-di-coban-talun-trek-singkat-view-maksimal-di-ketinggian-1500-mdpl
243,MIKUTOPIA,4.3,482,Wahana Taman Hiburan,-7.8121273,112.5304657,https://www.google.com/maps/place/MIKUTOPIA/data=!4m7!3m6!1s0x2e787f0057655727:0x19d972e4f64cb9b7!8m2!3d-7.8121273!4d112.5304657!16s%2Fg%2F11ypy9qh9l!19sChIJJ1dlVwB_eC4Rt7lM9uRy2Rk?authuser=0&hl=id&rclk=1,45000,instagram.com,https://www.instagram.com/p/DWd0Tmsj9Hf/?hl=id
244,BRAKSENG Loket 2,4.7,57,Wisata Umum,-7.7716598,112.5312876,https://www.google.com/maps/place/BRAKSENG+Loket+2/data=!4m7!3m6!1s0x2e787f0054c8cc39:0xec5cfa2363377ac!8m2!3d-7.7716598!4d112.5312876!16s%2Fg%2F11v_85gm73!19sChIJOczIVAB_eC4RrHczNqLPxQ4?authuser=0&hl=id&rclk=1,5000,niagatour.com,https://niagatour.com/brakseng-malang/
245,SAWAH GENTING,4.4,31,Wisata Umum,-7.8257674,112.5331102,https://www.google.com/maps/place/SAWAH+GENTING/data=!4m7!3m6!1s0x2e787f11cd602c1d:0xf6d4ae6eed0b2832!8m2!3d-7.8257674!4d112.5331102!16s%2Fg%2F11sd46klkf!19sChIJHSxgzRF_eC4RMigL7W6u1PY?authuser=0&hl=id&rclk=1,12500,rumah123.com,https://www.rumah123.com/explore/kota-malang/cafe-sawah-pujon/
246,Wisata petik apel batu malang,4.5,272,Wisata petik apel batu malang,-7.8142006,112.5295994,https://www.google.com/maps/place/Wisata+petik+apel+batu+malang/data=!4m7!3m6!1s0x2e787e740d3f6195:0x6a84ab663d155b03!8m2!3d-7.8142006!4d112.5295994!16s%2Fg%2F11fx91hd54!19sChIJlWE_DXR-eC4RA1sVPWarhGo?authuser=0&hl=id&rclk=1,20000,kebun8.com,https://kebun8.com/paket/petik-apel/
247,wisata petik jeruk super agro kota batu,5.0,26,Tujuan Wisata · Jl. Semeru,-7.8333467,112.5216271,https://www.google.com/maps/place/wisata+petik+jeruk+super+agro+kota+batu/data=!4m7!3m6!1s0x2e787d2e401f67ff:0xdbf9f5c455bf2980!8m2!3d-7.8333467!4d112.5216271!16s%2Fg%2F11vxg7qyjb!19sChIJ_2cfQC59eC4RgCm_VcT1-ds?authuser=0&hl=id&rclk=1,25000,villabatumalang.com,https://villabatumalang.com/petik-jeruk-di-batu-malang/
248,Kebun Kitala Wisata Petik Strawberry,4.9,46,Kebun Kitala Wisata Petik Strawberry,-7.7928915,112.5324796,https://www.google.com/maps/place/Kebun+Kitala+Wisata+Petik+Strawberry/data=!4m7!3m6!1s0x2e787f440e5649e3:0xa44b8c9567c9144c!8m2!3d-7.7928915!4d112.5324796!16s%2Fg%2F11y43tw99r!19sChIJ40lWDkR_eC4RTBTJZ5WMS6Q?authuser=0&hl=id&rclk=1,20000,kumparan.com,https://kumparan.com/jendela-dunia/harga-tiket-masuk-kebun-strawberry-malang-1yIN2tD99it
249,Pura Luhur Giri Arjuno,4.7,426,Wisata Umum,-7.7852789,112.5473145,https://www.google.com/maps/place/Pura+Luhur+Giri+Arjuno/data=!4m7!3m6!1s0x2e787e952245c9fd:0x9a063aeb9ca8545f!8m2!3d-7.7852789!4d112.5473145!16s%2Fg%2F11b6nhls_w!19sChIJ_clFIpV-eC4RX1SonOs6Bpo?authuser=0&hl=id&rclk=1,0,traveloka.com,https://www.traveloka.com/id-id/explore/activities/pura-di-malang-ta/505352
250,Bekas Pabrik Jamur Sumber Brantas,4.4,893,Wisata Umum,-7.7445816,112.5299683,https://www.google.com/maps/place/Bekas+Pabrik+Jamur+Sumber+Brantas/data=!4m7!3m6!1s0x2e78795c3bb2e567:0x50e3918eae1effc5!8m2!3d-7.7445816!4d112.5299683!16s%2Fg%2F11c1ws6bwv!19sChIJZ-WyO1x5eC4Rxf8ero6R41A?authuser=0&hl=id&rclk=1,5000,detik.com,https://www.detik.com/jatim/wisata/d-8460888/8-rekomendasi-tempat-wisata-alam-yang-asri-di-sekitar-cangar
251,Cangar,4.7,672,Wisata Umum,-7.7394125,112.5328906,https://www.google.com/maps/place/Cangar/data=!4m7!3m6!1s0x2e7879431310407d:0x461bf64bcee884ee!8m2!3d-7.7394125!4d112.5328906!16s%2Fg%2F11t85c2bjm!19sChIJfUAQE0N5eC4R7oTozkv2G0Y?authuser=0&hl=id&rclk=1,20000,tahurarsoerjo.dishut.jatimprov.go.id,https://tahurarsoerjo.dishut.jatimprov.go.id/sub/owa/cangar.php
252,Gua Jepang,4.2,111,Wisata Umum,-7.7423282,112.5337783,https://www.google.com/maps/place/Gua+Jepang/data=!4m7!3m6!1s0x2e7879679c02b809:0xad5459c9608898b1!8m2!3d-7.7423282!4d112.5337783!16s%2Fg%2F11c2py21p1!19sChIJCbgCnGd5eC4RsZiIYMlZVK0?authuser=0&hl=id&rclk=1,10000,surabaya.kompas.com,https://surabaya.kompas.com/read/2022/12/16/225621078/goa-pinus-di-kota-batu-daya-tarik-harga-tiket-jam-buka-dan-rute
253,Pantai Batu Bengkung,4.7,2789,Pantai Batu Bengkung,-8.4301875,112.6151875,https://www.google.com/maps/place/Pantai+Batu+Bengkung/data=!4m7!3m6!1s0x2dd60351965c9241:0x635e1d765e6cfbaa!8m2!3d-8.4301875!4d112.6151875!16s%2Fg%2F11gl3r5233!19sChIJQZJcllED1i0RqvtsXnYdXmM?authuser=0&hl=id&rclk=1,10000,traveloka.com,https://www.traveloka.com/id-id/explore/destination/pantai-batu-bengkung-acc/385914
254,REST AREA TAWON,4.8,25,Tujuan Wisata · JH57+369,-8.3924608,112.5636428,https://www.google.com/maps/place/REST+AREA+TAWON/data=!4m7!3m6!1s0x2e78a9003d1ae2eb:0x3229d2c8c1dadcd2!8m2!3d-8.3924608!4d112.5636428!16s%2Fg%2F11wr3b73zz!19sChIJ6-IaPQCpeC4R0tzawcjSKTI?authuser=0&hl=id&rclk=1,25000,instagram.com,https://www.instagram.com/reel/DL3w6-_SFpe/
255,LOKET & INFORMASI WISATA PANTAI NGUDEL,4.3,33,Wisata Umum,-8.4146983,112.5855267,https://www.google.com/maps/place/LOKET+%26+INFORMASI+WISATA+PANTAI+NGUDEL/data=!4m7!3m6!1s0x2e78ab4db11f2329:0x3a57adcefc40debc!8m2!3d-8.4146983!4d112.5855267!16s%2Fg%2F11nnr3fthc!19sChIJKSMfsU2reC4RvN5A_M6tVzo?authuser=0&hl=id&rclk=1,15000,matic.malangkab.go.id,https://matic.malangkab.go.id/listing/pantai-ngudel
256,Muara Paradise,5.0,22,Wisata Umum,-8.4030643,112.5453749,https://www.google.com/maps/place/Muara+Paradise/data=!4m7!3m6!1s0x2e78a900270771e1:0x49add6cb82ffeed3!8m2!3d-8.4030643!4d112.5453749!16s%2Fg%2F11myd05jrb!19sChIJ4XEHJwCpeC4R0-7_gsvWrUk?authuser=0&hl=id&rclk=1,75000,home.hawaigroup.id,https://home.hawaigroup.id/info-harga-tiket-masuk-malang-night-paradise-2025/
257,Pantai Banyu Meneng,4.6,2236,Pantai Banyu Meneng,-8.3963397,112.5150428,https://www.google.com/maps/place/Pantai+Banyu+Meneng/data=!4m7!3m6!1s0x2e78aec8363b2453:0x9659fddc3561977b!8m2!3d-8.3963397!4d112.5150428!16s%2Fg%2F11cl_k3rb9!19sChIJUyQ7NsiueC4Re5dhNdz9WZY?authuser=0&hl=id&rclk=1,15000,travel.kompas.com,https://travel.kompas.com/read/2024/01/16/211900927/harga-tiket-dan-jam-buka-pantai-banyu-meneng-malang?page=all
258,Pantai Mbehi,4.5,164,Pantai Mbehi,-8.4022358,112.5043082,https://www.google.com/maps/place/Pantai+Mbehi/data=!4m7!3m6!1s0x2e78aebe8de7c39f:0x952f7708d5e2ddd2!8m2!3d-8.4022358!4d112.5043082!16s%2Fg%2F11cmzgsnwy!19sChIJn8Pnjb6ueC4R0t3i1Qh3L5U?authuser=0&hl=id&rclk=1,10000,paketoutboundmalang.com,https://paketoutboundmalang.com/teluk-bidadari/
259,Kolam Jambegede. Samaq Asri Budidaya Ikan,4.2,36,Tujuan Wisata · RH96+P7F,-8.1810061,112.5625404,https://www.google.com/maps/place/Kolam+Jambegede.+Samaq+Asri+Budidaya+Ikan/data=!4m7!3m6!1s0x2e78a1cfe6153d93:0xdc5872fb737cfc02!8m2!3d-8.1810061!4d112.5625404!16s%2Fg%2F11f1wcn552!19sChIJkz0V5s-heC4RAvx8c_tyWNw?authuser=0&hl=id&rclk=1,5000,radarmalang.jawapos.com,https://radarmalang.jawapos.com/wisata-kuliner/2501020023/rekomendasi-tiga-tempat-wisata-air-ramah-anak-di-kabupaten-malang-dengan-harga-terjangkau
260,TAMAN TOPENG SENGGURUH KEPANJEN,4.6,94,TAMAN TOPENG SENGGURUH KEPANJEN,-8.1766135,112.5499927,https://www.google.com/maps/place/TAMAN+TOPENG+SENGGURUH+KEPANJEN/data=!4m7!3m6!1s0x2e78a1c9d467e4b9:0x697cfda6b8b4495e!8m2!3d-8.1766135!4d112.5499927!16s%2Fg%2F11lgx2qh40!19sChIJueRn1MmheC4RXkm0uKb9fGk?authuser=0&hl=id&rclk=1,8000,traveloka.com,https://www.traveloka.com/id-id/explore/destination/tempat-wisata-di-kepanjen-malang-untuk-healing-acc/1002055
261,Penyebrangan Jurang Toleh,4.9,35,Wisata Umum,-8.1783217,112.4790013,https://www.google.com/maps/place/Penyebrangan+Jurang+Toleh/data=!4m7!3m6!1s0x2e78a3bb1e577b8f:0x904bfecd9353d6eb!8m2!3d-8.1783217!4d112.4790013!16s%2Fg%2F11h9m_knts!19sChIJj3tXHrujeC4R69ZTk83-S5A?authuser=0&hl=id&rclk=1,10000,malangtimes.com,https://www.malangtimes.com/baca/161254/20171105/063226/wisata-jurang-toleh-di-sumberpucung-suguhkan-danau-dan-taman-bunga
262,Sumber Sira Putukrejo,4.4,4537,Wisata Umum,-8.1228293,112.6206066,https://www.google.com/maps/place/Sumber+Sira+Putukrejo/data=!4m7!3m6!1s0x2dd6207d89138a3f:0x8c4952436696f6ff!8m2!3d-8.1228293!4d112.6206066!16s%2Fg%2F11bw4svrxv!19sChIJP4oTiX0g1i0R__aWZkNSSYw?authuser=0&hl=id&rclk=1,10000,labirutour.com,https://labirutour.com/obyek-wisata/malang-sumber-sira-putukrejo
263,Taman Contong Kepanjen,4.5,39,Taman Contong Kepanjen,-8.1326476,112.5727016,https://www.google.com/maps/place/Taman+Contong+Kepanjen/data=!4m7!3m6!1s0x2e789faa045276cf:0xd72f202cf1cc001e!8m2!3d-8.1326476!4d112.5727016!16s%2Fg%2F11dfj2dbph!19sChIJz3ZSBKqfeC4RHgDM8SwgL9c?authuser=0&hl=id&rclk=1,10000,24travel.id,https://24travel.id/sumber-taman-malang/?srsltid=AfmBOooI1AJdyH00tt43Jtqv5hpRc5jZ8jhYBpLTKy0CG6ag9cMaxpXw
264,Monumen Peniwen Affair,4.6,172,Wisata Umum,-8.1088183,112.4700734,https://www.google.com/maps/place/Monumen+Peniwen+Affair/data=!4m7!3m6!1s0x2e7899995a6f8fab:0xdb18a3b93170747c!8m2!3d-8.1088183!4d112.4700734!16s%2Fg%2F11f34zm7s1!19sChIJq49vWpmZeC4RfHRwMbmjGNs?authuser=0&hl=id&rclk=1,60000,malymarszalek.edu.pl,https://malymarszalek.edu.pl/kromengan-malang/
265,Monumen Juang,4.3,86,Wisata Umum,-7.9775531,112.636329,https://www.google.com/maps/place/Monumen+Juang/data=!4m7!3m6!1s0x2dd6283c65fd405f:0xa3606d5c192e7d11!8m2!3d-7.9775531!4d112.636329!16s%2Fg%2F1pzywnpbh!19sChIJX0D9ZTwo1i0REX0uGVxtYKM?authuser=0&hl=id&rclk=1,15000,traveloka.com,https://www.traveloka.com/id-id/explore/activities/tempat-wisata-di-malang-yang-murah-ta/532297
266,Wisata Kampung Putih Malang,4.2,234,Wisata Kampung Putih Malang,-7.9727599,112.6309237,https://www.google.com/maps/place/Wisata+Kampung+Putih+Malang/data=!4m7!3m6!1s0x2dd628254646095f:0x4436fed9cb1683eb!8m2!3d-7.9727599!4d112.6309237!16s%2Fg%2F11g6x8df4k!19sChIJXwlGRiUo1i0R64MWy9n-NkQ?authuser=0&hl=id&rclk=1,2000,paketwisatabromo.co.id,https://www.paketwisatabromo.co.id/wisata-kampung-putih/
267,KWJ MALANG,4.5,287,Wisata Umum,-7.9831,112.6374847,https://www.google.com/maps/place/KWJ+MALANG/data=!4m7!3m6!1s0x2dd62816769e866d:0xa6a5ab7f0f79039!8m2!3d-7.9831!4d112.6374847!16s%2Fg%2F11f2xxy3_6!19sChIJbYaedhYo1i0ROZD38Ldaago?authuser=0&hl=id&rclk=1,5000,rumah123.com,https://www.rumah123.com/explore/kota-malang/kampung-warna-warni-malang/
268,Kolam Renang Lembah Wagir,4.5,99,Kolam Renang Lembah Wagir,-8.0073781,112.5745081,https://www.google.com/maps/place/Kolam+Renang+Lembah+Wagir/data=!4m7!3m6!1s0x2e789d96f86f4209:0xa0cb634a545986fc!8m2!3d-8.0073781!4d112.5745081!16s%2Fg%2F11l2fd3tb5!19sChIJCUJv-JadeC4R_IZZVEpjy6A?authuser=0&hl=id&rclk=1,10000,radarmalioboro.jawapos.com,https://radarmalioboro.jawapos.com/wisata/2411130011/nikmati-liburan-murah-meriah-di-malang-kolam-renang-lembah-wagir-destinasi-asyik-untuk-bersantai-bersama-keluarga
269,Wana Wisata Perhutani Malang,4.6,99,Wana Wisata Perhutani Malang,-7.968701,112.6351501,https://www.google.com/maps/place/Wana+Wisata+Perhutani+Malang/data=!4m7!3m6!1s0x2dd7adc9a6a5a79b:0xc1cfa819fb63f35a!8m2!3d-7.968701!4d112.6351501!16s%2Fg%2F11jcpbxnnw!19sChIJm6elpsmt1y0RWvNj-xmoz8E?authuser=0&hl=id&rclk=1,35000,perhutani.co.id,https://www.perhutani.co.id/harga-tiket-dan-jam-buka-taman-labirin-coban-rondo-malang/
270,Taman Kunang Kunang,4.3,2381,Taman Kunang Kunang,-7.9631613,112.6236354,https://www.google.com/maps/place/Taman+Kunang+Kunang/data=!4m7!3m6!1s0x2dd6282ae620921b:0x882fe1a55b0d0af9!8m2!3d-7.9631613!4d112.6236354!16s%2Fg%2F11b8v9jycj!19sChIJG5Ig5ioo1i0R-QoNW6XhL4g?authuser=0&hl=id&rclk=1,10000,atourin.com,https://atourin.com/destination/malang/taman-kunang-kunang
271,Taman Ijen,4.7,3426,Taman Ijen,-7.9677826,112.6238808,https://www.google.com/maps/place/Taman+Ijen/data=!4m7!3m6!1s0x2dd628296f210a13:0x395dcfb7c168aadd!8m2!3d-7.9677826!4d112.6238808!16s%2Fg%2F11d_8531kt!19sChIJEwohbyko1i0R3apowbfPXTk?authuser=0&hl=id&rclk=1,5000,tiket.com,https://www.tiket.com/id-id/explore/kawah-ijen
272,Taman Kota,4.6,347,Taman Kota,-7.9619865,112.6243744,https://www.google.com/maps/place/Taman+Kota/data=!4m7!3m6!1s0x2dd6282b4a9a411b:0x8d97c4b9da34fb07!8m2!3d-7.9619865!4d112.6243744!16s%2Fg%2F11c58wylcy!19sChIJG0GaSiso1i0RB_s02rnEl40?authuser=0&hl=id&rclk=1,25000,nahwatravel.co.id,https://nahwatravel.co.id/taman-dengan-fasilitas-terlengkap-di-kota-malang
273,Candi Badut,4.5,1750,Wisata Umum,-7.957826,112.5986198,https://www.google.com/maps/place/Candi+Badut/data=!4m7!3m6!1s0x2e78826723d1a95d:0x95fdf34c20fb4d51!8m2!3d-7.957826!4d112.5986198!16s%2Fg%2F121bdc6j!19sChIJXanRI2eCeC4RUU37IEzz_ZU?authuser=0&hl=id&rclk=1,10000,salsawisata.com,https://salsawisata.com/candi-badut/
274,Unimaz Rajut,4.2,116,Wisata Umum,-7.9649155,112.5961882,https://www.google.com/maps/place/Unimaz+Rajut/data=!4m7!3m6!1s0x2e78828acafdd14d:0x1fab8db5026af0a3!8m2!3d-7.9649155!4d112.5961882!16s%2Fg%2F11gd67pvyv!19sChIJTdH9yoqCeC4Ro_BqArWNqx8?authuser=0&hl=id&rclk=1,50000,instagram.com,https://www.instagram.com/reel/DFIDpOlyR7o/
275,Museum Brawijaya,4.5,7199,Museum Brawijaya,-7.9721325,112.621209,https://www.google.com/maps/place/Museum+Brawijaya/data=!4m7!3m6!1s0x2dd628291cc584d5:0x44947ed5ec722b02!8m2!3d-7.9721325!4d112.621209!16s%2Fg%2F11f7bqg6kg!19sChIJ1YTFHCko1i0RAity7NV-lEQ?authuser=0&hl=id&rclk=1,3000,tripadvisor.co.id,https://www.tripadvisor.co.id/LocationPhotoDirectLink-g297710-d3386196-i184172821-Brawijaya_Museum-Malang_East_Java_Java.html
276,Museum Zoologi Frater Vianney,4.6,276,Museum Zoologi Frater Vianney,-7.9586239,112.5963661,https://www.google.com/maps/place/Museum+Zoologi+Frater+Vianney/data=!4m7!3m6!1s0x2e788260bab813a9:0x4b6e217abd0ca7ea!8m2!3d-7.9586239!4d112.5963661!16s%2Fg%2F11b6hnr8r6!19sChIJqRO4umCCeC4R6qcMvXohbks?authuser=0&hl=id&rclk=1,20000,radarmalang.jawapos.com,https://radarmalang.jawapos.com/wisata-kuliner/2506160025/menikmati-liburan-dengan-belajar-sains-ini-dia-rekomendasi-museum-bertema-edukasi-sains-di-malang
277,Taman Krida Budaya Jawa Timur,4.5,7519,Taman Krida Budaya Jawa Timur,-7.9426232,112.6225314,https://www.google.com/maps/place/Taman+Krida+Budaya+Jawa+Timur/data=!4m7!3m6!1s0x2dd629dfce6ea0c7:0x5b3f2b87a3799547!8m2!3d-7.9426232!4d112.6225314!16s%2Fg%2F1hm5q156w!19sChIJx6Buzt8p1i0RR5V5o4crP1s?authuser=0&hl=id&rclk=1,0,kumparan.com,https://kumparan.com/jendela-dunia/taman-krida-budaya-malang-tarif-masuk-dan-fasilitas-yang-tersedia-22ljsIWIqAs
278,Kampung Wisata Keramik Dinoyo,4.4,741,Kampung Wisata Keramik Dinoyo,-7.9418156,112.6116907,https://www.google.com/maps/place/Kampung+Wisata+Keramik+Dinoyo/data=!4m7!3m6!1s0x2e78827327aa4fd3:0x5a49804dcae940ba!8m2!3d-7.9418156!4d112.6116907!16s%2Fg%2F1pzt108vw!19sChIJ00-qJ3OCeC4RukDpyk2ASVo?authuser=0&hl=id&rclk=1,35000,suryamalang.tribunnews.com,https://suryamalang.tribunnews.com/2022/12/22/ada-paket-edukasi-seharga-rp-35000-di-kampung-keramik-dinoyo-kota-malang
279,Kampoeng Dokar,4.7,22,"Tujuan Wisata · 3HP7+4G6, RW.004",-7.9147081,112.563754,https://www.google.com/maps/place/Kampoeng+Dokar/data=!4m7!3m6!1s0x2e7881b230b6c5a3:0x77dece20fc53121b!8m2!3d-7.9147081!4d112.563754!16s%2Fg%2F11ftc56rgm!19sChIJo8W2MLKBeC4RGxJT_CDO3nc?authuser=0&hl=id&rclk=1,30000,instagram.com,https://www.instagram.com/p/DUcmefxE0ap/
280,Kebun Jeruk Pak Taufik,4.7,25,Tujuan Wisata · 3H68+JGX,-7.93816,112.5664001,https://www.google.com/maps/place/Kebun+Jeruk+Pak+Taufik/data=!4m7!3m6!1s0x2e7883dc000d9179:0xa11ef3d7eb1ca5b4!8m2!3d-7.93816!4d112.5664001!16s%2Fg%2F11t63ylgdp!19sChIJeZENANyDeC4RtKUc69fzHqE?authuser=0&hl=id&rclk=1,20000,travel.kompas.com,https://travel.kompas.com/read/2024/07/11/190400127/wisata-petik-buah-di-kebun-8-batu-daya-tarik-harga-tiket-dan-jam-buka?page=all
281,Sevenfield Sport Wisata Air,4.2,1613,Sevenfield Sport Wisata Air,-7.9090204,112.6278515,https://www.google.com/maps/place/Sevenfield+Sport+Wisata+Air/data=!4m7!3m6!1s0x2dd62a0f07bd1b05:0x48e43233f6eb5742!8m2!3d-7.9090204!4d112.6278515!16s%2Fg%2F11btx5903j!19sChIJBRu9Bw8q1i0RQlfr9jMy5Eg?authuser=0&hl=id&rclk=1,7000,instagram.com,https://www.instagram.com/reel/DQ8DUNTkoyI/
282,Farm Garden - Kampung Sapi Adventure,4.3,27,Tujuan Wisata,-7.8881342,112.5497265,https://www.google.com/maps/place/Farm+Garden+-+Kampung+Sapi+Adventure/data=!4m7!3m6!1s0x2e78811f6c96c76b:0x470c8521c8d59ffe!8m2!3d-7.8881342!4d112.5497265!16s%2Fg%2F11b8v99f16!19sChIJa8eWbB-BeC4R_p_VyCGFDEc?authuser=0&hl=id&rclk=1,10000,misteraladin.com,https://www.misteraladin.com/blog/wisata-edukatif-kampung-sapi-adventure-di-batu/
283,Museum Musik Dunia Jawa Timur Park 3,4.7,218,Wisata Umum,-7.8959215,112.553471,https://www.google.com/maps/place/Museum+Musik+Dunia+Jawa+Timur+Park+3/data=!4m7!3m6!1s0x2e7881170e3f6735:0x759a17ea9d1ce815!8m2!3d-7.8959215!4d112.553471!16s%2Fg%2F11gh2qkyt5!19sChIJNWc_DheBeC4RFegcneoXmnU?authuser=0&hl=id&rclk=1,30000,tiket.com,https://www.tiket.com/id-id/to-do/jatim-park-3
284,Milenial Glow Garden,4.7,2737,Wisata Umum,-7.8988554,112.5547462,https://www.google.com/maps/place/Milenial+Glow+Garden/data=!4m7!3m6!1s0x2e78819fe29eaa1b:0x638da5b520b441e9!8m2!3d-7.8988554!4d112.5547462!16s%2Fg%2F11fqcyd5rg!19sChIJG6qe4p-BeC4R6UG0ILWljWM?authuser=0&hl=id&rclk=1,89100,tiket.com,https://www.tiket.com/id-id/to-do/milenial-glow-garden
285,Rafting Sahabat Air,4.4,295,Wisata Umum,-7.902448,112.57126,https://www.google.com/maps/place/Rafting+Sahabat+Air/data=!4m7!3m6!1s0x2e78810a97b33a1d:0xaf982cd0cfb57ced!8m2!3d-7.902448!4d112.57126!16s%2Fg%2F1hm5bxrw_!19sChIJHTqzlwqBeC4R7Xy1z9AsmK8?authuser=0&hl=id&rclk=1,195000,labirutour.com,https://labirutour.com/obyek-wisata/malang-rafting-kaliwatu
286,Museum Art Gallery,4.6,49,Museum Art Gallery,-7.889176,112.5295895,https://www.google.com/maps/place/Museum+Art+Gallery/data=!4m7!3m6!1s0x2e78812981627bed:0x37d014e7e6c74550!8m2!3d-7.889176!4d112.5295895!16s%2Fg%2F1hm2w315s!19sChIJ7XtigSmBeC4RUEXH5ucU0Dc?authuser=0&hl=id&rclk=1,25000,mcc.malangkota.go.id,https://mcc.malangkota.go.id/event/ruangan/creative-city-planing-galery-45
287,Kampoeng Wisata De Berran,4.3,883,Kampoeng Wisata De Berran,-7.8907364,112.5419283,https://www.google.com/maps/place/Kampoeng+Wisata+De+Berran/data=!4m7!3m6!1s0x2e78812405ba1eb5:0xe616d99bd0b98b27!8m2!3d-7.8907364!4d112.5419283!16s%2Fg%2F11g8xj736w!19sChIJtR66BSSBeC4RJ4u50JvZFuY?authuser=0&hl=id&rclk=1,10000,instagram.com,https://www.instagram.com/reel/CwwVondrJCh/
288,Taman Wisata Lembah Dieng,4.4,3908,Taman Wisata Lembah Dieng,-7.9654754,112.5987742,https://www.google.com/maps/place/Taman+Wisata+Lembah+Dieng/data=!4m7!3m6!1s0x2e78828af6bba21d:0xfc4b120c44254c90!8m2!3d-7.9654754!4d112.5987742!16s%2Fg%2F1pv0lsc1f!19sChIJHaK79oqCeC4RkEwlRAwSS_w?authuser=0&hl=id&rclk=1,10000,niagatour.com,https://niagatour.com/wisata-lembah-dieng-malang/
289,Malang Skyland,4.2,2954,Wisata Umum,-7.867401,112.5760073,https://www.google.com/maps/place/Malang+Skyland/data=!4m7!3m6!1s0x2e7881a1597ef4c7:0x33b0ec5a011065de!8m2!3d-7.867401!4d112.5760073!16s%2Fg%2F11s7dv_0yy!19sChIJx_R-WaGBeC4R3mUQAVrssDM?authuser=0&hl=id&rclk=1,45000,detik.com,https://www.detik.com/jatim/wisata/d-7311769/malang-skyland-daya-tarik-harga-tiket-masuk-dan-jam-operasional
290,Sumber Cinde,4.3,142,Wisata Umum,-7.8581086,112.5436315,https://www.google.com/maps/place/Sumber+Cinde/data=!4m7!3m6!1s0x2e7880bc65871add:0xbeb005dd01676b23!8m2!3d-7.8581086!4d112.5436315!16s%2Fg%2F11ckvwm0_t!19sChIJ3RqHZbyAeC4RI2tnAd0FsL4?authuser=0&hl=id&rclk=1,10000,radarmalang.jawapos.com,https://radarmalang.jawapos.com/berita-terbaru/2412250040/destinasi-wisata-alam-yang-perlu-perjuangan-coban-cinde-menawarkan-keindahan-tiada-dua
291,Hilltop,4.5,67,Tujuan Wisata · 5HC3+RCF,-7.8279375,112.5535469,https://www.google.com/maps/place/Hilltop/data=!4m7!3m6!1s0x2e787f0025143461:0x39f606452b39278c!8m2!3d-7.8279375!4d112.5535469!16s%2Fg%2F11y6b5_4gr!19sChIJYTQUJQB_eC4RjCc5K0UG9jk?authuser=0&hl=id&rclk=1,10000,tripwisatabromo.com,https://tripwisatabromo.com/artikel/harga-tiket-objek-wisata-di-batu-malang/
292,Offroad Coban Talun - Offroad Batu Malang,4.9,165,Wisata Umum,-7.8010468,112.5176383,https://www.google.com/maps/place/Offroad+Coban+Talun+-+Offroad+Batu+Malang/data=!4m7!3m6!1s0x2e787d93be740a7d:0x10aa73a9e1565329!8m2!3d-7.8010468!4d112.5176383!16s%2Fg%2F11qnztpwyn!19sChIJfQp0vpN9eC4RKVNW4alzqhA?authuser=0&hl=id&rclk=1,7500,offroadcobantalun.com,https://offroadcobantalun.com/
293,Kebun Apel Di Batu,4.4,151,Wisata Umum,-7.8125415,112.5296186,https://www.google.com/maps/place/Kebun+Apel+Di+Batu/data=!4m7!3m6!1s0x2e787f490d36fa2b:0x88ac22075f7afedc!8m2!3d-7.8125415!4d112.5296186!16s%2Fg%2F11gjt5n3br!19sChIJK_o2DUl_eC4R3P56XwcirIg?authuser=0&hl=id&rclk=1,20000,kebun8.com,https://kebun8.com/paket/petik-apel/
294,Pantai Singit ꦥꦼꦱꦶꦱꦶꦂꦱꦶꦔꦶꦠ꧀,4.8,20,Pantai Singit ꦥꦼꦱꦶꦱꦶꦂꦱꦶꦔꦶꦠ꧀,-8.419302,112.6048018,https://www.google.com/maps/place/Pantai+Singit+%EA%A6%A5%EA%A6%BC%EA%A6%B1%EA%A6%B6%EA%A6%B1%EA%A6%B6%EA%A6%82%EA%A6%B1%EA%A6%B6%EA%A6%94%EA%A6%B6%EA%A6%A0%EA%A7%80/data=!4m7!3m6!1s0x2e78aa1ba0d4a683:0x7f731ecc884cd504!8m2!3d-8.419302!4d112.6048018!16s%2Fg%2F11cmgkhxtw!19sChIJg6bUoBuqeC4RBNVMiMwec38?authuser=0&hl=id&rclk=1,15000,travel.kompas.com,https://travel.kompas.com/read/2021/01/05/191218427/rute-harga-tiket-dan-aktivitas-wisata-di-tempat-wisata-sekitar-songgoriti?page=all
295,Pantai Buncaran ꦥꦼꦱꦶꦱꦶꦂꦧꦸꦚ꧀ꦕꦫꦤ꧀,4.4,59,Pantai Buncaran ꦥꦼꦱꦶꦱꦶꦂꦧꦸꦚ꧀ꦕꦫꦤ꧀,-8.4165454,112.5954665,https://www.google.com/maps/place/Pantai+Buncaran+%EA%A6%A5%EA%A6%BC%EA%A6%B1%EA%A6%B6%EA%A6%B1%EA%A6%B6%EA%A6%82%EA%A6%A7%EA%A6%B8%EA%A6%9A%EA%A7%80%EA%A6%95%EA%A6%AB%EA%A6%A4%EA%A7%80/data=!4m7!3m6!1s0x2e78aa21db080475:0xd6819ff2ef072e4e!8m2!3d-8.4165454!4d112.5954665!16s%2Fg%2F11cmzkl1v1!19sChIJdQQI2yGqeC4RTi4H7_KfgdY?authuser=0&hl=id&rclk=1,7000,pantainesia.com,https://www.pantainesia.com/pantai-kuncaran
296,Pantai Karang ꦥꦼꦱꦶꦱꦶꦂꦏꦫꦁ,4.4,27,Pantai Karang ꦥꦼꦱꦶꦱꦶꦂꦏꦫꦁ,-8.4181927,112.6005472,https://www.google.com/maps/place/Pantai+Karang+%EA%A6%A5%EA%A6%BC%EA%A6%B1%EA%A6%B6%EA%A6%B1%EA%A6%B6%EA%A6%82%EA%A6%8F%EA%A6%AB%EA%A6%81/data=!4m7!3m6!1s0x2e78aa194a6d6e1d:0x968f6b1c37579fb7!8m2!3d-8.4181927!4d112.6005472!16s%2Fg%2F11cmgkn30t!19sChIJHW5tShmqeC4Rt59XNxxrj5Y?authuser=0&hl=id&rclk=1,15000,traveloka.com,https://www.traveloka.com/id-id/explore/destination/17-pantai-di-malang-yang-memiliki-panorama-unik/16468
297,Pantai Tanjung Penyu,4.7,3646,Pantai Tanjung Penyu,-8.4361094,112.6476701,https://www.google.com/maps/place/Pantai+Tanjung+Penyu/data=!4m7!3m6!1s0x2dd601d401d00aeb:0x95e3d2e3326a418d!8m2!3d-8.4361094!4d112.6476701!16s%2Fg%2F11ptv62d1w!19sChIJ6wrQAdQB1i0RjUFqMuPS45U?authuser=0&hl=id&rclk=1,10000,traveloka.com,https://www.traveloka.com/id-id/explore/activities/panduan-wisata-pantai-tanjung-penyu-malang-ta/337922
298,Pantai Wedi Klopo,4.4,61,Pantai Wedi Klopo,-8.4283125,112.6153125,https://www.google.com/maps/place/Pantai+Wedi+Klopo/data=!4m7!3m6!1s0x2e78aa0bea156657:0x49c348b7f1efae4b!8m2!3d-8.4283125!4d112.6153125!16s%2Fg%2F11bxg36_96!19sChIJV2YV6guqeC4RS67v8bdIw0k?authuser=0&hl=id&rclk=1,5000,paketwisatabromo.co.id,https://www.paketwisatabromo.co.id/pantai-wedi-klopo/
299,Gunung Gede Sumberejo,4.6,20,Gunung Gede Sumberejo,-8.247082,112.610271,https://www.google.com/maps/place/Gunung+Gede+Sumberejo/data=!4m7!3m6!1s0x2e78a1b72de88fbd:0xbc34aa3d55a41916!8m2!3d-8.247082!4d112.610271!16s%2Fg%2F11h_g0dvrv!19sChIJvY_oLbeheC4RFhmkVT2qNLw?authuser=0&hl=id&rclk=1,34000,eigeradventure.com,https://www.eigeradventure.com/blog/biaya-naik-gunung-gede/
300,Wisata Sumber Janji,3.8,28,Wisata Sumber Janji,-8.1958053,112.6829786,https://www.google.com/maps/place/Wisata+Sumber+Janji/data=!4m7!3m6!1s0x2dd61f1bac4c0d3d:0x6ed0e1d8110d31c8!8m2!3d-8.1958053!4d112.6829786!16s%2Fg%2F11f1nfrgc1!19sChIJPQ1MrBsf1i0RyDENEdjh0G4?authuser=0&hl=id&rclk=1,5000,matic.malangkab.go.id,https://matic.malangkab.go.id/listing/wisata-sumber-janji
301,"Taman Wisata "" Sumber Alam """,4.1,656,Wisata Umum,-8.133994,112.6817148,https://www.google.com/maps/place/Taman+Wisata+%22+Sumber+Alam+%22/data=!4m7!3m6!1s0x2dd621baf9fbe271:0x90e30d48456080ee!8m2!3d-8.133994!4d112.6817148!16s%2Fg%2F11b6yfl8w9!19sChIJceL7-boh1i0R7oBgRUgN45A?authuser=0&hl=id&rclk=1,10000,malang.merdeka.com,http://malang.merdeka.com/pariwisata/berwisata-menikmati-kesegaran-mata-air-sumber-alam-1606228.html
302,Wisata Sumber Buntung,4.4,35,Wisata Sumber Buntung,-8.2179561,112.5890919,https://www.google.com/maps/place/Wisata+Sumber+Buntung/data=!4m7!3m6!1s0x2e78a164584ff3db:0xc5799f5fda4f23a6!8m2!3d-8.2179561!4d112.5890919!16s%2Fg%2F11nn0x7409!19sChIJ2_NPWGSheC4RpiNP2l-fecU?authuser=0&hl=id&rclk=1,5000,instagram.com,https://www.instagram.com/reel/DMpqc9qyZ5-/
304,Pemandian Sumber Jeruk,4.4,302,Wisata Umum,-8.1629991,112.5942917,https://www.google.com/maps/place/Pemandian+Sumber+Jeruk/data=!4m7!3m6!1s0x2e789f8b665bada1:0x336cdb8bf3e41eec!8m2!3d-8.1629991!4d112.5942917!16s%2Fg%2F11c5qt1yp9!19sChIJoa1bZoufeC4R7B7k84vbbDM?authuser=0&hl=id&rclk=1,5000,matic.malangkab.go.id,https://matic.malangkab.go.id/listing/pemandian-sumber-jeruk
305,Mie ayam kali mbureng,4.4,128,Wisata Umum,-8.1568749,112.5956717,https://www.google.com/maps/place/Mie+ayam+kali+mbureng/data=!4m7!3m6!1s0x2e789f92ac265e1f:0x7d6567a80bee6a01!8m2!3d-8.1568749!4d112.5956717!16s%2Fg%2F11g9q4ghbx!19sChIJH14mrJKfeC4RAWruC6hnZX0?authuser=0&hl=id&rclk=1,10000,id.trip.com,https://id.trip.com/travel-guide/attraction/gondanglegi/kali-mbureng-136821322/
306,Kaliku,4.3,40,Wisata Umum,-8.0588904,112.5993356,https://www.google.com/maps/place/Kaliku/data=!4m7!3m6!1s0x2e789d9ab7610411:0xeef66717f14638e3!8m2!3d-8.0588904!4d112.5993356!16s%2Fg%2F11h8fgr1jx!19sChIJEQRht5qdeC4R4zhG8Rdn9u4?authuser=0&hl=id&rclk=1,45000,instagram.com,https://www.instagram.com/p/DWd0Tmsj9Hf/?hl=id
307,Taman Wisata Edukasi Buring Kedungkandang,4.3,256,Taman Wisata Edukasi Buring Kedungkandang,-7.9896814,112.6539451,https://www.google.com/maps/place/Taman+Wisata+Edukasi+Buring+Kedungkandang/data=!4m7!3m6!1s0x2dd6286fbf7d6f27:0x29bd96b977544131!8m2!3d-7.9896814!4d112.6539451!16s%2Fg%2F11dfgwdcm5!19sChIJJ299v28o1i0RMUFUd7mWvSk?authuser=0&hl=id&rclk=1,5000,tirtajayatravel.com,https://tirtajayatravel.com/29-wisata-edukasi-malang-cocok-buat-anak/
308,Wisata Kampung Topeng,4.1,503,Wisata Kampung Topeng,-8.0272333,112.6749005,https://www.google.com/maps/place/Wisata+Kampung+Topeng/data=!4m7!3m6!1s0x2dd6264e8d221ee9:0xd40786dfc9a9869f!8m2!3d-8.0272333!4d112.6749005!16s%2Fg%2F11dymfzls2!19sChIJ6R4ijU4m1i0Rn4apyd-GB9Q?authuser=0&hl=id&rclk=1,5000,nahwatravel.co.id,https://nahwatravel.co.id/wisata-kampung-topeng
309,Wisata aeng wonokoyo,4.2,37,Wisata aeng wonokoyo,-8.0240076,112.6471628,https://www.google.com/maps/place/Wisata+aeng+wonokoyo/data=!4m7!3m6!1s0x2dd6273d1a2846ed:0x5ee3758af7a21eed!8m2!3d-8.0240076!4d112.6471628!16s%2Fg%2F11j088c_z9!19sChIJ7UYoGj0n1i0R7R6i94p1414?authuser=0&hl=id&rclk=1,5000,lemon8-app.com,https://www.lemon8-app.com/slvannt/7347116136862843394?region=id
310,Taman Merbabu,4.4,1250,Taman Merbabu,-7.967958,112.6258225,https://www.google.com/maps/place/Taman+Merbabu/data=!4m7!3m6!1s0x2dd628294b089919:0xc8c84e5e52a69da7!8m2!3d-7.967958!4d112.6258225!16s%2Fg%2F11b77jl6s_!19sChIJGZkISyko1i0Rp52mUl5OyMg?authuser=0&hl=id&rclk=1,25000,nahwatravel.co.id,https://nahwatravel.co.id/taman-dengan-fasilitas-terlengkap-di-kota-malang
311,Taman Trunojoyo,4.4,2549,Taman Trunojoyo,-7.9764328,112.6365191,https://www.google.com/maps/place/Taman+Trunojoyo/data=!4m7!3m6!1s0x2dd6283bf58c5105:0xbc237cc194f94ff1!8m2!3d-7.9764328!4d112.6365191!16s%2Fg%2F11b6dhlygy!19sChIJBVGM9Tso1i0R8U_5lMF8I7w?authuser=0&hl=id&rclk=1,0,niagatour.com,https://niagatour.com/taman-trunojoyo-malang/
312,Graha Tumapel,4.4,394,Wisata Umum,-7.9782186,112.6327729,https://www.google.com/maps/place/Graha+Tumapel/data=!4m7!3m6!1s0x2dd6283cc6b75d69:0xe48c45bdf49dc5ad!8m2!3d-7.9782186!4d112.6327729!16s%2Fg%2F11clswz_t2!19sChIJaV23xjwo1i0RrcWd9L1FjOQ?authuser=0&hl=id&rclk=1,5000,paketwisatabromo.co.id,https://www.paketwisatabromo.co.id/wisma-tumapel/
313,Kampung Biru Arema,4.5,924,"""- Spot wisata murah",-7.9813051,112.6376925,https://www.google.com/maps/place/Kampung+Biru+Arema/data=!4m7!3m6!1s0x2dd6283df8ee492d:0xc9e17164ff456435!8m2!3d-7.9813051!4d112.6376925!16s%2Fg%2F11f_xpc6qk!19sChIJLUnu-D0o1i0RNWRF_2Rx4ck?authuser=0&hl=id&rclk=1,5000,nahwatravel.co.id,https://nahwatravel.co.id/kampung-biru-arema-wisata-tematik-malang
314,Taman Slamet,4.4,4410,Taman Slamet,-7.973708,112.6224499,https://www.google.com/maps/place/Taman+Slamet/data=!4m7!3m6!1s0x2dd62827b6a6a91b:0x51f3a3ea11638ac2!8m2!3d-7.973708!4d112.6224499!16s%2Fg%2F11cm0pqfpg!19sChIJG6mmtico1i0RwopjEeqj81E?authuser=0&hl=id&rclk=1,5000,instagram.com,https://www.instagram.com/p/DXEwDKpmMXh/
315,Alun Alun Tugu Malang - Jan Pieterszoon Coen Plein,4.6,14089,Wisata Umum,-7.977143,112.6340478,https://www.google.com/maps/place/Alun+Alun+Tugu+Malang+-+Jan+Pieterszoon+Coen+Plein/data=!4m7!3m6!1s0x2dd6283c9aefcdfb:0xe288628857685d91!8m2!3d-7.977143!4d112.6340478!16s%2Fg%2F120m0pv8!19sChIJ-83vmjwo1i0RkV1oV4hiiOI?authuser=0&hl=id&rclk=1,5000,detik.com,https://www.detik.com/jatim/wisata/d-6902658/alun-alun-kota-malang-daya-tarik-lokasi-dan-harga-tiket
316,Gramophone Taman Cerme,4.4,123,Gramophone Taman Cerme,-7.9703423,112.6252428,https://www.google.com/maps/place/Gramophone+Taman+Cerme/data=!4m7!3m6!1s0x2dd62828cea48319:0x3f40c7aa0498094d!8m2!3d-7.9703423!4d112.6252428!16s%2Fg%2F11cnp293k1!19sChIJGYOkzigo1i0RTQmYBKrHQD8?authuser=0&hl=id&rclk=1,0,id.trip.com,https://id.trip.com/travel-guide/attraction/malang-city/taman-cerme-gramophone-142473607/
317,Brawijaya Edupark,4.2,2999,Wisata Umum,-7.975767,112.631746,https://www.google.com/maps/place/Brawijaya+Edupark/data=!4m7!3m6!1s0x2dd62824ac0d8709:0xafcf27798a1d102e!8m2!3d-7.975767!4d112.631746!16s%2Fg%2F1hm3pc4yz!19sChIJCYcNrCQo1i0RLhAdinknz68?authuser=0&hl=id&rclk=1,20000,travelspromo.com,https://travelspromo.com/htm-wisata/brawijaya-edupark-malang/
318,Hutan Kota Malabar Malang,4.3,1514,Wisata Umum,-7.9685,112.626514,https://www.google.com/maps/place/Hutan+Kota+Malabar+Malang/data=!4m7!3m6!1s0x2dd6282ecf448353:0xec9d5a66c7c3c036!8m2!3d-7.9685!4d112.626514!16s%2Fg%2F11b75kygtg!19sChIJU4NEzy4o1i0RNsDDx2Zanew?authuser=0&hl=id&rclk=1,2000,traveloka.com,https://www.traveloka.com/id-id/explore/destination/kegiatan-yang-dapat-kamu-lakukan-selama-wisata-di-hutan-kota-malabar-acc/146669
319,Kampoeng Heritage Kajoetangan,4.6,6593,Wisata Umum,-7.978964,112.6292965,https://www.google.com/maps/place/Kampoeng+Heritage+Kajoetangan/data=!4m7!3m6!1s0x2dd6292a5fa96abd:0x4c4114e495f92910!8m2!3d-7.978964!4d112.6292965!16s%2Fg%2F11gh72kzgv!19sChIJvWqpXyop1i0RECn5leQUQUw?authuser=0&hl=id&rclk=1,10000,travel.kompas.com,https://travel.kompas.com/read/2022/05/10/131000527/rute-harga-tiket-dan-fasilitas-kampoeng-heritage-kajoetangan-malang?page=all
320,Idjen Boulevard,4.8,5650,Wisata Umum,-7.9723826,112.6218276,https://www.google.com/maps/place/Idjen+Boulevard/data=!4m7!3m6!1s0x2dd62827d9a90075:0x918d59de4008c265!8m2!3d-7.9723826!4d112.6218276!16s%2Fg%2F11g7z5fmql!19sChIJdQCp2Sco1i0RZcIIQN5ZjZE?authuser=0&hl=id&rclk=1,2000,id.trip.com,https://id.trip.com/travel-guide/attraction/klojen/idjen-boulevard-61142513/
321,Wisata Kali Cemplong,4.3,442,Wisata Kali Cemplong,-7.9608731,112.6612112,https://www.google.com/maps/place/Wisata+Kali+Cemplong/data=!4m7!3m6!1s0x2dd62953ae8c0667:0x216604aba37b6ee0!8m2!3d-7.9608731!4d112.6612112!16s%2Fg%2F11jj_5xz5g!19sChIJZwaMrlMp1i0R4G57o6sEZiE?authuser=0&hl=id&rclk=1,5000,seru.co.id,https://seru.co.id/21854-wisata-kali-cemplong-tempat-kongkow-mainstream-bantaran-sungai-bambu-di-jalur-gaza
322,Taman Dempo,4.6,397,Taman Dempo,-7.96904,112.6204436,https://www.google.com/maps/place/Taman+Dempo/data=!4m7!3m6!1s0x2dd62829da8b9073:0x81dab3e551d9ca25!8m2!3d-7.96904!4d112.6204436!16s%2Fg%2F11f3jggqxd!19sChIJc5CL2iko1i0RJcrZUeWz2oE?authuser=0&hl=id&rclk=1,5000,id.trip.com,https://id.trip.com/travel-guide/attraction/malang-city/taman-dempo-136945992/
323,Taman Tjerme,4.4,282,Taman Tjerme,-7.9703954,112.6252518,https://www.google.com/maps/place/Taman+Tjerme/data=!4m7!3m6!1s0x2dd6282f33303229:0xc839c2d680b1341f!8m2!3d-7.9703954!4d112.6252518!16s%2Fg%2F11cs69c0kt!19sChIJKTIwMy8o1i0RHzSxgNbCOcg?authuser=0&hl=id&rclk=1,30000,instagram.com,https://www.instagram.com/reel/DMhsJeQJqzb/?hl=id
324,Wisata & Edukasi Duta Pengangguran,4.7,22,Wisata & Edukasi Duta Pengangguran,-7.9832243,112.6173156,https://www.google.com/maps/place/Wisata+%26+Edukasi+Duta+Pengangguran/data=!4m7!3m6!1s0x2e7883005eabf151:0xde073cfb2a199c95!8m2!3d-7.9832243!4d112.6173156!16s%2Fg%2F11xt96glb7!19sChIJUfGrXgCDeC4RlZwZKvs8B94?authuser=0&hl=id&rclk=1,10000,instagram.com,https://www.instagram.com/p/DTHN9YuEsga/
325,Sweetmemoriesselfie,4.8,149,Wisata Umum,-7.983933,112.6321102,https://www.google.com/maps/place/Sweetmemoriesselfie/data=!4m7!3m6!1s0x2e7881d41361a339:0x34a6c115c3666572!8m2!3d-7.983933!4d112.6321102!16s%2Fg%2F11h7_s18w5!19sChIJOaNhE9SBeC4RcmVmwxXBpjQ?authuser=0&hl=id&rclk=1,30000,malang.suara.com,https://malang.suara.com/read/2024/01/16/153214/sweet-memories-selfie-destinasi-swafoto-baru-yang-instagramable-di-kota-malang
326,Masjid Agung Jami' Kota Malang,4.8,6668,Masjid Agung Jami' Kota Malang,-7.9823828,112.6297224,https://www.google.com/maps/place/Masjid+Agung+Jami%27+Kota+Malang/data=!4m7!3m6!1s0x2dd62822a31a9fad:0x5da7660ad2d7e18c!8m2!3d-7.9823828!4d112.6297224!16s%2Fg%2F15dpwxjm!19sChIJrZ8aoyIo1i0RjOHX0gpmp10?authuser=0&hl=id&rclk=1,0,id.trip.com,https://id.trip.com/travel-guide/attraction/klojen/malang-jami-grand-mosque-104147820/
327,Taman Singha Merjosari,4.5,9471,Taman Singha Merjosari,-7.9452159,112.6031939,https://www.google.com/maps/place/Taman+Singha+Merjosari/data=!4m7!3m6!1s0x2e78826c66a7e6df:0x2b4c8886fafaca5b!8m2!3d-7.9452159!4d112.6031939!16s%2Fg%2F11b6dqbbm6!19sChIJ3-anZmyCeC4RW8r6-oaITCs?authuser=0&hl=id&rclk=1,2000,atourin.com,https://atourin.com/destination/malang/taman-singha-merjosari
328,Kampung Budaya Polowijen,4.5,556,Wisata Umum,-7.9293194,112.6433852,https://www.google.com/maps/place/Kampung+Budaya+Polowijen/data=!4m7!3m6!1s0x2dd629f2b6c595ff:0xd8ab802f6677086e!8m2!3d-7.9293194!4d112.6433852!16s%2Fg%2F11d_5zymhl!19sChIJ_5XFtvIp1i0Rbgh3Zi-Aq9g?authuser=0&hl=id&rclk=1,50000,djalanin.com,https://www.djalanin.com/destination/kampung-budaya-polowijen
329,Hutan Tidar,4.7,22,Taman Kota · 2JP2+WJG,-7.9626791,112.6015873,https://www.google.com/maps/place/Hutan+Tidar/data=!4m7!3m6!1s0x2e7883eb41527f9f:0xd200fd6a69ec097c!8m2!3d-7.9626791!4d112.6015873!16s%2Fg%2F11f7hfc64n!19sChIJn39SQeuDeC4RfAnsaWr9ANI?authuser=0&hl=id&rclk=1,5000,travelspromo.com,https://travelspromo.com/htm-wisata/gunung-tidar-magelang/
330,Taman Bunga Merjosari,4.7,686,Taman Bunga Merjosari,-7.9455053,112.6042153,https://www.google.com/maps/place/Taman+Bunga+Merjosari/data=!4m7!3m6!1s0x2e7883a460015753:0x2abded9c6dcf5d1b!8m2!3d-7.9455053!4d112.6042153!16s%2Fg%2F11smbrmxyp!19sChIJU1cBYKSDeC4RG13PbZztvSo?authuser=0&hl=id&rclk=1,35000,lemon8-app.com,https://www.lemon8-app.com/user8788887843/7128034257221501442?region=id
331,Taman Bermain & Olahraga,4.3,152,Taman Bermain & Olahraga,-7.962465,112.5926851,https://www.google.com/maps/place/Taman+Bermain+%26+Olahraga/data=!4m7!3m6!1s0x2e78825f74a7b393:0x7830db80036dc8a0!8m2!3d-7.962465!4d112.5926851!16s%2Fg%2F11cssvf2rj!19sChIJk7OndF-CeC4RoMhtA4DbMHg?authuser=0&hl=id&rclk=1,52000,traveloka.com,https://www.traveloka.com/id-id/explore/activities/rekomendasi-playground-malang-terbaru-ta/341615
332,Candi Karang Besuki,4.5,149,Wisata Umum,-7.9523109,112.5997719,https://www.google.com/maps/place/Candi+Karang+Besuki/data=!4m7!3m6!1s0x2e78826884cf179f:0xbbf9a5cf3c955fee!8m2!3d-7.9523109!4d112.5997719!16s%2Fg%2F11clwlck76!19sChIJnxfPhGiCeC4R7l-VPM-l-bs?authuser=0&hl=id&rclk=1,10000,tirto.id,https://tirto.id/harga-tiket-masuk-candi-di-indonesia-borobudur-hingga-tanah-lot-gsJs
333,Taman Lalu Lintas Merjosari Malang,4.5,135,Taman Lalu Lintas Merjosari Malang,-7.9455095,112.6026756,https://www.google.com/maps/place/Taman+Lalu+Lintas+Merjosari+Malang/data=!4m7!3m6!1s0x2e78826c7cc50675:0x75fb3ea336037797!8m2!3d-7.9455095!4d112.6026756!16s%2Fg%2F11g81s35p_!19sChIJdQbFfGyCeC4Rl3cDNqM--3U?authuser=0&hl=id&rclk=1,30000,nahwatravel.co.id,https://nahwatravel.co.id/taman-dengan-fasilitas-terlengkap-di-kota-malang
334,Kampung Cempluk,4.5,332,Wisata Umum,-7.9680344,112.5964792,https://www.google.com/maps/place/Kampung+Cempluk/data=!4m7!3m6!1s0x2e78825788f7a04d:0xb7cfa4254354bbf4!8m2!3d-7.9680344!4d112.5964792!16s%2Fg%2F11b8z178h5!19sChIJTaD3iFeCeC4R9LtUQyWkz7c?authuser=0&hl=id&rclk=1,30000,instagram.com,https://www.instagram.com/p/DPWfIttE6mj/
335,EXTREME SPORTS CENTER INDONESIA,5.0,72,Wisata Umum,-7.9411286,112.5976053,https://www.google.com/maps/place/EXTREME+SPORTS+CENTER+INDONESIA/data=!4m7!3m6!1s0x2e78830008edc3d1:0x13222a58387f0901!8m2!3d-7.9411286!4d112.5976053!16s%2Fg%2F11xgq65k2q!19sChIJ0cPtCACDeC4RAQl_OFgqIhM?authuser=0&hl=id&rclk=1,35000,instagram.com,https://www.instagram.com/reel/DWQajAkido7/
336,Kebun Botol,5.0,52,Wisata Umum,-7.9272369,112.6034267,https://www.google.com/maps/place/Kebun+Botol/data=!4m7!3m6!1s0x2e7883f9a533e4d7:0xbf4bf2297a22aeaa!8m2!3d-7.9272369!4d112.6034267!16s%2Fg%2F11sc29rpl1!19sChIJ1-QzpfmDeC4Rqq4ieinyS78?authuser=0&hl=id&rclk=1,20000,travel.detik.com,https://travel.detik.com/domestic-destination/d-4665934/wisata-petik-apel-malang-tiket-masuk-hingga-lokasinya
337,Taman Terapi (ITP),3.8,84,Taman Terapi (ITP),-7.9339336,112.6028358,https://www.google.com/maps/place/Taman+Terapi+%28ITP%29/data=!4m7!3m6!1s0x2e788210c7bf1e31:0xfb8444935e728419!8m2!3d-7.9339336!4d112.6028358!16s%2Fg%2F11cjh_bm5f!19sChIJMR6_xxCCeC4RGYRyXpNEhPs?authuser=0&hl=id&rclk=1,0,resimojo.mojokertokab.go.id,https://resimojo.mojokertokab.go.id/Riset/1732091258_1.%20DRAFT%20LAPORAN%20AKHIR%20rev%203.pdf
338,Kawasan Wisata Lembah Dieng Malang - Indonesia Jenius Partner,3.8,95,Wisata Umum,-7.9651201,112.5964449,https://www.google.com/maps/place/Kawasan+Wisata+Lembah+Dieng+Malang+-+Indonesia+Jenius+Partner/data=!4m7!3m6!1s0x2e78828baa2c6eb1:0xb9271afa4b9d97f9!8m2!3d-7.9651201!4d112.5964449!16s%2Fg%2F1tdmxyk5!19sChIJsW4sqouCeC4R-ZedS_oaJ7k?authuser=0&hl=id&rclk=1,10000,niagatour.com,https://niagatour.com/wisata-lembah-dieng-malang/
339,Alun-alun Karangploso,4.0,656,Taman · ,-7.8928351,112.5948164,https://www.google.com/maps/place/Alun-alun+Karangploso/data=!4m7!3m6!1s0x2e7881b8435ce06f:0x3290940b23e5824e!8m2!3d-7.8928351!4d112.5948164!16s%2Fg%2F11f89x2dcx!19sChIJb-BcQ7iBeC4RToLlIwuUkDI?authuser=0&hl=id&rclk=1,0,traveloka.com,https://www.traveloka.com/id-id/explore/destination/wisata-malam-di-malang-acc/556769
340,Desa Wisata Pendem,4.6,20,Desa Wisata Pendem,-7.8970849,112.5772481,https://www.google.com/maps/place/Desa+Wisata+Pendem/data=!4m7!3m6!1s0x2e788102abfa7979:0x64b9c02bba5cd8fa!8m2!3d-7.8970849!4d112.5772481!16s%2Fg%2F11p55rgm5c!19sChIJeXn6qwKBeC4R-thcuivAuWQ?authuser=0&hl=id&rclk=1,7500,travelspromo.com,https://travelspromo.com/htm-wisata/benteng-pendem-cilacap/
341,Gerbang Masuk Kota Wisata Batu,4.3,197,Gerbang Masuk Kota Wisata Batu,-7.910433,112.580618,https://www.google.com/maps/place/Gerbang+Masuk+Kota+Wisata+Batu/data=!4m7!3m6!1s0x2e78819bae59fa41:0xd0a14de986a5e4aa!8m2!3d-7.910433!4d112.580618!16s%2Fg%2F11b6v896t7!19sChIJQfpZrpuBeC4RquSlhulNodA?authuser=0&hl=id&rclk=1,35000,lemon8-app.com,https://www.lemon8-app.com/experience/tempat-wisata-di-batu-malang?region=id
342,The Legend Star - Jawa Timur Park 3,4.7,2149,Wisata Umum,-7.8992846,112.5522486,https://www.google.com/maps/place/The+Legend+Star+-+Jawa+Timur+Park+3/data=!4m7!3m6!1s0x2e788117138060f9:0xd491beb870faed99!8m2!3d-7.8992846!4d112.5522486!16s%2Fg%2F11f4ptl393!19sChIJ-WCAExeBeC4Rme36cLi-kdQ?authuser=0&hl=id&rclk=1,89100,traveloka.com,https://www.traveloka.com/id-id/activities/indonesia/product/the-legend-star-jatim-park-3-tickets-2000625477122
343,Wisata Kota Batu,4.6,23,Wisata Kota Batu,-7.8800431,112.5367315,https://www.google.com/maps/place/Wisata+Kota+Batu/data=!4m7!3m6!1s0x2e7881c66de45293:0xc3489912affa5e11!8m2!3d-7.8800431!4d112.5367315!16s%2Fg%2F11g18t_gky!19sChIJk1LkbcaBeC4REV76rxKZSMM?authuser=0&hl=id&rclk=1,16000,tripwisatabromo.com,https://tripwisatabromo.com/artikel/harga-tiket-objek-wisata-di-batu-malang/
344,Drive Thru Park,4.3,368,Wisata Umum,-7.8885452,112.5301093,https://www.google.com/maps/place/Drive+Thru+Park/data=!4m7!3m6!1s0x2e7881d731d9b5f7:0x3c89b0c812d807a6!8m2!3d-7.8885452!4d112.5301093!16s%2Fg%2F11vljlcwz5!19sChIJ97XZMdeBeC4RpgfYEsiwiTw?authuser=0&hl=id&rclk=1,80750,traveloka.com,https://www.traveloka.com/id-id/activities/indonesia/product/drive-thru-park-8192675007001
345,Jawa Timur Park 2,4.7,52926,Taman hiburan ilmu pengetahuan alam,-7.888021,112.5295442,https://www.google.com/maps/place/Jawa+Timur+Park+2/data=!4m7!3m6!1s0x2e7880d6ffffffff:0xf36560f87fd4fd77!8m2!3d-7.888021!4d112.5295442!16s%2Fg%2F121s43xs!19sChIJ_____9aAeC4Rd_3Uf_hgZfM?authuser=0&hl=id&rclk=1,155000,instagram.com,https://www.instagram.com/reel/Cu6kYWHJdFo/?hl=id
346,Museum D'Topeng Kingdom (INDONESIAN HERITAGE MUSEUM) Jatim Park 1,4.6,57,Wisata Umum,-7.8839221,112.5249057,https://www.google.com/maps/place/Museum+D%27Topeng+Kingdom+%28INDONESIAN+HERITAGE+MUSEUM%29+Jatim+Park+1/data=!4m7!3m6!1s0x2e78872c4a5eb5a1:0x6953b3ecdd4126ad!8m2!3d-7.8839221!4d112.5249057!16s%2Fg%2F11fxzqgbwn!19sChIJobVeSiyHeC4RrSZB3eyzU2k?authuser=0&hl=id&rclk=1,39600,tiket.com,https://www.tiket.com/id-id/to-do/jatim-park-1
347,Petik Apel Kota Batu,3.7,23,Wisata Umum,-7.860566,112.5266957,https://www.google.com/maps/place/Petik+Apel+Kota+Batu/data=!4m7!3m6!1s0x2e7880b49d54bef7:0x3879e2be877829e9!8m2!3d-7.860566!4d112.5266957!16s%2Fg%2F11c6f5c70b!19sChIJ975UnbSAeC4R6Sl4h77ieTg?authuser=0&hl=id&rclk=1,20000,kebun8.com,https://kebun8.com/paket/petik-apel/
348,"Wisata Sumber Air "" DAM COKRO "" Lowoksari",4.3,123,Tujuan Wisata · ,-7.9000712,112.6239566,https://www.google.com/maps/place/Wisata+Sumber+Air+%22+DAM+COKRO+%22+Lowoksari/data=!4m7!3m6!1s0x2dd62bd1ea590afb:0xf550ef55406123ae!8m2!3d-7.9000712!4d112.6239566!16s%2Fg%2F11jh0w_05v!19sChIJ-wpZ6tEr1i0RriNhQFXvUPU?authuser=0&hl=id&rclk=1,7000,instagram.com,https://www.instagram.com/p/DYrR-CVEoTb/
349,Puncak BALUPUG dalas 89,4.8,33,Tujuan Wisata · Unnamed Road,-7.8428929,112.5490211,https://www.google.com/maps/place/Puncak+BALUPUG+dalas+89/data=!4m7!3m6!1s0x2e787f2bd7c2b721:0xaff738ae6315ee0b!8m2!3d-7.8428929!4d112.5490211!16s%2Fg%2F11rsd9vyy9!19sChIJIbfC1yt_eC4RC-4VY644968?authuser=0&hl=id&rclk=1,65214,id.trip.com,https://id.trip.com/travel-guide/attraction/batu/puncak-balupug-dalas-89-138508778/
350,Mall Bunga Sidomulyo,4.8,121,Mall Bunga Sidomulyo,-7.846413,112.5226571,https://www.google.com/maps/place/Mall+Bunga+Sidomulyo/data=!4m7!3m6!1s0x2e7887a606d305a5:0xea1c9e6f0e89f5e5!8m2!3d-7.846413!4d112.5226571!16s%2Fg%2F11nnjjg7v4!19sChIJpQXTBqaHeC4R5fWJDm-eHOo?authuser=0&hl=id&rclk=1,2000,radarbatu.jawapos.com,https://radarbatu.jawapos.com/wisata-kuliner/2602110018/bukan-mall-biasa-mall-bunga-sidomulyo-tawarkan-sensasi-belanja-di-tengah-banyaknya-pilihan-bunga
351,Wisata Religi Gunung Mujur ꦒꦸꦤꦸꦁꦩꦸꦗꦸꦂ,4.6,53,Wisata Religi Gunung Mujur ꦒꦸꦤꦸꦁꦩꦸꦗꦸꦂ,-7.8263032,112.5931148,https://www.google.com/maps/place/Wisata+Religi+Gunung+Mujur+%EA%A6%92%EA%A6%B8%EA%A6%A4%EA%A6%B8%EA%A6%81%EA%A6%A9%EA%A6%B8%EA%A6%97%EA%A6%B8%EA%A6%82/data=!4m7!3m6!1s0x2e787f2d9b421d29:0x99467de67a02a271!8m2!3d-7.8263032!4d112.5931148!16s%2Fg%2F11q95r7hn3!19sChIJKR1Cmy1_eC4RcaICeuZ9Rpk?authuser=0&hl=id&rclk=1,0,id.trip.com,https://id.trip.com/travel-guide/attraction/karang-ploso/wisata-religi-gunung-mujur-146740307/
352,"Rest Area Wisata Petik Apel ""Mitra Apel""",4.3,621,Wisata Umum,-7.8532121,112.5271929,https://www.google.com/maps/place/Rest+Area+Wisata+Petik+Apel+%22Mitra+Apel%22/data=!4m7!3m6!1s0x2e7880aa656835c7:0x406aac2923e7e0b7!8m2!3d-7.8532121!4d112.5271929!16s%2Fg%2F11c1r1xwgm!19sChIJxzVoZaqAeC4Rt-DnIymsakA?authuser=0&hl=id&rclk=1,15000,kebun8.com,https://kebun8.com/paket/petik-apel/
353,Petik jeruk LEMBAH MANAH pak Agus,4.7,99,Wisata Umum,-7.8576799,112.585842,https://www.google.com/maps/place/Petik+jeruk+LEMBAH+MANAH+pak+Agus/data=!4m7!3m6!1s0x2e7881195f5aa16f:0xcded2864dd9d69b8!8m2!3d-7.8576799!4d112.585842!16s%2Fg%2F11vkfxbj4q!19sChIJb6FaXxmBeC4RuGmd3WQo7c0?authuser=0&hl=id&rclk=1,20000,instagram.com,https://www.instagram.com/reel/DMPqmqHpmEH/
354,Wisata petik apel jeruk strawberry makan sepuasnya,4.9,31,Wisata Umum,-7.8389206,112.5282869,https://www.google.com/maps/place/Wisata+petik+apel+jeruk+strawberry+makan+sepuasnya/data=!4m7!3m6!1s0x2e787f0008d74e0f:0x1b1a10a9a20366eb!8m2!3d-7.8389206!4d112.5282869!16s%2Fg%2F11xspwwldq!19sChIJD07XCAB_eC4R62YDoqkQGhs?authuser=0&hl=id&rclk=1,20000,kebun8.com,https://kebun8.com/paket/petik-apel/
355,Wisata Petik Apel KTMA,4.1,462,Wisata Petik Apel KTMA,-7.8249876,112.5298624,https://www.google.com/maps/place/Wisata+Petik+Apel+KTMA/data=!4m7!3m6!1s0x2e787e0894472fcd:0x5cd51cf5d3c4bf0d!8m2!3d-7.8249876!4d112.5298624!16s%2Fg%2F11b6tqxzz4!19sChIJzS9HlAh-eC4RDb_E0_Uc1Vw?authuser=0&hl=id&rclk=1,25000,traveloka.com,https://www.traveloka.com/id-id/explore/destination/wisata-petik-apel-malang-acc/469830
356,Budug Asu 1422 Mdpl,4.7,429,Wisata Umum,-7.8066024,112.6192365,https://www.google.com/maps/place/Budug+Asu+1422+Mdpl/data=!4m7!3m6!1s0x2e787f877a58d4af:0xcb6aa07d6699a2d1!8m2!3d-7.8066024!4d112.6192365!16s%2Fg%2F11gb3sly8_!19sChIJr9RYeod_eC4R0aKZZn2gass?authuser=0&hl=id&rclk=1,15000,cakrabirawatour.com,https://cakrabirawatour.com/puncak-budug-asu/
357,Agrowisata Teh Wonosari,4.5,7905,Agrowisata Teh Wonosari,-7.8204902,112.6431502,https://www.google.com/maps/place/Agrowisata+Teh+Wonosari/data=!4m7!3m6!1s0x2dd7d4b6aa5b34bf:0x1b4684ca99aa8076!8m2!3d-7.8204902!4d112.6431502!16s%2Fg%2F11c56bnjbx!19sChIJvzRbqrbU1y0RdoCqmcqERhs?authuser=0&hl=id&rclk=1,15000,travelspromo.com,https://travelspromo.com/htm-wisata/kebun-teh-wonosari-malang/
358,Pantai Jolangkung ꦥꦼꦱꦶꦱꦶꦂꦗꦺꦴꦭꦔ꧀ꦏꦸꦁ,4.5,772,Pantai Jolangkung ꦥꦼꦱꦶꦱꦶꦂꦗꦺꦴꦭꦔ꧀ꦏꦸꦁ,-8.4281993,112.6285449,https://www.google.com/maps/place/Pantai+Jolangkung+%EA%A6%A5%EA%A6%BC%EA%A6%B1%EA%A6%B6%EA%A6%B1%EA%A6%B6%EA%A6%82%EA%A6%97%EA%A6%BA%EA%A6%B4%EA%A6%AD%EA%A6%94%EA%A7%80%EA%A6%8F%EA%A6%B8%EA%A6%81/data=!4m7!3m6!1s0x2dd601e6f694bd5b:0x2ec34f1a5b395e02!8m2!3d-8.4281993!4d112.6285449!16s%2Fg%2F1q61c1pq0!19sChIJW72U9uYB1i0RAl45WxpPwy4?authuser=0&hl=id&rclk=1,10000,pikiran-rakyat.com,https://www.pikiran-rakyat.com/gaya-hidup/pr-018974268/pantai-jolangkung-lokasi-daya-tarik-dan-tiket-masuk?page=all
359,Pantai Kangen ꦥꦼꦱꦶꦱꦶꦂꦏꦔꦼꦤ꧀,4.5,297,Pantai Kangen ꦥꦼꦱꦶꦱꦶꦂꦏꦔꦼꦤ꧀,-8.4295823,112.632713,https://www.google.com/maps/place/Pantai+Kangen+%EA%A6%A5%EA%A6%BC%EA%A6%B1%EA%A6%B6%EA%A6%B1%EA%A6%B6%EA%A6%82%EA%A6%8F%EA%A6%94%EA%A6%BC%EA%A6%A4%EA%A7%80/data=!4m7!3m6!1s0x2dd601e8647b7a2b:0xf28b9291fd433131!8m2!3d-8.4295823!4d112.632713!16s%2Fg%2F11f3jhtps1!19sChIJK3p7ZOgB1i0RMTFD_ZGSi_I?authuser=0&hl=id&rclk=1,10000,24travel.id,https://24travel.id/pantai-kangen-malang/?srsltid=AfmBOop8JocaQ3mM2hzjZZBwzkMEbwhjRR_XthS_PaEbvrHUQIAVhK_u
360,Gunung Getun ꦒꦸꦤꦸꦁꦒꦼꦠꦸꦤ꧀,4.2,113,Gunung Getun ꦒꦸꦤꦸꦁꦒꦼꦠꦸꦤ꧀,-8.4382075,112.6437569,https://www.google.com/maps/place/Gunung+Getun+%EA%A6%92%EA%A6%B8%EA%A6%A4%EA%A6%B8%EA%A6%81%EA%A6%92%EA%A6%BC%EA%A6%A0%EA%A6%B8%EA%A6%A4%EA%A7%80/data=!4m7!3m6!1s0x2dd601b881c51db9:0x2c9d3d5095313998!8m2!3d-8.4382075!4d112.6437569!16s%2Fg%2F11cn5phbvm!19sChIJuR3FgbgB1i0RmDkxlVA9nSw?authuser=0&hl=id&rclk=1,10000,kompasiana.com,https://www.kompasiana.com/yycorjesu/63d8b79628c4f568b54bd0d2/pantai-ungapan-ada-titik-sensasi-pertemuan-antara-sungai-dengan-laut?page=all&page_images=15
361,Pantai Gopit ꦥꦼꦱꦶꦱꦶꦂꦒꦺꦴꦥꦶꦠ꧀,4.7,192,Pantai Gopit ꦥꦼꦱꦶꦱꦶꦂꦒꦺꦴꦥꦶꦠ꧀,-8.4260767,112.6147673,https://www.google.com/maps/place/Pantai+Gopit+%EA%A6%A5%EA%A6%BC%EA%A6%B1%EA%A6%B6%EA%A6%B1%EA%A6%B6%EA%A6%82%EA%A6%92%EA%A6%BA%EA%A6%B4%EA%A6%A5%EA%A6%B6%EA%A6%A0%EA%A7%80/data=!4m7!3m6!1s0x2e78ab5dc1a51cc1:0x6002d71fc6c88ea0!8m2!3d-8.4260767!4d112.6147673!16s%2Fg%2F11j5gyv8fj!19sChIJwRylwV2reC4RoI7Ixh_XAmA?authuser=0&hl=id&rclk=1,15000,id.trip.com,https://id.trip.com/travel-guide/attraction/gedangan/pantai-gopit-136982688/
362,Pantai Bajulmati,4.6,68,Pantai Bajulmati,-8.4303083,112.6351609,https://www.google.com/maps/place/Pantai+Bajulmati/data=!4m7!3m6!1s0x2dd601a2741ee84b:0xba7ca822388fca3c!8m2!3d-8.4303083!4d112.6351609!16s%2Fg%2F11jgk5dhhm!19sChIJS-gedKIB1i0RPMqPOCKofLo?authuser=0&hl=id&rclk=1,10000,traveloka.com,https://www.traveloka.com/id-id/explore/destination/pantai-bajul-mati-acc/385918
363,WISATA BAN KINTIR,5.0,21,WISATA BAN KINTIR,-8.1689218,112.6926228,https://www.google.com/maps/place/WISATA+BAN+KINTIR/data=!4m7!3m6!1s0x2dd61f8b909b9cbd:0xecfa14e76ea2d53e!8m2!3d-8.1689218!4d112.6926228!16s%2Fg%2F11shsyhptd!19sChIJvZybkIsf1i0RPtWibucU-uw?authuser=0&hl=id&rclk=1,15000,tiket.com,https://www.tiket.com/id-id/explore/to-do-wisata-malang
364,Watu Leter,4.7,351,Wisata Umum,-8.4452265,112.6484049,https://www.google.com/maps/place/Watu+Leter/data=!4m7!3m6!1s0x2dd601516ca69813:0x32aba3fa7e029b91!8m2!3d-8.4452265!4d112.6484049!16s%2Fg%2F11rstj4mv1!19sChIJE5imbFEB1i0RkZsCfvqjqzI?authuser=0&hl=id&rclk=1,10000,24travel.id,https://24travel.id/pantai-watu-leter-malang/?srsltid=AfmBOopS0TGcJVETArUpbrYscpSjZxC88G9xdyDvZBJobk7P-nJr6d8k
365,Pantai Parang Dowo,4.5,1058,Pantai Parang Dowo,-8.4283824,112.62536,https://www.google.com/maps/place/Pantai+Parang+Dowo/data=!4m7!3m6!1s0x2dd601e131409ec5:0xaebb60b94e96ddb6!8m2!3d-8.4283824!4d112.62536!16s%2Fg%2F11cjj8l0zl!19sChIJxZ5AMeEB1i0Rtt2WTrlgu64?authuser=0&hl=id&rclk=1,10000,travel.kompas.com,https://travel.kompas.com/read/2022/11/21/144321127/pantai-parang-dowo-di-malang-jam-buka-tiket-masuk-aktivitas?page=all
366,Pantai Mahadewi,5.0,35,Pantai Mahadewi,-8.432359,112.638237,https://www.google.com/maps/place/Pantai+Mahadewi/data=!4m7!3m6!1s0x2dd60100230a580f:0x362c6d0790cee4da!8m2!3d-8.432359!4d112.638237!16s%2Fg%2F11yzv0h88j!19sChIJD1gKIwAB1i0R2uTOkAdtLDY?authuser=0&hl=id&rclk=1,10000,radarmalang.jawapos.com,https://radarmalang.jawapos.com/wisata-kuliner/2605080032/berapa-harga-tiket-masuk-pantai-wediawu-ini-info-biaya-fasilitas-hingga-penginapan?page=all
367,COBAN PANDAWA,4.3,121,Wisata Umum,-8.3106761,112.7842676,https://www.google.com/maps/place/COBAN+PANDAWA/data=!4m7!3m6!1s0x2dd61aceaaaaaaab:0x4dc080b12c26a0aa!8m2!3d-8.3106761!4d112.7842676!16s%2Fg%2F11ggh80ghg!19sChIJq6qqqs4a1i0RqqAmLLGAwE0?authuser=0&hl=id&rclk=1,10000,traveloka.com,https://www.traveloka.com/id-id/explore/activities/panduan-wisata-lembah-pandawa-pandaan-ta/336473
368,Coban Nirwana,4.2,394,Tujuan Wisata · ,-8.3100871,112.667504,https://www.google.com/maps/place/Coban+Nirwana/data=!4m7!3m6!1s0x2dd61d209fd2fcfb:0xbb3f4f417be7bdbf!8m2!3d-8.3100871!4d112.667504!16s%2Fg%2F11c2y8gfkb!19sChIJ-_zSnyAd1i0Rv73ne0FPP7s?authuser=0&hl=id&rclk=1,35000,travel.kompas.com,https://travel.kompas.com/read/2021/01/05/191218427/rute-harga-tiket-dan-aktivitas-wisata-di-tempat-wisata-sekitar-songgoriti?page=all
369,Waduk Andeman,4.3,73,Tujuan Wisata · RQV6+WV9,-8.1552091,112.7622395,https://www.google.com/maps/place/Waduk+Andeman/data=!4m7!3m6!1s0x2dd6234d5b95e0bb:0x2878dd3685d1693f!8m2!3d-8.1552091!4d112.7622395!16s%2Fg%2F11gk8n45vx!19sChIJu-CVW00j1i0RP2nRhTbdeCg?authuser=0&hl=id&rclk=1,10000,beritajatim.com,https://beritajatim.com/eksplorasi-waduk-andeman-malang-wisata-alam-menawan-tiketnya-super-murah
370,Puncak Kapur Segaran,4.3,22,Wisata Umum,-8.2488602,112.6370746,https://www.google.com/maps/place/Puncak+Kapur+Segaran/data=!4m7!3m6!1s0x2dd61d908a10e497:0xae672d588e809c15!8m2!3d-8.2488602!4d112.6370746!16s%2Fg%2F11h_brdjct!19sChIJl-QQipAd1i0RFZyAjlgtZ64?authuser=0&hl=id&rclk=1,3500,instagram.com,https://www.instagram.com/p/Cz5ZIOGrwK0/
371,Wisata batu licin,4.4,101,Wisata batu licin,-8.1302393,112.6141431,https://www.google.com/maps/place/Wisata+batu+licin/data=!4m7!3m6!1s0x2e789fa2ef9e8807:0xd218299f5fff7bb0!8m2!3d-8.1302393!4d112.6141431!16s%2Fg%2F11nn057czy!19sChIJB4ie76KfeC4RsHv_X58pGNI?authuser=0&hl=id&rclk=1,5000,matic.malangkab.go.id,https://matic.malangkab.go.id/listing/pantai-licin
372,Monumen Pancasila,4.3,56,"Taman · RJ98+PC5, Jl. Babussalam",-8.18074,112.6160991,https://www.google.com/maps/place/Monumen+Pancasila/data=!4m7!3m6!1s0x2e78a0096e1a67bd:0xe6f88b344c090bba!8m2!3d-8.18074!4d112.6160991!16s%2Fg%2F11cm3ngvl1!19sChIJvWcabgmgeC4RugsJTDSL-OY?authuser=0&hl=id&rclk=1,5000,travel.kompas.com,https://travel.kompas.com/read/2023/09/09/080800327/monumen-pancasila-sakti--lokasi-jam-buka-dan-harga-tiket?page=all
375,Kampung Tridi,4.4,3321,Wisata Umum,-7.9822081,112.638085,https://www.google.com/maps/place/Kampung+Tridi/data=!4m7!3m6!1s0x2dd6283e01c1a03d:0x986312138709ffdb!8m2!3d-7.9822081!4d112.638085!16s%2Fg%2F11c5_179gv!19sChIJPaDBAT4o1i0R2_8JhxMSY5g?authuser=0&hl=id&rclk=1,5000,24travel.id,https://24travel.id/kampung-tridi/?srsltid=AfmBOorVpzp8pFUV5PNKTXIvyKBzPWdk0CMIRnICPSInaqaBzbir-aGs
376,Coban Amprong,4.0,41,Wisata Umum,-7.99282,112.6495368,https://www.google.com/maps/place/Coban+Amprong/data=!4m7!3m6!1s0x2dd6287227b8834b:0xf299e33333e335f8!8m2!3d-7.99282!4d112.6495368!16s%2Fg%2F11c5815zqs!19sChIJS4O4J3Io1i0R-DXjMzPjmfI?authuser=0&hl=id&rclk=1,35000,travel.kompas.com,https://travel.kompas.com/read/2023/09/07/223500927/coban-rondo-malang--harga-tiket-jam-buka-dan-daya-tarik-?page=all
377,Taman Wisata Air Wendit,4.1,8075,Taman Wisata Air Wendit,-7.9524529,112.6749379,https://www.google.com/maps/place/Taman+Wisata+Air+Wendit/data=!4m7!3m6!1s0x2dd629043af82959:0xec485eada38f1cd6!8m2!3d-7.9524529!4d112.6749379!16s%2Fg%2F1q66hwcyw!19sChIJWSn4OgQp1i0R1hyPo61eSOw?authuser=0&hl=id&rclk=1,10500,travelspromo.com,https://travelspromo.com/htm-wisata/taman-wisata-wendit-malang/
378,Taman Edukasi Rolak Kedungkandang,4.5,232,Taman Edukasi Rolak Kedungkandang,-7.9897566,112.6540108,https://www.google.com/maps/place/Taman+Edukasi+Rolak+Kedungkandang/data=!4m7!3m6!1s0x2dd6286fc18eb0a9:0x3111a3208ab5c022!8m2!3d-7.9897566!4d112.6540108!16s%2Fg%2F11c744vcxz!19sChIJqbCOwW8o1i0RIsC1iiCjETE?authuser=0&hl=id&rclk=1,20000,kumparan.com,https://kumparan.com/seputar-malang/3-wisata-edukasi-murah-di-malang-yang-menambah-wawasan-24AJvGv35ej
379,Jembatan Kaca Ngalam Indonesia,4.3,122,Wisata Umum,-7.9831936,112.637773,https://www.google.com/maps/place/Jembatan+Kaca+Ngalam+Indonesia/data=!4m7!3m6!1s0x2dd62815d884c9ab:0x207675598102316!8m2!3d-7.9831936!4d112.637773!16s%2Fg%2F11f15k2xdp!19sChIJq8mE2BUo1i0RFiMQmFVnBwI?authuser=0&hl=id&rclk=1,40000,travel.detik.com,https://travel.detik.com/travel-news/d-7324335/harga-hingga-tips-berkunjung-ke-jembatan-kaca-di-malang-skyland
380,Kampung Kelir,4.5,50,Wisata Umum,-7.9912389,112.6413326,https://www.google.com/maps/place/Kampung+Kelir/data=!4m7!3m6!1s0x2dd629b1da687407:0xb1e38fcdf616bfd2!8m2!3d-7.9912389!4d112.6413326!16s%2Fg%2F11g1gnl067!19sChIJB3Ro2rEp1i0R0r8W9s2P47E?authuser=0&hl=id&rclk=1,2000,instagram.com,https://www.instagram.com/p/C3B1O5uSx6G/
381,Kampung Warna Warni Jodipan,4.5,1845,Wisata Umum,-7.9828797,112.6372548,https://www.google.com/maps/place/Kampung+Warna+Warni+Jodipan/data=!4m7!3m6!1s0x2dd629537cd9ffdf:0x614750a282c3fe65!8m2!3d-7.9828797!4d112.6372548!16s%2Fg%2F11sxyh8717!19sChIJ3__ZfFMp1i0RZf7DgqJQR2E?authuser=0&hl=id&rclk=1,5000,travelspromo.com,https://travelspromo.com/htm-wisata/kampung-jodipan-malang/
382,Alun-Alun Malang,4.6,67398,Wisata Umum,-7.9826145,112.6308113,https://www.google.com/maps/place/Alun-Alun+Malang/data=!4m7!3m6!1s0x2dd628181bac60c7:0xe71f0ef69b3810b4!8m2!3d-7.9826145!4d112.6308113!16s%2Fg%2F1hm38k9qm!19sChIJx2CsGxgo1i0RtBA4m_YOH-c?authuser=0&hl=id&rclk=1,5000,detik.com,https://www.detik.com/jatim/wisata/d-6902658/alun-alun-kota-malang-daya-tarik-lokasi-dan-harga-tiket
383,Wisata Kayutangan Kota Malang,4.8,20,Wisata Kayutangan Kota Malang,-7.9776301,112.6293576,https://www.google.com/maps/place/Wisata+Kayutangan+Kota+Malang/data=!4m7!3m6!1s0x2dd6290027ddda65:0x11a8ede2e16eeaa8!8m2!3d-7.9776301!4d112.6293576!16s%2Fg%2F11wty2yklt!19sChIJZdrdJwAp1i0RqOpu4eLtqBE?authuser=0&hl=id&rclk=1,10000,travel.kompas.com,https://travel.kompas.com/read/2022/05/10/131000527/rute-harga-tiket-dan-fasilitas-kampoeng-heritage-kajoetangan-malang?page=all
384,Pecinan Malang,4.5,64,Wisata Umum,-7.9860032,112.6334661,https://www.google.com/maps/place/Pecinan+Malang/data=!4m7!3m6!1s0x2dd6296264e27623:0xdde4458b6c19d3a0!8m2!3d-7.9860032!4d112.6334661!16s%2Fg%2F11lsm8yfs8!19sChIJI3biZGIp1i0RoNMZbItF5N0?authuser=0&hl=id&rclk=1,0,,
385,TPU Kasin,4.8,82,Wisata Umum,-7.9896057,112.6239566,https://www.google.com/maps/place/TPU+Kasin/data=!4m7!3m6!1s0x2dd62908e4487637:0xf65961aa389de32b!8m2!3d-7.9896057!4d112.6239566!16s%2Fg%2F11spwjf3gw!19sChIJN3ZI5Agp1i0RK-OdOKphWfY?authuser=0&hl=id&rclk=1,10000,beritasatu.com,https://www.beritasatu.com/news/478491/unik-tpu-di-malang-ini-dijadikan-destinasi-wisata
386,"Oud Malang , Tweede Afstandpaal "" Km 0 "" - 0 Km Kota Malang",4.6,40,Wisata Umum,-7.9817898,112.63121,"https://www.google.com/maps/place/Oud+Malang+,+Tweede+Afstandpaal+%22+Km+0+%22+-+0+Km+Kota+Malang/data=!4m7!3m6!1s0x2dd62822a9b7b8d1:0xa3cecd15d269d34d!8m2!3d-7.9817898!4d112.63121!16s%2Fg%2F11gd1w9dwc!19sChIJ0bi3qSIo1i0RTdNp0hXNzqM?authuser=0&hl=id&rclk=1",0,,
387,Kayutangan Heritage,4.7,781,Wisata Umum,-7.9764311,112.6293999,https://www.google.com/maps/place/Kayutangan+Heritage/data=!4m7!3m6!1s0x2dd629000e2ce061:0xd334cab473074b4c!8m2!3d-7.9764311!4d112.6293999!16s%2Fg%2F11vpg92661!19sChIJYeAsDgAp1i0RTEsHc7TKNNM?authuser=0&hl=id&rclk=1,10000,travel.kompas.com,https://travel.kompas.com/read/2022/05/10/131000527/rute-harga-tiket-dan-fasilitas-kampoeng-heritage-kajoetangan-malang?page=all
388,Malang Heritage,4.6,101,Wisata Umum,-7.9781297,112.629452,https://www.google.com/maps/place/Malang+Heritage/data=!4m7!3m6!1s0x2dd629032c99efeb:0xbaa97c76ff1d41fb!8m2!3d-7.9781297!4d112.629452!16s%2Fg%2F11tsphpq1w!19sChIJ6--ZLAMp1i0R-0Ed_3Z8qbo?authuser=0&hl=id&rclk=1,10000,travel.kompas.com,https://travel.kompas.com/read/2022/05/10/131000527/rute-harga-tiket-dan-fasilitas-kampoeng-heritage-kajoetangan-malang?page=all
389,Taman Halmahera,4.3,118,Taman Halmahera,-7.9923625,112.6282656,https://www.google.com/maps/place/Taman+Halmahera/data=!4m7!3m6!1s0x2dd62804d3aaa01f:0xea3e69f8da4d30d6!8m2!3d-7.9923625!4d112.6282656!16s%2Fg%2F11f3jn86tl!19sChIJH6Cq0wQo1i0R1jBN2vhpPuo?authuser=0&hl=id&rclk=1,0,malangkota.go.id,https://malangkota.go.id/taman-dan-hutan-kota/
391,Monumen Melati Kadet Suropati,4.5,96,Wisata Umum,-7.9722947,112.6216063,https://www.google.com/maps/place/Monumen+Melati+Kadet+Suropati/data=!4m7!3m6!1s0x2dd62827df6c8dc5:0xece17a95ca3769b5!8m2!3d-7.9722947!4d112.6216063!16s%2Fg%2F11by_hdf6l!19sChIJxY1s3yco1i0RtWk3ypV64ew?authuser=0&hl=id&rclk=1,0,,
392,De Rumah Park,4.4,101,"Taman · De Rumah, Jalan",-7.9567026,112.6206672,https://www.google.com/maps/place/De+Rumah+Park/data=!4m7!3m6!1s0x2dd629d608aaf28d:0xf47794c8db5a8e29!8m2!3d-7.9567026!4d112.6206672!16s%2Fg%2F11cjh_70wb!19sChIJjfKqCNYp1i0RKY5a28iUd_Q?authuser=0&hl=id&rclk=1,25000,instagram.com,https://www.instagram.com/reel/C0G3FpHJxL0/
393,Dam Kadalpang,4.1,99,Wisata Umum,-7.9577925,112.6243295,https://www.google.com/maps/place/Dam+Kadalpang/data=!4m7!3m6!1s0x2e78827870741539:0xbdd71e978ac39cb5!8m2!3d-7.9577925!4d112.6243295!16s%2Fg%2F11btvwvw4x!19sChIJORV0cHiCeC4RtZzDipce170?authuser=0&hl=id&rclk=1,5000,instagram.com,https://www.instagram.com/reel/Cz-0dQ3vq6b/
394,Monumen Tentara Genie Pelajar,4.6,159,Wisata Umum,-7.9753899,112.6260551,https://www.google.com/maps/place/Monumen+Tentara+Genie+Pelajar/data=!4m7!3m6!1s0x2dd6282426ce079f:0x1ee32e093a97a1d4!8m2!3d-7.9753899!4d112.6260551!16s%2Fg%2F11h5vggsqd!19sChIJnwfOJiQo1i0R1KGXOgku4x4?authuser=0&hl=id&rclk=1,0,,
395,Patung Mayor Hamid Rusdi,4.5,47,Wisata Umum,-7.9656449,112.625161,https://www.google.com/maps/place/Patung+Mayor+Hamid+Rusdi/data=!4m7!3m6!1s0x2dd6282b8d4a112d:0x785e1b13f41c57d6!8m2!3d-7.9656449!4d112.625161!16s%2Fg%2F11ckqnbtsk!19sChIJLRFKjSso1i0R1lcc9BMbXng?authuser=0&hl=id&rclk=1,50000,lemon8-app.com,https://www.lemon8-app.com/ameliadwims/7145315876181656066?region=id
396,Masjid An-Nur,4.8,485,Masjid An-Nur,-7.9639168,112.6294924,https://www.google.com/maps/place/Masjid+An-Nur/data=!4m7!3m6!1s0x2dd6282d0f564e89:0xcf34e745ab591b85!8m2!3d-7.9639168!4d112.6294924!16s%2Fg%2F11b6dzhwzm!19sChIJiU5WDy0o1i0RhRtZq0XnNM8?authuser=0&hl=id&rclk=1,10000,instagram.com,https://www.instagram.com/reel/C5-iz4GPPCB/
397,Taman Bibit Mojolangu,4.4,192,Taman Bibit Mojolangu,-7.9330379,112.6280413,https://www.google.com/maps/place/Taman+Bibit+Mojolangu/data=!4m7!3m6!1s0x2dd629e517fbf1b9:0x85f65501079ed236!8m2!3d-7.9330379!4d112.6280413!16s%2Fg%2F11fyxg0q67!19sChIJufH7F-Up1i0RNtKeBwFV9oU?authuser=0&hl=id&rclk=1,25000,nahwatravel.co.id,https://nahwatravel.co.id/taman-dengan-fasilitas-terlengkap-di-kota-malang
398,Museum Mpu Purwa,4.6,769,Museum Mpu Purwa,-7.9403907,112.6208237,https://www.google.com/maps/place/Museum+Mpu+Purwa/data=!4m7!3m6!1s0x2dd629dfd58aaf95:0xe48aefb59fc0cf10!8m2!3d-7.9403907!4d112.6208237!16s%2Fg%2F11b6n8_6pb!19sChIJla-K1d8p1i0REM_An7XviuQ?authuser=0&hl=id&rclk=1,0,24travel.id,https://24travel.id/museum-mpu-purwa-malang/
399,Taman Kebun Bibit Mojolangu Kota Malang,4.4,411,Taman · 3J9H+4HV,-7.9321426,112.6289351,https://www.google.com/maps/place/Taman+Kebun+Bibit+Mojolangu+Kota+Malang/data=!4m7!3m6!1s0x2dd629e4957361b3:0x2b19ca4aa122e87d!8m2!3d-7.9321426!4d112.6289351!16s%2Fg%2F11cl_4gg3y!19sChIJs2FzleQp1i0RfegioUrKGSs?authuser=0&hl=id&rclk=1,0,dlh.malangkota.go.id,https://dlh.malangkota.go.id/dokumen/data-taman-aktif-dan-kebun-bibit/
400,Sumber Umbulan Singosari,4.5,1004,Wisata Umum,-7.8952854,112.6291233,https://www.google.com/maps/place/Sumber+Umbulan+Singosari/data=!4m7!3m6!1s0x2dd62b8f0806f319:0x14ef6a3b6f6e0d3!8m2!3d-7.8952854!4d112.6291233!16s%2Fg%2F11jwgwtj5_!19sChIJGfMGCI8r1i0R0-D2tqP2TgE?authuser=0&hl=id&rclk=1,2000,travelspromo.com,https://travelspromo.com/htm-wisata/sumber-umbulan-malang/
401,Pemandian Sumber Nyolo,4.3,777,Wisata Umum,-7.87944,112.6215332,https://www.google.com/maps/place/Pemandian+Sumber+Nyolo/data=!4m7!3m6!1s0x2dd62a8069ffb6df:0x1f789926985bba27!8m2!3d-7.87944!4d112.6215332!16s%2Fg%2F11ckkwtzhc!19sChIJ37b_aYAq1i0RJ7pbmCaZeB8?authuser=0&hl=id&rclk=1,5000,travel.kompas.com,https://travel.kompas.com/read/2024/03/25/080300827/sumber-nyolo-pemandian-air-di-malang-konon-bikin-awet-muda
402,Pemandian Sumber Umbulan Singosari,4.4,45,Tujuan Wisata · 4J4H+C45,-7.8939945,112.6278492,https://www.google.com/maps/place/Pemandian+Sumber+Umbulan+Singosari/data=!4m7!3m6!1s0x2dd62bfdfc05ea91:0x4c1beb25863a6de4!8m2!3d-7.8939945!4d112.6278492!16s%2Fg%2F11nncnmmq0!19sChIJkeoF_P0r1i0R5G06hiXrG0w?authuser=0&hl=id&rclk=1,2000,travelspromo.com,https://travelspromo.com/htm-wisata/sumber-umbulan-malang/
403,SUMBER UMBULAN NGENEP KERAJAN,4.4,206,Wisata Umum,-7.8989271,112.6233729,https://www.google.com/maps/place/SUMBER+UMBULAN+NGENEP+KERAJAN/data=!4m7!3m6!1s0x2dd62bf9087d433b:0x1c53db20a2bd61cd!8m2!3d-7.8989271!4d112.6233729!16s%2Fg%2F11j67kqw32!19sChIJO0N9CPkr1i0RzWG9oiDbUxw?authuser=0&hl=id&rclk=1,2000,travelspromo.com,https://travelspromo.com/htm-wisata/sumber-umbulan-malang/
404,Akar Rumput ( Wisata Edukasi Pertanian ),5.0,22,Wisata Umum,-7.915014,112.619593,https://www.google.com/maps/place/Akar+Rumput+%28+Wisata+Edukasi+Pertanian+%29/data=!4m7!3m6!1s0x2e788100260972c7:0x4fd8d67b12f8d3d8!8m2!3d-7.915014!4d112.619593!16s%2Fg%2F11ygycnncc!19sChIJx3IJJgCBeC4R2NP4EnvW2E8?authuser=0&hl=id&rclk=1,25000,instagram.com,https://www.instagram.com/reel/DXtNmyHD8GR/
405,Jembatan Soekarno Hatta Malang,4.5,3295,Wisata Umum,-7.9495144,112.6157799,https://www.google.com/maps/place/Jembatan+Soekarno+Hatta+Malang/data=!4m7!3m6!1s0x2e788276e4f0103f:0x14e92cb8195e440d!8m2!3d-7.9495144!4d112.6157799!16s%2Fg%2F11cn0_ph0f!19sChIJPxDw5HaCeC4RDUReGbgs6RQ?authuser=0&hl=id&rclk=1,35000,digitiket.com,https://digitiket.com/v/detail/malang-skyland
406,Kolam pemancingan singo,4.6,20,Tujuan Wisata · 3J54+5R8,-7.9420806,112.6070694,https://www.google.com/maps/place/Kolam+pemancingan+singo/data=!4m7!3m6!1s0x2e788346743ab999:0x948202ccfdba2bb3!8m2!3d-7.9420806!4d112.6070694!16s%2Fg%2F11rchl08zk!19sChIJmbk6dEaDeC4Rsyu6_cwCgpQ?authuser=0&hl=id&rclk=1,20000,radarmalang.jawapos.com,https://radarmalang.jawapos.com/wisata-kuliner/2403190016/rekomendasi-3-tempat-pemancingan-di-kota-malang-bagi-para-mancing-mania-ada-yang-bisa-langsung-makan-di-tempat
407,Tugu Jam Rektorat Universitas Brawijaya,4.8,260,Wisata Umum,-7.9526114,112.6144649,https://www.google.com/maps/place/Tugu+Jam+Rektorat+Universitas+Brawijaya/data=!4m7!3m6!1s0x2e788279fb823df1:0xdc3f32cbb3643871!8m2!3d-7.9526114!4d112.6144649!16s%2Fg%2F11c3sqnym3!19sChIJ8T2C-3mCeC4RcThks8syP9w?authuser=0&hl=id&rclk=1,3000,tripadvisor.co.id,https://www.tripadvisor.co.id/LocationPhotoDirectLink-g297710-d3386196-i184172821-Brawijaya_Museum-Malang_East_Java_Java.html
408,Museum Musik Indonesia,4.4,523,Museum Musik Indonesia,-7.9389896,112.628171,https://www.google.com/maps/place/Museum+Musik+Indonesia/data=!4m7!3m6!1s0x2dd6281bed7593e9:0x30c23d27c745c79a!8m2!3d-7.9389896!4d112.628171!16s%2Fg%2F11gck6zzhk!19sChIJ6ZN17Rso1i0RmsdFxyc9wjA?authuser=0&hl=id&rclk=1,39600,traveloka.com,https://www.traveloka.com/id-id/activities/indonesia/product/jatim-park-3-tickets-2000625499260
409,Kampung Edukasi Budaya Tradisi Batu,4.6,23,Tujuan Wisata · 4H4F+MGG,-7.8933127,112.5738167,https://www.google.com/maps/place/Kampung+Edukasi+Budaya+Tradisi+Batu/data=!4m7!3m6!1s0x2e78818ddf71d21b:0x489b802465e793f0!8m2!3d-7.8933127!4d112.5738167!16s%2Fg%2F11f5t3g62l!19sChIJG9Jx342BeC4R8JPnZSSAm0g?authuser=0&hl=id&rclk=1,50000,id.trip.com,https://id.trip.com/blog/batu-travel-guide/
410,WLK Wisata Lereng Kebun,4.9,240,WLK Wisata Lereng Kebun,-7.8611896,112.5819024,https://www.google.com/maps/place/WLK+Wisata+Lereng+Kebun/data=!4m7!3m6!1s0x2e788140ed9a1287:0x7b7f238d0e990d19!8m2!3d-7.8611896!4d112.5819024!16s%2Fg%2F11fpktg5nr!19sChIJhxKa7UCBeC4RGQ2ZDo0jf3s?authuser=0&hl=id&rclk=1,10000,radarbangkalan.jawapos.com,https://radarbangkalan.jawapos.com/food-travel/2315048519/nikmati-keindahan-wisata-karangploso-malang-salah-satunya-lereng-kebun-yang-menawan
411,Gunung Wukir View Gn Arjuno,4.7,51,Gunung Wukir View Gn Arjuno,-7.8901554,112.5674539,https://www.google.com/maps/place/Gunung+Wukir+View+Gn+Arjuno/data=!4m7!3m6!1s0x2e78810695b9105f:0xaba8ecf96809d3b2!8m2!3d-7.8901554!4d112.5674539!16s%2Fg%2F11cp8640p4!19sChIJXxC5lQaBeC4RstMJaPnsqKs?authuser=0&hl=id&rclk=1,21000,tahurarsoerjo.dishut.jatimprov.go.id,https://tahurarsoerjo.dishut.jatimprov.go.id/sub/owa/arjuno.php
412,Wisata Petik Strawberry,4.4,47,Wisata Petik Strawberry,-7.8684032,112.5420956,https://www.google.com/maps/place/Wisata+Petik+Strawberry/data=!4m7!3m6!1s0x2e78812fa898e035:0x9a2c8f08e5e68d03!8m2!3d-7.8684032!4d112.5420956!16s%2Fg%2F11gy5744vn!19sChIJNeCYqC-BeC4RA43m5QiPLJo?authuser=0&hl=id&rclk=1,10000,kumparan.com,https://kumparan.com/seputar-malang/3-tempat-wisata-petik-strawberry-malang-beserta-jadwal-bukanya-23hvtUtFlcr
413,BatuPaintball,4.9,265,Wisata Umum,-7.8886675,112.5610424,https://www.google.com/maps/place/BatuPaintball/data=!4m7!3m6!1s0x2e7880db74615bb5:0x431dc0db8123d46c!8m2!3d-7.8886675!4d112.5610424!16s%2Fg%2F11bccgm76m!19sChIJtVthdNuAeC4RbNQjgdvAHUM?authuser=0&hl=id&rclk=1,130000,batupaintball.com,https://www.batupaintball.com/paket-paintball-di-batu-malang/
414,Tlogorejo Water Source,4.3,52,Wisata Umum,-7.8553478,112.545879,https://www.google.com/maps/place/Tlogorejo+Water+Source/data=!4m7!3m6!1s0x2e7880bd238873b3:0x54218b7aaa382707!8m2!3d-7.8553478!4d112.545879!16s%2Fg%2F11cjkl39pg!19sChIJs3OII72AeC4RByc4qnqLIVQ?authuser=0&hl=id&rclk=1,10000,travelspromo.com,https://travelspromo.com/htm-wisata/tlogo-land-malang/
415,Puncak Budug Asu,4.7,595,Tujuan Wisata · ,-7.807287,112.6214149,https://www.google.com/maps/place/Puncak+Budug+Asu/data=!4m7!3m6!1s0x2dd7d57d0ca42e43:0x459a4d0221ade291!8m2!3d-7.807287!4d112.6214149!16s%2Fg%2F11hbfhhm7j!19sChIJQy6kDH3V1y0RkeKtIQJNmkU?authuser=0&hl=id&rclk=1,10000,cakrabirawatour.com,https://cakrabirawatour.com/puncak-budug-asu/
416,Arjuna Geopark,4.8,520,Wisata Umum,-7.8184952,112.6463259,https://www.google.com/maps/place/Arjuna+Geopark/data=!4m7!3m6!1s0x2dd7d563edc62ea5:0x16daba02850a0475!8m2!3d-7.8184952!4d112.6463259!16s%2Fg%2F11t1j6d61m!19sChIJpS7G7WPV1y0RdQQKhQK62hY?authuser=0&hl=id&rclk=1,20000,x.com,https://x.com/ptpni_regional5/status/2022224476306649536
417,Jembatan Cinta Bukit Kuneer,4.6,124,Wisata Umum,-7.8134559,112.633615,https://www.google.com/maps/place/Jembatan+Cinta+Bukit+Kuneer/data=!4m7!3m6!1s0x2dd7d58ddcaec797:0x4386f18625e58265!8m2!3d-7.8134559!4d112.633615!16s%2Fg%2F11h5w6mpqh!19sChIJl8eu3I3V1y0RZYLlJYbxhkM?authuser=0&hl=id&rclk=1,10000,travelspromo.com,https://travelspromo.com/htm-wisata/bukit-kuneer-tiket-masuk-aktivitas-dan-akses-jalan/
418,Pentungan Sari Waterpark,4.5,239,Tujuan Wisata · ,-7.8522273,112.6583238,https://www.google.com/maps/place/Pentungan+Sari+Waterpark/data=!4m7!3m6!1s0x2dd62b376c544293:0xe2576574b67e5b2b!8m2!3d-7.8522273!4d112.6583238!16s%2Fg%2F11rg9d12ny!19sChIJk0JUbDcr1i0RK1t-tnRlV-I?authuser=0&hl=id&rclk=1,5000,idntimes.com,https://www.idntimes.com/travel/destination/pentungan-sari-waterpark-malang-info-lokasi-rute-dan-harga-01-lssck-ssrx1z
419,Taman Arjuno,4.7,336,Taman Arjuno,-7.859702,112.6475082,https://www.google.com/maps/place/Taman+Arjuno/data=!4m7!3m6!1s0x2dd62b560ffd52c5:0x3497976bf21b63dd!8m2!3d-7.859702!4d112.6475082!16s%2Fg%2F11rhqv3gzt!19sChIJxVL9D1Yr1i0R3WMb8muXlzQ?authuser=0&hl=id&rclk=1,21000,tahurarsoerjo.dishut.jatimprov.go.id,https://tahurarsoerjo.dishut.jatimprov.go.id/sub/owa/arjuno.php
420,Tlogo Land,4.3,1590,Wisata Umum,-7.8272887,112.6810779,https://www.google.com/maps/place/Tlogo+Land/data=!4m7!3m6!1s0x2dd7d4cfa226181b:0x73416cb11614786c!8m2!3d-7.8272887!4d112.6810779!16s%2Fg%2F11g9q_8tjl!19sChIJGxgmos_U1y0RbHgUFrFsQXM?authuser=0&hl=id&rclk=1,10000,travelspromo.com,https://travelspromo.com/htm-wisata/tlogo-land-malang/
421,Candi Sumberawan,4.6,1419,Tujuan Wisata · ,-7.8553968,112.6447923,https://www.google.com/maps/place/Candi+Sumberawan/data=!4m7!3m6!1s0x2dd62aceaaaaaaab:0x248a8328b0f1bb3d!8m2!3d-7.8553968!4d112.6447923!16s%2Fg%2F121l0tj8!19sChIJq6qqqs4q1i0RPbvxsCiDiiQ?authuser=0&hl=id&rclk=1,10000,salsawisata.com,https://salsawisata.com/candi-sumberawan/
422,Bukit Kuneer,4.5,1447,Wisata Umum,-7.8127654,112.6319932,https://www.google.com/maps/place/Bukit+Kuneer/data=!4m7!3m6!1s0x2dd7d56f5ee3b94d:0xbdd44aa185913552!8m2!3d-7.8127654!4d112.6319932!16s%2Fg%2F11f10fshwb!19sChIJTbnjXm_V1y0RUjWRhaFK1L0?authuser=0&hl=id&rclk=1,10000,surabaya.kompas.com,https://surabaya.kompas.com/read/2024/05/21/225211778/bukit-kuneer-di-malang-daya-tarik-harga-tiket-dan-rute?page=all
423,Wisata Sumber Awan,4.5,28,Wisata Sumber Awan,-7.8553407,112.6448098,https://www.google.com/maps/place/Wisata+Sumber+Awan/data=!4m7!3m6!1s0x2dd62b9b4d65e89f:0xa3adacb195e86e6e!8m2!3d-7.8553407!4d112.6448098!16s%2Fg%2F11rrjrp_rd!19sChIJn-hlTZsr1i0Rbm7olbGsraM?authuser=0&hl=id&rclk=1,10000,24travel.id,https://24travel.id/candi-sumberawan-malang/?srsltid=AfmBOopC76e7xknQm4b5VRuF1bX3ISJHxwlxmtbOQhE6yHHKws_2oEmi
424,Wonosari Tea Plantation,4.5,602,Wisata Umum,-7.8203975,112.6446857,https://www.google.com/maps/place/Wonosari+Tea+Plantation/data=!4m7!3m6!1s0x2dd62aceaaaaaaab:0x2c56012abfa9c5db!8m2!3d-7.8203975!4d112.6446857!16s%2Fg%2F1pzthwp3n!19sChIJq6qqqs4q1i0R28WpvyoBViw?authuser=0&hl=id&rclk=1,15000,traveloka.com,https://www.traveloka.com/id-id/explore/destination/kebun-teh-wonosari-acc/351268
425,Bukit Asmara,4.7,198,Wisata Umum,-8.440946,112.6642625,https://www.google.com/maps/place/Bukit+Asmara/data=!4m7!3m6!1s0x2dd601afe9d1cb09:0x402a3e6f8eec6bd0!8m2!3d-8.440946!4d112.6642625!16s%2Fg%2F11f77_d6fx!19sChIJCcvR6a8B1i0R0Gvsjm8-KkA?authuser=0&hl=id&rclk=1,15000,travelspromo.com,https://travelspromo.com/htm-wisata/pantai-teluk-asmara-malang/
426,Pantai Tamban,4.6,773,Pantai Tamban,-8.4173275,112.7103036,https://www.google.com/maps/place/Pantai+Tamban/data=!4m7!3m6!1s0x2dd601e672b249b3:0xc366e39b9a660b89!8m2!3d-8.4173275!4d112.7103036!16s%2Fg%2F1q60znmgs!19sChIJs0mycuYB1i0RiQtmmpvjZsM?authuser=0&hl=id&rclk=1,5000,travelspromo.com,https://travelspromo.com/htm-wisata/pantai-tamban-malang/
427,Pantai Sendangbiru,4.5,1278,Pantai Sendangbiru,-8.431425,112.6860615,https://www.google.com/maps/place/Pantai+Sendangbiru/data=!4m7!3m6!1s0x2dd6018977a5b0e3:0xbb631ca786931b7e!8m2!3d-8.431425!4d112.6860615!16s%2Fg%2F11h4g0hgh3!19sChIJ47Cld4kB1i0RfhuThqccY7s?authuser=0&hl=id&rclk=1,10000,hargacampur.com,https://hargacampur.com/harga-tiket-masuk-pantai-sendangbiru/
428,Teluk Asmara Beach,4.5,122,Wisata Umum,-8.4429424,112.6654655,https://www.google.com/maps/place/Teluk+Asmara+Beach/data=!4m7!3m6!1s0x2dd601c1342d73cb:0x934e8a03d66a0e38!8m2!3d-8.4429424!4d112.6654655!16s%2Fg%2F11n_z2ww96!19sChIJy3MtNMEB1i0ROA5q1gOKTpM?authuser=0&hl=id&rclk=1,15000,travelspromo.com,https://travelspromo.com/htm-wisata/pantai-teluk-asmara-malang/
429,Pantai Sumenggung ꦥꦼꦱꦶꦱꦶꦂꦱꦸꦩꦼꦔ꧀ꦒꦸꦁ,4.5,26,Pantai Sumenggung ꦥꦼꦱꦶꦱꦶꦂꦱꦸꦩꦼꦔ꧀ꦒꦸꦁ,-8.4450207,112.6596044,https://www.google.com/maps/place/Pantai+Sumenggung+%EA%A6%A5%EA%A6%BC%EA%A6%B1%EA%A6%B6%EA%A6%B1%EA%A6%B6%EA%A6%82%EA%A6%B1%EA%A6%B8%EA%A6%A9%EA%A6%BC%EA%A6%94%EA%A7%80%EA%A6%92%EA%A6%B8%EA%A6%81/data=!4m7!3m6!1s0x2dd601ae9db7370b:0x4e3dd01240a0b66e!8m2!3d-8.4450207!4d112.6596044!16s%2Fg%2F11cn3j7xlr!19sChIJCze3na4B1i0RbragQBLQPU4?authuser=0&hl=id&rclk=1,10000,radarmalang.jawapos.com,https://radarmalang.jawapos.com/wisata-kuliner/2403310010/jangan-skip-3-pantai-ini-saat-liburan-ke-malang-selatan-ada-semenanjung-kecil-untuk-memancing-pantai-sumenggung
430,Jembatan Bajulmati,4.5,985,Wisata Umum,-8.4367953,112.6452933,https://www.google.com/maps/place/Jembatan+Bajulmati/data=!4m7!3m6!1s0x2dd601b8c0c044eb:0xb3df1362af51675e!8m2!3d-8.4367953!4d112.6452933!16s%2Fg%2F11c38dxwj3!19sChIJ60TAwLgB1i0RXmdRr2IT37M?authuser=0&hl=id&rclk=1,10000,traveloka.com,https://www.traveloka.com/id-id/explore/destination/pantai-bajul-mati-acc/385918
431,Rest Area Pesona Wono Agung,4.5,35,Tujuan Wisata,-8.3583236,112.6771747,https://www.google.com/maps/place/Rest+Area+Pesona+Wono+Agung/data=!4m7!3m6!1s0x2dd603fba61c6bc1:0xf285ad91cabb9957!8m2!3d-8.3583236!4d112.6771747!16s%2Fg%2F11n0rttbd8!19sChIJwWscpvsD1i0RV5m7ypGthfI?authuser=0&hl=id&rclk=1,20000,instagram.com,https://www.instagram.com/p/DRB5rqQj4rn/
432,Puncak Sumawe,4.4,672,Wisata Umum,-8.2576403,112.6817927,https://www.google.com/maps/place/Puncak+Sumawe/data=!4m7!3m6!1s0x2dd61c3a4fdd0bbd:0xa1f85f4f68c560e9!8m2!3d-8.2576403!4d112.6817927!16s%2Fg%2F11dxm7_kyb!19sChIJvQvdTzoc1i0R6WDFaE9f-KE?authuser=0&hl=id&rclk=1,2000,lukmanmohdluck.blogspot.com,http://lukmanmohdluck.blogspot.com/2021/01/puncak-sumawe-lokasi-wisata-dan-lokasi.html
433,Rest Area Pletes,4.5,176,"""Wisata alam",-8.2579397,112.6810378,https://www.google.com/maps/place/Rest+Area+Pletes/data=!4m7!3m6!1s0x2dd61d02d9a3fbdd:0xdb500ca18f36ef0e!8m2!3d-8.2579397!4d112.6810378!16s%2Fg%2F11j9dctq_s!19sChIJ3fuj2QId1i0RDu82j6EMUNs?authuser=0&hl=id&rclk=1,0,id.trip.com,https://id.trip.com/travel-guide/attraction/sumbermanjing-wetan/rest-area-pletes-142454099/
434,Rest Area Druju,4.7,23,Wisata Umum,-8.2363625,112.6828391,https://www.google.com/maps/place/Rest+Area+Druju/data=!4m7!3m6!1s0x2dd61fcd5604f187:0xc744f34f2370e76b!8m2!3d-8.2363625!4d112.6828391!16s%2Fg%2F11lgk7jldk!19sChIJh_EEVs0f1i0Ra-dwI0_zRMc?authuser=0&hl=id&rclk=1,0,perhutani.co.id,https://www.perhutani.co.id/perhutani-bangun-rest-area-di-druju/
435,Tomboan Ngawonggo,4.6,831,Wisata Umum,-8.079631,112.704618,https://www.google.com/maps/place/Tomboan+Ngawonggo/data=!4m7!3m6!1s0x2dd621116381c717:0x154834ba35e6ce6b!8m2!3d-8.079631!4d112.704618!16s%2Fg%2F11jnpsgtmx!19sChIJF8eBYxEh1i0Ra87mNbo0SBU?authuser=0&hl=id&rclk=1,0,,
436,Taman Rampal,4.2,92,Taman Rampal,-7.9740814,112.641804,https://www.google.com/maps/place/Taman+Rampal/data=!4m7!3m6!1s0x2dd62964de7ea6f3:0xe72cf158f387f4f7!8m2!3d-7.9740814!4d112.641804!16s%2Fg%2F11y3d9n_ty!19sChIJ86Z-3mQp1i0R9_SH81jxLOc?authuser=0&hl=id&rclk=1,10000,instagram.com,https://www.instagram.com/taman.rampal/
437,Taman Kendedes,4.5,2989,Taman Kendedes,-7.9261358,112.6508536,https://www.google.com/maps/place/Taman+Kendedes/data=!4m7!3m6!1s0x2dd6298ebfc165f3:0xfc2a1cc717b5a0a2!8m2!3d-7.9261358!4d112.6508536!16s%2Fg%2F11cm6q1rbq!19sChIJ82XBv44p1i0RoqC1F8ccKvw?authuser=0&hl=id&rclk=1,5000,cozzy.id,https://cozzy.id/en/news/wisata-populer-sumber-air-kendedes-simak-panduan-lengkapnya
438,"""BAMBOO MEWEK PARK""",4.2,41,Wisata Umum,-7.9230017,112.6361784,https://www.google.com/maps/place/%22BAMBOO+MEWEK+PARK%22/data=!4m7!3m6!1s0x2dd629f65ff21579:0xbb1aa390785af972!8m2!3d-7.9230017!4d112.6361784!16s%2Fg%2F11hcpxvstm!19sChIJeRXyX_Yp1i0RcvlaeJCjGrs?authuser=0&hl=id&rclk=1,0,,
439,Malang Night Paradise,4.6,20932,Wisata Umum,-7.9235099,112.6580123,https://www.google.com/maps/place/Malang+Night+Paradise/data=!4m7!3m6!1s0x2dd629866466afe7:0x41e4435bb9bc1c00!8m2!3d-7.9235099!4d112.6580123!16s%2Fg%2F11dft2lbkp!19sChIJ569mZIYp1i0RABy8uVtD5EE?authuser=0&hl=id&rclk=1,75000,home.hawaigroup.id,https://home.hawaigroup.id/info-harga-tiket-masuk-malang-night-paradise-2025/
440,Wisata sumber suceng,4.4,22,Wisata sumber suceng,-7.8970259,112.6356759,https://www.google.com/maps/place/Wisata+sumber+suceng/data=!4m7!3m6!1s0x2dd62b61d24a3337:0xf2bce1d346147baa!8m2!3d-7.8970259!4d112.6356759!16s%2Fg%2F11j07x47_l!19sChIJNzNK0mEr1i0RqnsURtPhvPI?authuser=0&hl=id&rclk=1,10000,labirutour.com,https://labirutour.com/blog/sumber-mata-air-malang
441,Sumber Nagan,4.6,192,Wisata Umum,-7.875618,112.653535,https://www.google.com/maps/place/Sumber+Nagan/data=!4m7!3m6!1s0x2dd62af7102f182b:0x245a0209c6c8124e!8m2!3d-7.875618!4d112.653535!16s%2Fg%2F11c7wh0tsf!19sChIJKxgvEPcq1i0RThLIxgkCWiQ?authuser=0&hl=id&rclk=1,5000,nagantour.com,https://nagantour.com/pemandian-kalireco/
442,SERASTIK,4.1,202,Tujuan Wisata · 4M72+FXV,-7.8856039,112.6528842,https://www.google.com/maps/place/SERASTIK/data=!4m7!3m6!1s0x2dd62ba3ca5f59a5:0x1a43a8a9cf2bd643!8m2!3d-7.8856039!4d112.6528842!16s%2Fg%2F11l6g1mxqq!19sChIJpVlfyqMr1i0RQ9Yrz6moQxo?authuser=0&hl=id&rclk=1,7000,instagram.com,https://www.instagram.com/p/DLRyrMqJiPp/
443,Wisata Banyu Umbulan Dampit,4.5,661,Wisata Banyu Umbulan Dampit,-8.1778235,112.7667212,https://www.google.com/maps/place/Wisata+Banyu+Umbulan+Dampit/data=!4m7!3m6!1s0x2dd618609d6950dd:0x43632c0cc6145cf2!8m2!3d-8.1778235!4d112.7667212!16s%2Fg%2F11b6y9f96t!19sChIJ3VBpnWAY1i0R8lwUxgwsY0M?authuser=0&hl=id&rclk=1,10000,instagram.com,https://www.instagram.com/p/DVIJi-8krfb/
444,Dam tawang rejeni,4.9,22,Tujuan Wisata · QMGW+542,-8.2259247,112.6950335,https://www.google.com/maps/place/Dam+tawang+rejeni/data=!4m7!3m6!1s0x2dd61f5debf60069:0x94bc0dfe65b7dece!8m2!3d-8.2259247!4d112.6950335!16s%2Fg%2F11t7mpvqkv!19sChIJaQD2610f1i0Rzt63Zf4NvJQ?authuser=0&hl=id&rclk=1,0,indonesiana.id,https://www.indonesiana.id/read/184962/pesona-sabana-rejeni-rinjani-nya-malang-selatan
445,KAMISAMA WATERPARK,4.5,153,Tujuan Wisata · Jl. Pasir,-8.1911898,112.70642,https://www.google.com/maps/place/KAMISAMA+WATERPARK/data=!4m7!3m6!1s0x2dd61f968bd9c38d:0xa30878c64c5b7173!8m2!3d-8.1911898!4d112.70642!16s%2Fg%2F11fq9p0nj2!19sChIJjcPZi5Yf1i0Rc3FbTMZ4CKM?authuser=0&hl=id&rclk=1,10000,youtube.com,https://www.youtube.com/watch?v=1uK4z51fIIc
446,Boonpring,4.3,4859,Tujuan Wisata · ,-8.1557705,112.7619607,https://www.google.com/maps/place/Boonpring/data=!4m7!3m6!1s0x2dd6227fd2244ebf:0x1b5dc51ca9a9ef54!8m2!3d-8.1557705!4d112.7619607!16s%2Fg%2F11dxnl4pwf!19sChIJv04k0n8i1i0RVO-pqRzFXRs?authuser=0&hl=id&rclk=1,10000,travelspromo.com,https://travelspromo.com/htm-wisata/boon-pring-malang/
447,WGM (Wisata Gentong Mas),4.5,1219,WGM (Wisata Gentong Mas),-8.1115857,112.7114405,https://www.google.com/maps/place/WGM+%28Wisata+Gentong+Mas%29/data=!4m7!3m6!1s0x2dd621a9db49d527:0x2324cf76564f95f8!8m2!3d-8.1115857!4d112.7114405!16s%2Fg%2F11h_6h5hvc!19sChIJJ9VJ26kh1i0R-JVPVnbPJCM?authuser=0&hl=id&rclk=1,10000,atourin.com,https://atourin.com/destination/malang/wisata-gentong-mas-wgm
448,Parkir mobil gratis Masjid tiban turen,4.6,1733,Tujuan Wisata · ,-8.1514495,112.7123119,https://www.google.com/maps/place/Parkir+mobil+gratis+Masjid+tiban+turen/data=!4m7!3m6!1s0x2dd621130fe059ad:0x963e29337e2b709b!8m2!3d-8.1514495!4d112.7123119!16s%2Fg%2F11h57tjwyp!19sChIJrVngDxMh1i0Rm3ArfjMpPpY?authuser=0&hl=id&rclk=1,0,traveloka.com,https://www.traveloka.com/id-id/explore/destination/masjid-tiban-turen-malang-trp/483103
449,Kolam renang Tirtayasa,4.4,22,Kolam renang Tirtayasa,-8.1863479,112.7006007,https://www.google.com/maps/place/Kolam+renang+Tirtayasa/data=!4m7!3m6!1s0x2dd61f16200b5b61:0xa71afdff8bf5e601!8m2!3d-8.1863479!4d112.7006007!16s%2Fg%2F11p5jsxby5!19sChIJYVsLIBYf1i0RAeb1i__9Gqc?authuser=0&hl=id&rclk=1,25000,traveloka.com,https://www.traveloka.com/id-id/activities/indonesia/product/tiket-tirtasani-waterpark-2001740189719
450,Wiken Wisata Kampung Enem,3.7,339,Wiken Wisata Kampung Enem,-8.120277,112.780281,https://www.google.com/maps/place/Wiken+Wisata+Kampung+Enem/data=!4m7!3m6!1s0x2dd622e3e4c12a4b:0x5176a3f88a0ffe38!8m2!3d-8.120277!4d112.780281!16s%2Fg%2F11f03w5rft!19sChIJSyrB5OMi1i0ROP4PivijdlE?authuser=0&hl=id&rclk=1,5000,matic.malangkab.go.id,https://matic.malangkab.go.id/listing/wana-wisata-kampung-enem
451,Sumber Buntung Wisata air alami urek urek,4.1,36,Wisata Umum,-8.1383089,112.6700963,https://www.google.com/maps/place/Sumber+Buntung+Wisata+air+alami+urek+urek/data=!4m7!3m6!1s0x2dd621b380886039:0x464546255c6db3f9!8m2!3d-8.1383089!4d112.6700963!16s%2Fg%2F11cjj0xhh4!19sChIJOWCIgLMh1i0R-bNtXCVGRUY?authuser=0&hl=id&rclk=1,85000,id.trip.com,https://id.trip.com/travel-guide/attraction/bantur/wisata-sumber-buntung-138910276/
452,Kolam Renang Lembah Asri,4.6,370,Kolam Renang Lembah Asri,-8.1560808,112.6941694,https://www.google.com/maps/place/Kolam+Renang+Lembah+Asri/data=!4m7!3m6!1s0x2dd62167656b0271:0xc23ff7dab3be237e!8m2!3d-8.1560808!4d112.6941694!16s%2Fg%2F11svs9sv5y!19sChIJcQJrZWch1i0RfiO-s9r3P8I?authuser=0&hl=id&rclk=1,60000,traveloka.com,https://www.traveloka.com/id-id/explore/destination/lembah-tumpang-malang-acc/410239
453,Taman Ijo Bunga,4.2,113,Taman Ijo Bunga,-8.1582031,112.7122026,https://www.google.com/maps/place/Taman+Ijo+Bunga/data=!4m7!3m6!1s0x2dd621fe5549a353:0xf243d3ad045d4aa9!8m2!3d-8.1582031!4d112.7122026!16s%2Fg%2F11cm045nzg!19sChIJU6NJVf4h1i0RqUpdBK3TQ_I?authuser=0&hl=id&rclk=1,37500,travelspromo.com,https://travelspromo.com/htm-wisata/batu-flower-garden/
454,Wana Wisata Winong Camp ground,4.5,650,Wana Wisata Winong Camp ground,-8.1519932,112.7646016,https://www.google.com/maps/place/Wana+Wisata+Winong+Camp+ground/data=!4m7!3m6!1s0x2dd622873736cf65:0x8aaf825b361a5999!8m2!3d-8.1519932!4d112.7646016!16s%2Fg%2F11f1s4rwmy!19sChIJZc82N4ci1i0RmVkaNluCr4o?authuser=0&hl=id&rclk=1,5000,matic.malangkab.go.id,https://matic.malangkab.go.id/listing/wana-wisata-winong
455,Wana Wisata Winangon Tambak Rejo,4.1,193,Wana Wisata Winangon Tambak Rejo,-8.151798,112.7653446,https://www.google.com/maps/place/Wana+Wisata+Winangon+Tambak+Rejo/data=!4m7!3m6!1s0x2dd6228725861331:0x4d496985e10af679!8m2!3d-8.151798!4d112.7653446!16s%2Fg%2F11dyz9m_m8!19sChIJMROGJYci1i0RefYK4YVpSU0?authuser=0&hl=id&rclk=1,5000,matic.malangkab.go.id,https://matic.malangkab.go.id/listing/wana-wisata-winong
456,Masjid Tiban Malang,4.6,9312,Masjid Tiban Malang,-8.1508285,112.7131124,https://www.google.com/maps/place/Masjid+Tiban+Malang/data=!4m7!3m6!1s0x2dd621f7ec3665e3:0x7b75ae40a90161e6!8m2!3d-8.1508285!4d112.7131124!16s%2Fg%2F11c2nhj73m!19sChIJ42U27Pch1i0R5mEBqUCudXs?authuser=0&hl=id&rclk=1,0,id.trip.com,https://id.trip.com/travel-guide/attraction/turen/masjid-tiban-144255829
457,Wisata Alam Sumber Jenon,4.3,1881,Wisata Alam Sumber Jenon,-8.049703,112.7164399,https://www.google.com/maps/place/Wisata+Alam+Sumber+Jenon/data=!4m7!3m6!1s0x2dd62831f7a2d477:0xec7cd4e78c57fa6f!8m2!3d-8.049703!4d112.7164399!16s%2Fg%2F11bvt0ff9m!19sChIJd9Si9zEo1i0Rb_pXjOfUfOw?authuser=0&hl=id&rclk=1,10000,travel.kompas.com,https://travel.kompas.com/read/2024/03/25/130700227/sumber-jenon-malang--daya-tarik-harga-tiket-dan-jam-buka
458,Wisata Malang Dreamland,4.3,1604,Wisata Malang Dreamland,-8.0832183,112.7859412,https://www.google.com/maps/place/Wisata+Malang+Dreamland/data=!4m7!3m6!1s0x2dd62301bd3adb35:0x6700bccea5683d4b!8m2!3d-8.0832183!4d112.7859412!16s%2Fg%2F11s555d14c!19sChIJNds6vQEj1i0RSz1opc68AGc?authuser=0&hl=id&rclk=1,20000,travel.kompas.com,https://travel.kompas.com/read/2024/05/22/110900427/jam-buka-dan-harga-tiket-masuk-di-malang-dreamland
459,waduk urek-urek gondanglegi malang,4.1,171,Taman ·  · RMX9+WCV,-8.1501253,112.6685607,https://www.google.com/maps/place/waduk+urek-urek+gondanglegi+malang/data=!4m7!3m6!1s0x2dd621ccd9ebf429:0xb597eaf4e70eb222!8m2!3d-8.1501253!4d112.6685607!16s%2Fg%2F11gcxz1ws2!19sChIJKfTr2cwh1i0RIrIO5_Tql7U?authuser=0&hl=id&rclk=1,20000,instagram.com,https://www.instagram.com/p/DRB5rqQj4rn/
460,OG Durian,4.7,76,Wisata Umum,-8.1306309,112.663318,https://www.google.com/maps/place/OG+Durian/data=!4m7!3m6!1s0x2dd621f90e1eb803:0x2676277a2feca1ab!8m2!3d-8.1306309!4d112.663318!16s%2Fg%2F11y28pd1m5!19sChIJA7geDvkh1i0Rq6HsL3ondiY?authuser=0&hl=id&rclk=1,50000,instagram.com,https://www.instagram.com/duriangarden.id/
461,WBLL (Wisata Blayu Lesti Lestari) Wajak,4.2,50,Wisata Umum,-8.1161719,112.7395409,https://www.google.com/maps/place/WBLL+%28Wisata+Blayu+Lesti+Lestari%29+Wajak/data=!4m7!3m6!1s0x2dd623005cb22813:0xac8c143e27f405fe!8m2!3d-8.1161719!4d112.7395409!16s%2Fg%2F11vxzf8s2x!19sChIJEyiyXAAj1i0R_gX0Jz4UjKw?authuser=0&hl=id&rclk=1,10000,matic.malangkab.go.id,https://matic.malangkab.go.id/listing/wisata-blayu-lesti-lestari
462,Taman Keceh,4.0,617,Taman Keceh,-8.0968003,112.7096505,https://www.google.com/maps/place/Taman+Keceh/data=!4m7!3m6!1s0x2dd6215e8614742d:0x42aff31866fe6605!8m2!3d-8.0968003!4d112.7096505!16s%2Fg%2F11f359ntrq!19sChIJLXQUhl4h1i0RBWb-Zhjzr0I?authuser=0&hl=id&rclk=1,10000,matic.malangkab.go.id,https://matic.malangkab.go.id/listing/wisata-taman-keceh
463,Embung Jambesari Sunset,4.2,92,Wisata Umum,-8.0639468,112.7392765,https://www.google.com/maps/place/Embung+Jambesari+Sunset/data=!4m7!3m6!1s0x2dd625c3dd1af68d:0xd6f4f6deff0efd5a!8m2!3d-8.0639468!4d112.7392765!16s%2Fg%2F11fm3cnz6z!19sChIJjfYa3cMl1i0RWv0O_9729NY?authuser=0&hl=id&rclk=1,5000,idntimes.com,https://www.idntimes.com/travel/destination/info-wisata-gunung-sari-sunset-00-p3rq2-x4d3c2
464,Taman Edukasi EMBUNG PANDANMULYO,4.3,30,Taman Edukasi EMBUNG PANDANMULYO,-8.0700847,112.6953842,https://www.google.com/maps/place/Taman+Edukasi+EMBUNG+PANDANMULYO/data=!4m7!3m6!1s0x2dd6279c2a859269:0x186f764ff28a3a63!8m2!3d-8.0700847!4d112.6953842!16s%2Fg%2F11k7b58kds!19sChIJaZKFKpwn1i0RYzqK8k92bxg?authuser=0&hl=id&rclk=1,20000,kumparan.com,https://kumparan.com/seputar-malang/3-wisata-edukasi-murah-di-malang-yang-menambah-wawasan-24AJvGv35ej
465,TUBING SUMBER SALAM,4.4,33,Wisata Umum,-8.0485004,112.6952202,https://www.google.com/maps/place/TUBING+SUMBER+SALAM/data=!4m7!3m6!1s0x2dd626ecbd1f0cc9:0xec273ee8e5c52f3d!8m2!3d-8.0485004!4d112.6952202!16s%2Fg%2F11hd22fyzt!19sChIJyQwfvewm1i0RPS_F5eg-J-w?authuser=0&hl=id&rclk=1,5000,travel.kompas.com,https://travel.kompas.com/read/2023/11/14/175000627/wisata-sumber-maron-malang--harga-tiket-jam-buka-dan-daya-tarik?page=all
466,Tugu Pertigaan Wajak,4.2,375,Wisata Umum,-8.1032614,112.7345743,https://www.google.com/maps/place/Tugu+Pertigaan+Wajak/data=!4m7!3m6!1s0x2dd623c1354468a9:0xb8e75b7edf3322e1!8m2!3d-8.1032614!4d112.7345743!16s%2Fg%2F1hm219tz0!19sChIJqWhENcEj1i0R4SIz335b57g?authuser=0&hl=id&rclk=1,10000,radarbatu.jawapos.com,https://radarbatu.jawapos.com/wisata-kuliner/2324722672/htm-10-ribuan-ini-wisata-di-wajak-malang-lengkap-dengan-panduan-harga-tiket-masuk-lokasi-fasilitas-rute-perjalanan-dan-tips?page=2
467,Situs Patirtaan Ngawonggo,4.7,337,Wisata Umum,-8.079631,112.704618,https://www.google.com/maps/place/Situs+Patirtaan+Ngawonggo/data=!4m7!3m6!1s0x2dd6213aaa232579:0xab7cd57fcddc7173!8m2!3d-8.079631!4d112.704618!16s%2Fg%2F11kkkrl_qk!19sChIJeSUjqjoh1i0Rc3HczX_VfKs?authuser=0&hl=id&rclk=1,5000,instagram.com,https://www.instagram.com/reel/DW-wnmGk2uh/
468,lembah ronggo warsito,4.4,63,Wisata Umum,-8.069603,112.7132028,https://www.google.com/maps/place/lembah+ronggo+warsito/data=!4m7!3m6!1s0x2dd627036b1dd25d:0x25dedf47ba74ab26!8m2!3d-8.069603!4d112.7132028!16s%2Fg%2F11lsmvjt6g!19sChIJXdIdawMn1i0RJqt0ukff3iU?authuser=0&hl=id&rclk=1,20000,traveloka.com,https://www.traveloka.com/id-id/explore/destination/wisata-alam-lembah-indah-malang-acc/448669
469,Waduk Purbaya,4.5,33,Wisata Umum,-8.0681444,112.7021651,https://www.google.com/maps/place/Waduk+Purbaya/data=!4m7!3m6!1s0x2dd627778ac70d53:0x4cdf20219cfa5aaf!8m2!3d-8.0681444!4d112.7021651!16s%2Fg%2F11s4_fm4yr!19sChIJUw3Hincn1i0Rr1r6nCEg30w?authuser=0&hl=id&rclk=1,15000,traveloka.com,https://www.traveloka.com/id-id/explore/activities/tempat-wisata-di-malang-yang-murah-ta/532297
470,Tirta Dewata,4.3,29,"""Kolam renang yang asikkkk""",-8.0846774,112.7425985,https://www.google.com/maps/place/Tirta+Dewata/data=!4m7!3m6!1s0x2dd623cd4ad2cd37:0x8adce0fef4473822!8m2!3d-8.0846774!4d112.7425985!16s%2Fg%2F11g_y00tw1!19sChIJN83SSs0j1i0RIjhH9P7g3Io?authuser=0&hl=id&rclk=1,10000,radarmalang.jawapos.com,https://radarmalang.jawapos.com/wisata-kuliner/2512090030/punya-uang-rp-10000-untuk-liburan-yuk-kunjungi-kolam-renang-ini
471,Taman edukasi D'Embung Park Pandanmulyo,4.3,350,Taman edukasi D'Embung Park Pandanmulyo,-8.0694816,112.6956098,https://www.google.com/maps/place/Taman+edukasi+D%27Embung+Park+Pandanmulyo/data=!4m7!3m6!1s0x2dd62762e7ca94ed:0x18355398663fc53!8m2!3d-8.0694816!4d112.6956098!16s%2Fg%2F11h8930m4g!19sChIJ7ZTK52In1i0RU_xjhjlVgwE?authuser=0&hl=id&rclk=1,5000,renangloka.com,https://renangloka.com/pool/dembung-park-pandanmulyo/
472,Lembah Tumpang Resort,4.6,7034,Wisata Umum,-7.9942415,112.737865,https://www.google.com/maps/place/Lembah+Tumpang+Resort/data=!4m7!3m6!1s0x2dd62f5fc449cb59:0x6b91d024b877e708!8m2!3d-7.9942415!4d112.737865!16s%2Fg%2F11c4bmyvxg!19sChIJWctJxF8v1i0RCOd3uCTQkWs?authuser=0&hl=id&rclk=1,60000,traveloka.com,https://www.traveloka.com/id-id/explore/destination/lembah-tumpang-malang-acc/410239
473,Tugu Kuda Diponegoro,4.3,326,Wisata Umum,-8.0461835,112.6925671,https://www.google.com/maps/place/Tugu+Kuda+Diponegoro/data=!4m7!3m6!1s0x2dd6268ba3d5ee5f:0xfa9588196ed1867!8m2!3d-8.0461835!4d112.6925671!16s%2Fg%2F1hm3mpr_6!19sChIJX-7Vo4sm1i0RZxjtloFYqQ8?authuser=0&hl=id&rclk=1,0,24travel.id,https://24travel.id/batu-ekonomis-park/?srsltid=AfmBOoqJj1z5sZw7WpUwSiWpCAFAnpXCHMumgrP3UKgFApN18Mvtjj5_
474,Sumber Wendit Lanang,4.3,1043,Wisata Umum,-7.9473301,112.676716,https://www.google.com/maps/place/Sumber+Wendit+Lanang/data=!4m7!3m6!1s0x2dd6290f0698bf5b:0xa00e5e730c176423!8m2!3d-7.9473301!4d112.676716!16s%2Fg%2F11b8v9nftb!19sChIJW7-YBg8p1i0RI2QXDHNeDqA?authuser=0&hl=id&rclk=1,10500,travelspromo.com,https://travelspromo.com/htm-wisata/taman-wisata-wendit-malang/
475,Patung Singo Edan Arema,4.5,227,Tujuan Wisata · ,-7.977314,112.6366485,https://www.google.com/maps/place/Patung+Singo+Edan+Arema/data=!4m7!3m6!1s0x2dd6283c114bacbf:0xd0aefdd0b4975b22!8m2!3d-7.977314!4d112.6366485!16s%2Fg%2F11cjhc28p6!19sChIJv6xLETwo1i0RIluXtND9rtA?authuser=0&hl=id&rclk=1,0,kelkiduldalem.malangkota.go.id,https://kelkiduldalem.malangkota.go.id/2016/08/08/5-singa-ter-edan-di-kandang-singa/
476,"Wisata Alam ""SUMBER GENTONG""",4.4,407,"Wisata Alam ""SUMBER GENTONG""",-7.9442783,112.6734667,https://www.google.com/maps/place/Wisata+Alam+%22SUMBER+GENTONG%22/data=!4m7!3m6!1s0x2dd62989be00b9b1:0x12713287421cf09b!8m2!3d-7.9442783!4d112.6734667!16s%2Fg%2F11scfpl04h!19sChIJsbkAvokp1i0Rm_AcQocycRI?authuser=0&hl=id&rclk=1,5000,detik.com,https://www.detik.com/jatim/wisata/d-7355563/sumber-gentong-malang-lokasi-harga-tiket-hingga-aktivitas-seru
477,Lapangan Rampal,4.7,9513,Wisata Umum,-7.9737769,112.6404197,https://www.google.com/maps/place/Lapangan+Rampal/data=!4m7!3m6!1s0x2dd6298727fa636f:0xc4804a3b8a41e928!8m2!3d-7.9737769!4d112.6404197!16s%2Fg%2F11jh3bmvj9!19sChIJb2P6J4cp1i0RKOlBijtKgMQ?authuser=0&hl=id&rclk=1,10000,malangraya.pikiran-rakyat.com,https://malangraya.pikiran-rakyat.com/kota-malang/pr-3627757714/harga-tiket-taman-rampal-wisata-ramah-anak-terbaru-di-malang
478,Taman Pandanwangi,4.0,411,Taman Pandanwangi,-7.9499388,112.6642176,https://www.google.com/maps/place/Taman+Pandanwangi/data=!4m7!3m6!1s0x2dd629a886e2b613:0x81d3d0dcfe626823!8m2!3d-7.9499388!4d112.6642176!16s%2Fg%2F11cm0cx86b!19sChIJE7bihqgp1i0RI2hi_tzQ04E?authuser=0&hl=id&rclk=1,30000,instagram.com,https://www.instagram.com/reel/Czay5ksrA4S/?hl=id
479,Kebun Unna,4.6,84,Wisata Umum,-7.9538689,112.6817166,https://www.google.com/maps/place/Kebun+Unna/data=!4m7!3m6!1s0x2dd6299529b781c7:0xf6edf952c0cefd72!8m2!3d-7.9538689!4d112.6817166!16s%2Fg%2F11jm54mfs1!19sChIJx4G3KZUp1i0Rcv3OwFL57fY?authuser=0&hl=id&rclk=1,10000,instagram.com,https://www.instagram.com/reel/CnHUuqDDZpC/
481,Pemandian Belakang Wendit Wakaf,4.4,799,Wisata Umum,-7.9553541,112.6741869,https://www.google.com/maps/place/Pemandian+Belakang+Wendit+Wakaf/data=!4m7!3m6!1s0x2dd62903c2bc5153:0xc151154bcccef76f!8m2!3d-7.9553541!4d112.6741869!16s%2Fg%2F11cjhs7ypm!19sChIJU1G8wgMp1i0Rb_fOzEsVUcE?authuser=0&hl=id&rclk=1,10500,travelspromo.com,https://travelspromo.com/htm-wisata/taman-wisata-wendit-malang/
482,Kolam Pemancingan & Lesehan Beran Sundeng,4.5,689,Wisata Umum,-7.9706652,112.6559987,https://www.google.com/maps/place/Kolam+Pemancingan+%26+Lesehan+Beran+Sundeng/data=!4m7!3m6!1s0x2dd6299891a7a88d:0xbc69b26e6386e2d3!8m2!3d-7.9706652!4d112.6559987!16s%2Fg%2F11gjtzdtz2!19sChIJjainkZgp1i0R0-KGY26yabw?authuser=0&hl=id&rclk=1,50000,instagram.com,https://www.instagram.com/p/C3hJzb3hXVW/
483,Sumber Kletak,4.3,77,Wisata Umum,-7.9781609,112.7207988,https://www.google.com/maps/place/Sumber+Kletak/data=!4m7!3m6!1s0x2dd62f67484230b7:0xa8395085299a42e1!8m2!3d-7.9781609!4d112.7207988!16s%2Fg%2F11kkxz7whc!19sChIJtzBCSGcv1i0R4UKaKYVQOag?authuser=0&hl=id&rclk=1,2000,youtube.com,https://www.youtube.com/watch?v=2_tufEFmc9M
484,New Wisata Wendit by Nicole’s,3.9,107,New Wisata Wendit by Nicole’s,-7.952657,112.674464,https://www.google.com/maps/place/New+Wisata+Wendit+by+Nicole%E2%80%99s/data=!4m7!3m6!1s0x2dd629ac22f7e993:0x91dfa7971611db7f!8m2!3d-7.952657!4d112.674464!16s%2Fg%2F11lv4pft4j!19sChIJk-n3Iqwp1i0Rf9sRFpen35E?authuser=0&hl=id&rclk=1,40000,matic.malangkab.go.id,https://matic.malangkab.go.id/listing/new-wisata-wendit-by-nicole-s
485,Wahana wisata Pinus alas Bagor,4.5,25,Wahana wisata Pinus alas Bagor,-7.9160788,112.7237157,https://www.google.com/maps/place/Wahana+wisata+Pinus+alas+Bagor/data=!4m7!3m6!1s0x2dd62f69a0df197f:0x6a404f201bc6fd9!8m2!3d-7.9160788!4d112.7237157!16s%2Fg%2F11lgrx254m!19sChIJfxnfoGkv1i0R2W-8AfIEpAY?authuser=0&hl=id&rclk=1,10000,kumparan.com,https://kumparan.com/jendela-dunia/4-wisata-hutan-pinus-malang-yang-instagramable-1yNsoa4rtm1
486,Taman Bentoel Trunojoyo Selatan,4.2,128,Taman Bentoel Trunojoyo Selatan,-7.9778459,112.6365952,https://www.google.com/maps/place/Taman+Bentoel+Trunojoyo+Selatan/data=!4m7!3m6!1s0x2dd6283c3c1a8d19:0x7fffcbf5111057e1!8m2!3d-7.9778459!4d112.6365952!16s%2Fg%2F11btmq9lhp!19sChIJGY0aPDwo1i0R4VcQEfXL_38?authuser=0&hl=id&rclk=1,55000,travel.kompas.com,https://travel.kompas.com/read/2022/05/22/073400027/32-tempat-wisata-malang-raya-banyak-tempat-bernuansa-alam?page=all
487,Taman Nongkrong Lihat Kereta Api,4.3,31,Taman Nongkrong Lihat Kereta Api,-7.9734326,112.6371447,https://www.google.com/maps/place/Taman+Nongkrong+Lihat+Kereta+Api/data=!4m7!3m6!1s0x2dd6283a2e504bc9:0x6eecd799040cd0b4!8m2!3d-7.9734326!4d112.6371447!16s%2Fg%2F11c31nmkq9!19sChIJyUtQLjoo1i0RtNAMBJnX7G4?authuser=0&hl=id&rclk=1,7000,travel.kompas.com,https://travel.kompas.com/read/2023/05/02/170500827/kafe-pinggir-rel-kereta-api-di-malang-diburu-para-railfans?page=all
488,Taman Indragiri Malang,4.5,93,Taman Indragiri Malang,-7.9580063,112.6418657,https://www.google.com/maps/place/Taman+Indragiri+Malang/data=!4m7!3m6!1s0x2dd62929a77d982f:0x9f7967fe98455e65!8m2!3d-7.9580063!4d112.6418657!16s%2Fg%2F11jv1gnwr0!19sChIJL5h9pykp1i0RZV5FmP5neZ8?authuser=0&hl=id&rclk=1,80000,malangtimes.com,https://malangtimes.com/baca/197291/20190717/110400/selesai-penataan-fasilitas-hutan-kota-indragiri-bakal-manjakan-para-lansia
489,"Forrest, Lodge, Pawon Ratu Roso & Wisata Berkuda",4.8,184,Tujuan Wisata,-7.9268135,112.6828989,"https://www.google.com/maps/place/Forrest,+Lodge,+Pawon+Ratu+Roso+%26+Wisata+Berkuda/data=!4m10!3m9!1s0x2dd629d1ed2fda05:0x7b8cc2d1db766bbd!5m2!4m1!1i2!8m2!3d-7.9268135!4d112.6828989!16s%2Fg%2F11tjs3mnfv!19sChIJBdov7dEp1i0RvWt229HCjHs?authuser=0&hl=id&rclk=1",30000,instagram.com,https://www.instagram.com/reel/DWiHHMPDJIW/
490,Hutan Kota Polowijen,4.4,20,Wisata Umum,-7.9314654,112.6479243,https://www.google.com/maps/place/Hutan+Kota+Polowijen/data=!4m7!3m6!1s0x2dd6293c26d919d5:0xcfb6ac30c605b68a!8m2!3d-7.9314654!4d112.6479243!16s%2Fg%2F11fqtrpzkq!19sChIJ1RnZJjwp1i0RirYFxjCsts8?authuser=0&hl=id&rclk=1,15000,traveloka.com,https://www.traveloka.com/id-id/explore/activities/tempat-wisata-di-malang-yang-murah-ta/532297
491,Malang Train Station,4.5,164,Wisata Umum,-7.9772066,112.6374352,https://www.google.com/maps/place/Malang+Train+Station/data=!4m7!3m6!1s0x2dd62922c644eae9:0xb5ca6274bac8c61a!8m2!3d-7.9772066!4d112.6374352!16s%2Fg%2F11t40t7s5b!19sChIJ6epExiIp1i0RGsbIunRiyrU?authuser=0&hl=id&rclk=1,30000,keretaapikita.com,https://keretaapikita.com/jadwal-dan-harga-tiket-ka-penataran-premium/
493,Kebun Murbei,5.0,34,Wisata Umum,-7.9306506,112.6608826,https://www.google.com/maps/place/Kebun+Murbei/data=!4m7!3m6!1s0x2dd629b2b3433015:0x424742adf4ac410d!8m2!3d-7.9306506!4d112.6608826!16s%2Fg%2F11qfxh8vdz!19sChIJFTBDs7Ip1i0RDUGs9K1CR0I?authuser=0&hl=id&rclk=1,20000,instagram.com,https://www.instagram.com/reel/DDTbsLDypCs/
494,Taman Velodrome,4.3,248,Taman Velodrome,-7.9737905,112.6703675,https://www.google.com/maps/place/Taman+Velodrome/data=!4m7!3m6!1s0x2dd628f67a780951:0x11bddd1113d58521!8m2!3d-7.9737905!4d112.6703675!16s%2Fg%2F11dxdb3zbm!19sChIJUQl4evYo1i0RIYXVExHdvRE?authuser=0&hl=id&rclk=1,10000,instagram.com,https://www.instagram.com/p/C34Sm4TJbhP/
495,Taman Cidurian,4.4,66,Taman Cidurian,-7.9539081,112.6416297,https://www.google.com/maps/place/Taman+Cidurian/data=!4m7!3m6!1s0x2dd629c9ba83d995:0xd85040657664bc97!8m2!3d-7.9539081!4d112.6416297!16s%2Fg%2F11hbl0qyb1!19sChIJldmDuskp1i0Rl7xkdmVAUNg?authuser=0&hl=id&rclk=1,15000,instagram.com,https://www.instagram.com/reel/C4kAw4PpeGi/
496,Lampion & Dinosaurus Park,4.1,28,Wisata Umum,-7.9231312,112.6569635,https://www.google.com/maps/place/Lampion+%26+Dinosaurus+Park/data=!4m7!3m6!1s0x2dd629867b8c827d:0x67a8d2dc7b8995a3!8m2!3d-7.9231312!4d112.6569635!16s%2Fg%2F11g8p967b1!19sChIJfYKMe4Yp1i0Ro5WJe9zSqGc?authuser=0&hl=id&rclk=1,90000,travelspromo.com,https://travelspromo.com/htm-wisata/malang-night-paradise/
497,SANGGAR SEMAR,5.0,20,Wisata Umum,-7.9276929,112.6554293,https://www.google.com/maps/place/SANGGAR+SEMAR/data=!4m7!3m6!1s0x2dd6293b9f78576f:0x8d83d3ce8708872d!8m2!3d-7.9276929!4d112.6554293!16s%2Fg%2F11vbttyqdk!19sChIJb1d4nzsp1i0RLYcIh87Tg40?authuser=0&hl=id&rclk=1,20000,id.trip.com,https://id.trip.com/travel-guide/attraction/blimbing/sanggar-semar-146669706/
498,Taman Dolan Losawi,4.1,34,Taman Dolan Losawi,-7.9139581,112.6380573,https://www.google.com/maps/place/Taman+Dolan+Losawi/data=!4m7!3m6!1s0x2dd62a1a26c5757d:0xcc77fb52cec4cd68!8m2!3d-7.9139581!4d112.6380573!16s%2Fg%2F11h9y5c21j!19sChIJfXXFJhoq1i0RaM3EzlL7d8w?authuser=0&hl=id&rclk=1,20000,travelspromo.com,https://travelspromo.com/htm-wisata/taman-dolan-kota-batu/
499,KOLAM PANCING BDJ,4.8,27,Wisata Umum,-7.9046038,112.6989051,https://www.google.com/maps/place/KOLAM+PANCING+BDJ/data=!4m7!3m6!1s0x2dd62bdb55a1ff53:0x15906e7108f820e7!8m2!3d-7.9046038!4d112.6989051!16s%2Fg%2F11rx64x5r4!19sChIJU_-hVdsr1i0R5yD4CHFukBU?authuser=0&hl=id&rclk=1,20000,radarmalang.jawapos.com,https://radarmalang.jawapos.com/wisata-kuliner/2403190016/rekomendasi-3-tempat-pemancingan-di-kota-malang-bagi-para-mancing-mania-ada-yang-bisa-langsung-makan-di-tempat
500,Kebon Winih Randuagung,4.4,430,Tujuan Wisata · 4MPC+F5C,-7.8638233,112.6703793,https://www.google.com/maps/place/Kebon+Winih+Randuagung/data=!4m7!3m6!1s0x2dd62b155f07d689:0x6ca358f15909f907!8m2!3d-7.8638233!4d112.6703793!16s%2Fg%2F11lgk1cdsp!19sChIJidYHXxUr1i0RB_kJWfFYo2w?authuser=0&hl=id&rclk=1,0,youtube.com,https://www.youtube.com/watch?v=LxUxGN1moMk
501,"Wisata Sumbersuko, Randuagung",4.0,353,"Wisata Sumbersuko, Randuagung",-7.8562826,112.6782911,"https://www.google.com/maps/place/Wisata+Sumbersuko,+Randuagung/data=!4m7!3m6!1s0x2dd62b22c9e30eaf:0x5b540d1d64a25ba1!8m2!3d-7.8562826!4d112.6782911!16s%2Fg%2F11d_d1jsf3!19sChIJrw7jySIr1i0RoVuiZB0NVFs?authuser=0&hl=id&rclk=1",0,id.trip.com,https://id.trip.com/travel-guide/attraction/singosari/wisata-sumbersuko-randuagung-137092164/
502,Taman Selo Tegil,4.4,38,Taman Selo Tegil,-7.9084711,112.6768219,https://www.google.com/maps/place/Taman+Selo+Tegil/data=!4m7!3m6!1s0x2dd62ba4eb4eb9a3:0x5be9793e36aa695d!8m2!3d-7.9084711!4d112.6768219!16s%2Fg%2F11lh4zhgk5!19sChIJo7lO66Qr1i0RXWmqNj556Vs?authuser=0&hl=id&rclk=1,50000,infopol.co.id,https://www.infopol.co.id/2021/04/edu-wisata-selo-tegil-inovatif-dan.html
503,Taman Teluk Grajakan - Pandanwangi,4.5,220,Taman Teluk Grajakan - Pandanwangi,-7.9435115,112.6536084,https://www.google.com/maps/place/Taman+Teluk+Grajakan+-+Pandanwangi/data=!4m7!3m6!1s0x2dd6290666d97ebf:0x3e195d15f05bd39e!8m2!3d-7.9435115!4d112.6536084!16s%2Fg%2F11fhmt_0q7!19sChIJv37ZZgYp1i0RntNb8BVdGT4?authuser=0&hl=id&rclk=1,5000,id.trip.com,https://id.trip.com/travel-guide/attraction/malang-city/taman-teluk-grajakan-pandanwangi-137290966/
504,Taman Wisata Polamanku,4.5,141,Taman Wisata Polamanku,-7.8494138,112.6868189,https://www.google.com/maps/place/Taman+Wisata+Polamanku/data=!4m7!3m6!1s0x2dd62b394e10ff89:0x7f0ffea61340059d!8m2!3d-7.8494138!4d112.6868189!16s%2Fg%2F11kmz1j3zy!19sChIJif8QTjkr1i0RnQVAE6b-D38?authuser=0&hl=id&rclk=1,0,instagram.com,https://www.instagram.com/reel/DEjhXj4TVRk/
505,Pemandian Mendit,4.0,182,Wisata Umum,-7.9525,112.6741667,https://www.google.com/maps/place/Pemandian+Mendit/data=!4m7!3m6!1s0x2dd6290423211bff:0x68391e2344a34111!8m2!3d-7.9525!4d112.6741667!16s%2Fg%2F1tcynbgp!19sChIJ_xshIwQp1i0REUGjRCMeOWg?authuser=0&hl=id&rclk=1,10500,travelspromo.com,https://travelspromo.com/htm-wisata/taman-wisata-wendit-malang/
506,Hawai Waterpark,4.9,14348,"Kolam ombak, seluncuran, restoran santai",-7.9234101,112.657862,https://www.google.com/maps/place/Hawai+Waterpark/data=!4m7!3m6!1s0x2dd629e8385e0f75:0x2fa403d5443c0992!8m2!3d-7.9234101!4d112.657862!16s%2Fg%2F11h3wgw8l6!19sChIJdQ9eOOgp1i0Rkgk8RNUDpC8?authuser=0&hl=id&rclk=1,85000,tiket.com,https://www.tiket.com/id-id/to-do/hawai-waterpark
507,Rest Area 84B Malang Strudel Playland,5.0,102,Tujuan Wisata · 4M3W+6HW,-7.897184,112.6965623,https://www.google.com/maps/place/Rest+Area+84B+Malang+Strudel+Playland/data=!4m7!3m6!1s0x2dd62b001742429d:0x84beee5003f64a4e!8m2!3d-7.897184!4d112.6965623!16s%2Fg%2F11yz7q2hyh!19sChIJnUJCFwAr1i0RTkr2A1DuvoQ?authuser=0&hl=id&rclk=1,0,instagram.com,https://www.instagram.com/reel/DU2zZ_Tj9Z4/
508,Taman Gotong Royong,4.4,36,Taman Gotong Royong,-7.9480254,112.6470624,https://www.google.com/maps/place/Taman+Gotong+Royong/data=!4m7!3m6!1s0x2dd629b9a97fba75:0x956f60cd34017f5e!8m2!3d-7.9480254!4d112.6470624!16s%2Fg%2F11cmp9dykk!19sChIJdbp_qbkp1i0RXn8BNM1gb5U?authuser=0&hl=id&rclk=1,10000,instagram.com,https://www.instagram.com/reel/C6xOBaXPRn3/
510,Kebun Opa,4.5,71,Wisata Umum,-7.8625701,112.6707692,https://www.google.com/maps/place/Kebun+Opa/data=!4m7!3m6!1s0x2dd62ba75b08d9e9:0xe76f46e5f650bae1!8m2!3d-7.8625701!4d112.6707692!16s%2Fg%2F11pcd662zj!19sChIJ6dkIW6cr1i0R4bpQ9uVGb-c?authuser=0&hl=id&rclk=1,0,instagram.com,https://www.instagram.com/kebunopakarangkunci/
511,Wisata Kali Cilik,4.1,87,Wisata Kali Cilik,-7.8801603,112.6643832,https://www.google.com/maps/place/Wisata+Kali+Cilik/data=!4m7!3m6!1s0x2dd62b8e5c622d1d:0xe648bbb495f1701d!8m2!3d-7.8801603!4d112.6643832!16s%2Fg%2F11gm77my1b!19sChIJHS1iXI4r1i0RHXDxlbS7SOY?authuser=0&hl=id&rclk=1,30000,traveloka.com,https://www.traveloka.com/id-id/activities/indonesia/product/taman-rekreasi-sengkaling-6415623095757
512,Kolam Renang Pentungan Sari,4.4,703,Kolam Renang Pentungan Sari,-7.8518377,112.6584696,https://www.google.com/maps/place/Kolam+Renang+Pentungan+Sari/data=!4m7!3m6!1s0x2dd62b86c4d5f5b3:0xa1dcdde5a118bb71!8m2!3d-7.8518377!4d112.6584696!16s%2Fg%2F11gk6bdfjv!19sChIJs_XVxIYr1i0RcbsYoeXd3KE?authuser=0&hl=id&rclk=1,5000,idntimes.com,https://www.idntimes.com/travel/destination/pentungan-sari-waterpark-malang-info-lokasi-rute-dan-harga-01-lssck-ssrx1z
513,Pari Bendo,4.2,2329,Wisata Umum,-7.8354365,112.6838566,https://www.google.com/maps/place/Pari+Bendo/data=!4m7!3m6!1s0x2dd7d514f196e23d:0x318632f615a9e36c!8m2!3d-7.8354365!4d112.6838566!16s%2Fg%2F11j19rvf9l!19sChIJPeKW8RTV1y0RbOOpFfYyhjE?authuser=0&hl=id&rclk=1,18000,instagram.com,https://www.instagram.com/p/C7VNJfnPZfH/
514,Embung Wisata Lowokjati,4.2,133,Embung Wisata Lowokjati,-7.881695,112.709796,https://www.google.com/maps/place/Embung+Wisata+Lowokjati/data=!4m7!3m6!1s0x2dd62ba585184661:0x992eeef79139aece!8m2!3d-7.881695!4d112.709796!16s%2Fg%2F11h5npmwz_!19sChIJYUYYhaUr1i0Rzq45kffuLpk?authuser=0&hl=id&rclk=1,0,,
515,Museum Singhasari,4.3,880,Museum Singhasari,-7.8812355,112.6414677,https://www.google.com/maps/place/Museum+Singhasari/data=!4m7!3m6!1s0x2dd62a604c2fc5c5:0xd7a397a9bba06247!8m2!3d-7.8812355!4d112.6414677!16s%2Fg%2F11b6x9qpsm!19sChIJxcUvTGAq1i0RR2Kgu6mXo9c?authuser=0&hl=id&rclk=1,0,,
516,Pemandian Kalireco,4.2,1035,Wisata Umum,-7.8427,112.700403,https://www.google.com/maps/place/Pemandian+Kalireco/data=!4m7!3m6!1s0x2dd62b4e4fd2c007:0x20832adb654d11!8m2!3d-7.8427!4d112.700403!16s%2Fg%2F11csp77525!19sChIJB8DST04r1i0REU1l2yqDIAA?authuser=0&hl=id&rclk=1,5000,salsawisata.com,https://salsawisata.com/pemandian-kalireco/
517,Graha Wiyata Outbound & Aneka Edukasi,4.4,69,Wisata Umum,-7.852215,112.6932042,https://www.google.com/maps/place/Graha+Wiyata+Outbound+%26+Aneka+Edukasi/data=!4m7!3m6!1s0x2dd62b40d4faa44b:0xaab22f1fc2657bdc!8m2!3d-7.852215!4d112.6932042!16s%2Fg%2F11bc7mlg0s!19sChIJS6T61EAr1i0R3Htlwh8vsqo?authuser=0&hl=id&rclk=1,80000,tiket.com,https://www.tiket.com/id-id/explore/to-do-tempat-wisata-keluarga-di-malang
518,Kedok omboh gunungrejo kreweh,4.5,41,Kedok omboh gunungrejo kreweh,-7.8682936,112.6487795,https://www.google.com/maps/place/Kedok+omboh+gunungrejo+kreweh/data=!4m7!3m6!1s0x2dd62ba6d3a46c11:0x8c5a9d64a36d6568!8m2!3d-7.8682936!4d112.6487795!16s%2Fg%2F11nfy4bzyh!19sChIJEWyk06Yr1i0RaGVto2SdWow?authuser=0&hl=id&rclk=1,5000,salsawisata.com,https://salsawisata.com/bumi-perkemahan-ledok-ombo/
519,KEK Singhasari,4.7,216,"""Tempat wisata murah dan bersih.""",-7.8812653,112.6421199,https://www.google.com/maps/place/KEK+Singhasari/data=!4m7!3m6!1s0x2dd62bf860ef8dad:0x701152fdf983137c!8m2!3d-7.8812653!4d112.6421199!16s%2Fg%2F11mxds6gxm!19sChIJrY3vYPgr1i0RfBOD-f1SEXA?authuser=0&hl=id&rclk=1,30000,mocca.studio,https://mocca.studio/
520,Coban Misteri Supit Urang,3.8,89,Wisata Umum,-7.8633084,112.7333337,https://www.google.com/maps/place/Coban+Misteri+Supit+Urang/data=!4m7!3m6!1s0x2dd62c921c5bad51:0x9335576c7ec2bb6a!8m2!3d-7.8633084!4d112.7333337!16s%2Fg%2F11fzvf01_d!19sChIJUa1bHJIs1i0RarvCfmxXNZM?authuser=0&hl=id&rclk=1,5000,24travel.id,https://24travel.id/coban-supit-urang-malang/?srsltid=AfmBOoqWeIy6Oe6xuFdkaPjonnPfXfGlwh9zPoVNAsI-OQ_giBdi0sHT
521,Wisata Latar Bale,4.3,44,Wisata Latar Bale,-7.8341338,112.7091875,https://www.google.com/maps/place/Wisata+Latar+Bale/data=!4m7!3m6!1s0x2dd7d5400e8e0053:0xbba100b9a9cee461!8m2!3d-7.8341338!4d112.7091875!16s%2Fg%2F11trl6b548!19sChIJUwCODkDV1y0RYeTOqbkAobs?authuser=0&hl=id&rclk=1,0,kompasiana.com,https://www.kompasiana.com/nooraidilfitri5383/66ad84ed34777c31f4176972/simak-kondisi-wisata-latar-bale-setelah-2-tahun-diresmikan-jadi-pusat-edukasi-hingga-budidaya-ikan
522,VNR,4.7,116,Tujuan Wisata · 5M7H+CXV,-7.836392,112.6799258,https://www.google.com/maps/place/VNR/data=!4m7!3m6!1s0x2dd7d5dead308111:0x3bc6332affb2dc0!8m2!3d-7.836392!4d112.6799258!16s%2Fg%2F11qny6fcqr!19sChIJEYEwrd7V1y0RwC37rzJjvAM?authuser=0&hl=id&rclk=1,10000,instagram.com,https://www.instagram.com/beachpool_09/
523,Bukit Mendek Wetan,4.5,42,Tujuan Wisata · ,-7.8550625,112.7399375,https://www.google.com/maps/place/Bukit+Mendek+Wetan/data=!4m7!3m6!1s0x2dd62db8bc62315f:0x292f355f46bd6bfc!8m2!3d-7.8550625!4d112.7399375!16s%2Fg%2F11jtddzr67!19sChIJXzFivLgt1i0R_Gu9Rl81Lyk?authuser=0&hl=id&rclk=1,15000,pikiran-rakyat.com,https://www.pikiran-rakyat.com/gaya-hidup/pr-018892740/5-wisata-lawang-malang-daya-tarik-dan-harga-tiket?page=all
524,Taman Segitiga,4.1,280,Taman Segitiga,-7.8311463,112.6912865,https://www.google.com/maps/place/Taman+Segitiga/data=!4m7!3m6!1s0x2dd7d4ca008d47c7:0x598d49cb0b354c9c!8m2!3d-7.8311463!4d112.6912865!16s%2Fg%2F11gbldzc0c!19sChIJx0eNAMrU1y0RnEw1C8tJjVk?authuser=0&hl=id&rclk=1,7000,instagram.com,https://www.instagram.com/reel/DWoEk0ggaSW/
525,Goa Mlaten,4.0,81,Wisata Umum,-7.8419384,112.6861651,https://www.google.com/maps/place/Goa+Mlaten/data=!4m7!3m6!1s0x2dd62b36af0bb44f:0x1c843cfbd5cb839f!8m2!3d-7.8419384!4d112.6861651!16s%2Fg%2F11g9vz1dmf!19sChIJT7QLrzYr1i0Rn4PL1fs8hBw?authuser=0&hl=id&rclk=1,10000,radarmalang.jawapos.com,https://radarmalang.jawapos.com/wisata-kuliner/2507130005/cocok-untuk-fans-manchester-united-rekomendasi-wisata-goa-di-kabupaten-malang
526,Sumber Waras,4.6,20,Wisata Umum,-7.8432233,112.7029833,https://www.google.com/maps/place/Sumber+Waras/data=!4m7!3m6!1s0x2dd62bf853de490f:0x557bebee913647c7!8m2!3d-7.8432233!4d112.7029833!16s%2Fg%2F11syd5b4ks!19sChIJD0neU_gr1i0Rx0c2ke7re1U?authuser=0&hl=id&rclk=1,0,traveloka.com,https://www.traveloka.com/id-id/explore/destination/kebun-teh-lawang-trp/356120
527,Arjuna Flower Garden,4.8,22,Tujuan Wisata · 5MG4+GQ2,-7.8237299,112.6568949,https://www.google.com/maps/place/Arjuna+Flower+Garden/data=!4m7!3m6!1s0x2dd7d57afc794423:0x3afa3d2766270105!8m2!3d-7.8237299!4d112.6568949!16s%2Fg%2F11stpqzbjb!19sChIJI0R5_HrV1y0RBQEnZic9-jo?authuser=0&hl=id&rclk=1,37500,surabaya.kompas.com,https://surabaya.kompas.com/read/2022/06/18/075400778/batu-flower-garden-malang--harga-tiket-jam-buka-dan-daya-tarik?page=all
528,Pemandian Polaman,4.4,107,Wisata Umum,-7.844823,112.6888171,https://www.google.com/maps/place/Pemandian+Polaman/data=!4m7!3m6!1s0x2dd62b204cbb97d7:0x92fa087123b50fd7!8m2!3d-7.844823!4d112.6888171!16s%2Fg%2F11q_6f_c9j!19sChIJ15e7TCAr1i0R1w-1I3EI-pI?authuser=0&hl=id&rclk=1,2000,malang.suara.com,https://malang.suara.com/read/2024/08/13/205117/pemandian-polaman-di-malang-wisata-sejuk-dengan-nuansa-sejarah-majapahit
529,Sendiki Beach,4.8,52,Wisata Umum,-8.4168131,112.7259382,https://www.google.com/maps/place/Sendiki+Beach/data=!4m7!3m6!1s0x2dd6074b94c999dd:0xc19b825346dd0093!8m2!3d-8.4168131!4d112.7259382!16s%2Fg%2F11rstj3ztf!19sChIJ3ZnJlEsH1i0RkwDdRlOCm8E?authuser=0&hl=id&rclk=1,20000,traveloka.com,https://www.traveloka.com/id-id/explore/destination/pantai-sendiki-acc/378754
530,Pantai Teluk Asmara,4.5,8256,Pantai Teluk Asmara,-8.4429424,112.6654655,https://www.google.com/maps/place/Pantai+Teluk+Asmara/data=!4m7!3m6!1s0x2dd601b40a1c6d45:0x33697e2746fd1876!8m2!3d-8.4429424!4d112.6654655!16s%2Fg%2F11fy2vlq51!19sChIJRW0cCrQB1i0Rdhj9Rid-aTM?authuser=0&hl=id&rclk=1,15000,travelspromo.com,https://travelspromo.com/htm-wisata/pantai-teluk-asmara-malang/
531,Tempat Parkir Wisata Pantai Tiga Warna,4.2,157,Wisata Umum,-8.4319762,112.6766784,https://www.google.com/maps/place/Tempat+Parkir+Wisata+Pantai+Tiga+Warna/data=!4m7!3m6!1s0x2dd6010db27cd0fd:0xb743955a4c5680ce!8m2!3d-8.4319762!4d112.6766784!16s%2Fg%2F11cn0ph5vd!19sChIJ_dB8sg0B1i0RzoBWTFqVQ7c?authuser=0&hl=id&rclk=1,35000,nagantour.com,https://nagantour.com/pantai-tiga-warna/
532,CMC Tiga Warna Selfie Corner,4.6,22,Taman Ekologi · HM79+5R7,-8.4370787,112.6695323,https://www.google.com/maps/place/CMC+Tiga+Warna+Selfie+Corner/data=!4m7!3m6!1s0x2dd601084c466521:0x2c9dbf74602ee5b7!8m2!3d-8.4370787!4d112.6695323!16s%2Fg%2F11fzf8nb05!19sChIJIWVGTAgB1i0Rt-UuYHS_nSw?authuser=0&hl=id&rclk=1,10000,traveloka.com,https://www.traveloka.com/id-id/activities/indonesia/product/snorkeling-pantai-3-warna-1-day-tour-2000211135228
533,Pantai Watu Leter,4.6,2390,Pantai Watu Leter,-8.4452265,112.6484049,https://www.google.com/maps/place/Pantai+Watu+Leter/data=!4m7!3m6!1s0x2dd601b6a325532d:0x5f238efd0383409c!8m2!3d-8.4452265!4d112.6484049!16s%2Fg%2F1q6162c7j!19sChIJLVMlo7YB1i0RnECDA_2OI18?authuser=0&hl=id&rclk=1,10000,24travel.id,https://24travel.id/pantai-watu-leter-malang/?srsltid=AfmBOor2zlVK-nCa0YK9jqRZakCXberwUrGFNLaQ239MLBFYCDsd7qhB
534,Coban Kembar Sidoasri ꦕꦺꦴꦧꦤ꧀ꦏꦼꦩ꧀ꦧꦂꦱꦶꦢꦺꦴꦄꦱꦿꦶ,3.9,32,Wisata Umum,-8.3472708,112.7607414,https://www.google.com/maps/place/Coban+Kembar+Sidoasri+%EA%A6%95%EA%A6%BA%EA%A6%B4%EA%A6%A7%EA%A6%A4%EA%A7%80%EA%A6%8F%EA%A6%BC%EA%A6%A9%EA%A7%80%EA%A6%A7%EA%A6%82%EA%A6%B1%EA%A6%B6%EA%A6%A2%EA%A6%BA%EA%A6%B4%EA%A6%84%EA%A6%B1%EA%A6%BF%EA%A6%B6/data=!4m7!3m6!1s0x2dd604e22595ff5b:0x51544db328cf8c30!8m2!3d-8.3472708!4d112.7607414!16s%2Fg%2F11c52rw0mf!19sChIJW_-VJeIE1i0RMIzPKLNNVFE?authuser=0&hl=id&rclk=1,10000,24travel.id,https://24travel.id/coban-putri-batu/?srsltid=AfmBOop9iWLzTOvUJy7KcKzU1NNwhLH3urygNyms0jAEdbn_aOjCJrUy
535,Coban Tundo,4.4,166,Wisata Umum,-8.3411808,112.7947731,https://www.google.com/maps/place/Coban+Tundo/data=!4m7!3m6!1s0x2dd61aceb8bd2a33:0xa9bb3fee309b9519!8m2!3d-8.3411808!4d112.7947731!16s%2Fg%2F11bzsfy1rn!19sChIJMyq9uM4a1i0RGZWbMO4_u6k?authuser=0&hl=id&rclk=1,5000,nahwatour.com,https://nahwatour.com/coban-tundo-malang
536,Waduk Kaliungkal Sukodono,4.1,74,Wisata Umum,-8.3036886,112.7855842,https://www.google.com/maps/place/Waduk+Kaliungkal+Sukodono/data=!4m7!3m6!1s0x2dd61ac0b9889c21:0xd7e9fd5e3ca98bf0!8m2!3d-8.3036886!4d112.7855842!16s%2Fg%2F11gfdzyyzq!19sChIJIZyIucAa1i0R8IupPF796dc?authuser=0&hl=id&rclk=1,5000,soboalam.blogspot.com,https://soboalam.blogspot.com/2018/07/coban-pandawa-di-masa-itu.html
537,Taman Aglaonema Dampit,4.4,60,Taman Aglaonema Dampit,-8.2083125,112.7758125,https://www.google.com/maps/place/Taman+Aglaonema+Dampit/data=!4m7!3m6!1s0x2dd619e386b469eb:0x63af1ff3837680b0!8m2!3d-8.2083125!4d112.7758125!16s%2Fg%2F11ft0mppj5!19sChIJ62m0huMZ1i0RsIB2g_Mfr2M?authuser=0&hl=id&rclk=1,0,id.trip.com,https://id.trip.com/travel-guide/attraction/dampit/taman-aglaonema-dampit-142608230
538,Alun - Alun Ubalan,4.3,51,Wisata Umum,-8.1944124,112.7529726,https://www.google.com/maps/place/Alun+-+Alun+Ubalan/data=!4m7!3m6!1s0x2dd619139fb636df:0xc5c954b6ffc6f91!8m2!3d-8.1944124!4d112.7529726!16s%2Fg%2F11h3hg6zbh!19sChIJ3za2nxMZ1i0RkW_8b0uVXAw?authuser=0&hl=id&rclk=1,15000,traveloka.com,https://www.traveloka.com/id-id/explore/activities/tempat-wisata-di-malang-yang-murah-ta/532297
539,Pulau Sekarsari Boonpring,4.2,32,Wisata Umum,-8.1555427,112.7628335,https://www.google.com/maps/place/Pulau+Sekarsari+Boonpring/data=!4m7!3m6!1s0x2dd6227fd61791d7:0x6009fc7c86f34747!8m2!3d-8.1555427!4d112.7628335!16s%2Fg%2F11ddz068h1!19sChIJ15EX1n8i1i0RR0fzhnz8CWA?authuser=0&hl=id&rclk=1,10000,travelspromo.com,https://travelspromo.com/htm-wisata/boon-pring-malang/
540,Hutan Bambu Andeman,4.1,324,Wisata Umum,-8.155984,112.7633106,https://www.google.com/maps/place/Hutan+Bambu+Andeman/data=!4m7!3m6!1s0x2dd622807139977f:0x806e7ec81219bc8d!8m2!3d-8.155984!4d112.7633106!16s%2Fg%2F11dylxfknr!19sChIJf5c5cYAi1i0RjbwZEsh-boA?authuser=0&hl=id&rclk=1,10000,paketwisatabromo.co.id,https://www.paketwisatabromo.co.id/hutan-bambu-andeman/
541,Bromo Transit Park Tumpang,4.2,814,Wisata Umum,-8.0199365,112.778365,https://www.google.com/maps/place/Bromo+Transit+Park+Tumpang/data=!4m7!3m6!1s0x2dd62572596eb9a5:0x7de03b7f6a4eb262!8m2!3d-8.0199365!4d112.778365!16s%2Fg%2F11qnvmmp2r!19sChIJpbluWXIl1i0RYrJOan874H0?authuser=0&hl=id&rclk=1,20000,travel.kompas.com,https://travel.kompas.com/read/2024/06/14/202917827/bromo-transit-park-tumpang-daya-tarik-harga-tiket-dan-jam-buka?page=all
542,Wisata Alam Watu Menyan,4.1,53,Wisata Alam Watu Menyan,-8.0408364,112.7847118,https://www.google.com/maps/place/Wisata+Alam+Watu+Menyan/data=!4m7!3m6!1s0x2dd624e71124c4e9:0x39a2a951f39b51ae!8m2!3d-8.0408364!4d112.7847118!16s%2Fg%2F11fy4jdw55!19sChIJ6cQkEeck1i0RrlGb81Gpojk?authuser=0&hl=id&rclk=1,10000,travelspromo.com,https://travelspromo.com/htm-wisata/pantai-watu-leter-malang/
543,Desa Wisata Gubugklakah ꦒꦸꦧꦸꦏ꧀ꦏ꧀ꦭꦏꦃ,4.7,303,Desa Wisata Gubugklakah ꦒꦸꦧꦸꦏ꧀ꦏ꧀ꦭꦏꦃ,-8.0288179,112.8234674,https://www.google.com/maps/place/Desa+Wisata+Gubugklakah+%EA%A6%92%EA%A6%B8%EA%A6%A7%EA%A6%B8%EA%A6%8F%EA%A7%80%EA%A6%8F%EA%A7%80%EA%A6%AD%EA%A6%8F%EA%A6%83/data=!4m7!3m6!1s0x2dd63b0024f55379:0x4b57b6cd417f500e!8m2!3d-8.0288179!4d112.8234674!16s%2Fg%2F11sl4lz5w4!19sChIJeVP1JAA71i0RDlB_Qc22V0s?authuser=0&hl=id&rclk=1,10000,radarmalang.jawapos.com,https://radarmalang.jawapos.com/wisata-kuliner/2404170001/panduan-lengkap-desa-gugubklakah-malang-dari-sejarah-destinasi-wisata-tiket-masuk-sampai-tips-berkunjung
544,Desa Wisata Sidorejo Indah ( Dewi Sri ),4.3,653,Wisata Umum,-7.9727686,112.7541743,https://www.google.com/maps/place/Desa+Wisata+Sidorejo+Indah+%28+Dewi+Sri+%29/data=!4m7!3m6!1s0x2dd62f85696f66b7:0xc1515aa112afa193!8m2!3d-7.9727686!4d112.7541743!16s%2Fg%2F11hfhj0gbs!19sChIJt2ZvaYUv1i0Rk6GvEqFaUcE?authuser=0&hl=id&rclk=1,0,jadesta.kemenpar.go.id,https://jadesta.kemenpar.go.id/desa/sidorejo_indah_dewi_sri
545,Kolam air untuk masyarakat gunung ronggo dan pengairan pertanian,4.6,33,Wisata Umum,-8.0496719,112.7164938,https://www.google.com/maps/place/Kolam+air+untuk+masyarakat+gunung+ronggo+dan+pengairan+pertanian/data=!4m7!3m6!1s0x2dd624279c398cd5:0xafc4182b7d7cd92b!8m2!3d-8.0496719!4d112.7164938!16s%2Fg%2F11b8v9qcf9!19sChIJ1Yw5nCck1i0RK9l8fSsYxK8?authuser=0&hl=id&rclk=1,2000,mediacahayabaru.id,https://mediacahayabaru.id/2025/01/28/sumber-jenon-malang-airnya-biru-kehijau-hijauan/
546,Museum Panji,4.3,1244,Museum Panji,-8.0027935,112.7300176,https://www.google.com/maps/place/Museum+Panji/data=!4m7!3m6!1s0x2dd625f0dff4cf7d:0xed13708f1ee76253!8m2!3d-8.0027935!4d112.7300176!16s%2Fg%2F11c601jy_l!19sChIJfc_03_Al1i0RU2LnHo9wE-0?authuser=0&hl=id&rclk=1,25000,24travel.id,https://24travel.id/museum-panji-malang/
547,Candi Kidal,4.6,848,Wisata Umum,-8.0257936,112.7089856,https://www.google.com/maps/place/Candi+Kidal/data=!4m7!3m6!1s0x2dd6267127c733e5:0x4edb5cefc6b776ea!8m2!3d-8.0257936!4d112.7089856!16s%2Fm%2F051zqt2!19sChIJ5TPHJ3Em1i0R6na3xu9c204?authuser=0&hl=id&rclk=1,5000,24travel.id,https://24travel.id/candi-kidal-malang/?srsltid=AfmBOopzSh-4Tkcw1L7yeFVtL6h8mkTYcJ3jFHoZ15V6uvfM-YEclKYf
548,Sumber Air Ngembul,4.2,72,Wisata Umum,-8.0583649,112.6757856,https://www.google.com/maps/place/Sumber+Air+Ngembul/data=!4m7!3m6!1s0x2dd626e702c5756b:0xdb3a1fc9e1c733fe!8m2!3d-8.0583649!4d112.6757856!16s%2Fg%2F11cn5n4rs6!19sChIJa3XFAucm1i0R_jPH4ckfOts?authuser=0&hl=id&rclk=1,2000,travelspromo.com,https://travelspromo.com/htm-wisata/sumber-umbulan-malang/
549,Taman Kenongo,4.5,550,Taman Kenongo,-7.9844339,112.7651181,https://www.google.com/maps/place/Taman+Kenongo/data=!4m7!3m6!1s0x2dd62fbbc460825f:0x21609984dd4d093f!8m2!3d-7.9844339!4d112.7651181!16s%2Fg%2F11pkldybpj!19sChIJX4JgxLsv1i0RPwlN3YSZYCE?authuser=0&hl=id&rclk=1,15000,kumparan.com,https://kumparan.com/seputar-malang/taman-kenongo-wisata-kolam-renang-yang-modern-di-jabung-23nOiEfP3rJ
550,Embung Pemancingan,4.0,111,Tujuan Wisata · 2Q24+J4X,-7.9983961,112.7553564,https://www.google.com/maps/place/Embung+Pemancingan/data=!4m7!3m6!1s0x2dd62586e8369cbd:0x5bbf106cce773fc0!8m2!3d-7.9983961!4d112.7553564!16s%2Fg%2F11b8_7r2x7!19sChIJvZw26IYl1i0RwD93zmwQv1s?authuser=0&hl=id&rclk=1,15000,jawapos.com,https://www.jawapos.com/travelling/2605160225/mancing-mania-ini-19-spot-pemancingan-yang-ramai-diburu-di-malang-cocok-buat-isi-waktu-liburan?page=all
551,Candi Gito Lembah Tumpang,4.8,139,Wisata Umum,-7.9949319,112.7391018,https://www.google.com/maps/place/Candi+Gito+Lembah+Tumpang/data=!4m7!3m6!1s0x2dd62f7a51ae3f9d:0x1fe6f4959da511c7!8m2!3d-7.9949319!4d112.7391018!16s%2Fg%2F11h9jmf01y!19sChIJnT-uUXov1i0RxxGlnZX05h8?authuser=0&hl=id&rclk=1,60000,traveloka.com,https://www.traveloka.com/id-id/explore/destination/lembah-tumpang-malang-acc/410239
552,Pura Luhur Dwijawarsa,4.8,278,Wisata Umum,-7.9953961,112.6610419,https://www.google.com/maps/place/Pura+Luhur+Dwijawarsa/data=!4m7!3m6!1s0x2dd6264a4ab0df75:0xc86bf818d353f6e1!8m2!3d-7.9953961!4d112.6610419!16s%2Fg%2F1pzrvhwm8!19sChIJdd-wSkom1i0R4fZT0xj4a8g?authuser=0&hl=id&rclk=1,7000,traveloka.com,https://www.traveloka.com/id-id/explore/activities/pura-di-malang-ta/505352
553,Wisata Petik Sayur Organik,5.0,22,Wisata Petik Sayur Organik,-8.0146357,112.6611468,https://www.google.com/maps/place/Wisata+Petik+Sayur+Organik/data=!4m7!3m6!1s0x2dd627550efdaa1b:0xbc08ad211692a307!8m2!3d-8.0146357!4d112.6611468!16s%2Fg%2F11rgwl4bct!19sChIJG6r9DlUn1i0RB6OSFiGtCLw?authuser=0&hl=id&rclk=1,15000,outbounddimalang.com,https://outbounddimalang.com/archives/7584
554,Puncak BTU,4.5,21,Tujuan Wisata · 2M5C+8H,-7.9916599,112.671489,https://www.google.com/maps/place/Puncak+BTU/data=!4m7!3m6!1s0x2dd629643866241f:0x44400fbd6a1b8fbe!8m2!3d-7.9916599!4d112.671489!16s%2Fg%2F11v0x7cx16!19sChIJHyRmOGQp1i0Rvo8bar0PQEQ?authuser=0&hl=id&rclk=1,16000,tripwisatabromo.com,https://tripwisatabromo.com/artikel/harga-tiket-objek-wisata-di-batu-malang/
555,Taman Gangsar,3.8,320,Taman Gangsar,-7.973068,112.737321,https://www.google.com/maps/place/Taman+Gangsar/data=!4m7!3m6!1s0x2dd62fabcd8c1429:0x882fe9b99915a323!8m2!3d-7.973068!4d112.737321!16s%2Fg%2F11q2rxlff4!19sChIJKRSMzasv1i0RI6MVmbnpL4g?authuser=0&hl=id&rclk=1,10000,matic.malangkab.go.id,https://matic.malangkab.go.id/listing/taman-gangsar
556,Air Terjun Sumber Pitu Tumpang,4.4,650,Tujuan Wisata · ,-8.0135832,112.8217266,https://www.google.com/maps/place/Air+Terjun+Sumber+Pitu+Tumpang/data=!4m7!3m6!1s0x2dd63ac87acac5d5:0x923963e602a1b0e2!8m2!3d-8.0135832!4d112.8217266!16s%2Fg%2F11bwh4mzms!19sChIJ1cXKesg61i0R4rChAuZjOZI?authuser=0&hl=id&rclk=1,5000,travelspromo.com,https://travelspromo.com/htm-wisata/air-terjun-sumber-pitu-tumpang-malang/
557,P.o Telaga Biru,4.5,33,Tujuan Wisata · 2PGP+MCP,-7.9728411,112.7366041,https://www.google.com/maps/place/P.o+Telaga+Biru/data=!4m7!3m6!1s0x2dd62f2f43e5e9d1:0x5e00d67feae05c00!8m2!3d-7.9728411!4d112.7366041!16s%2Fg%2F11sdyjsfmw!19sChIJ0enlQy8v1i0RAFzg6n_WAF4?authuser=0&hl=id&rclk=1,10000,labirutour.com,https://labirutour.com/obyek-wisata/telaga-biru-lumajang
558,Rolak stream,4.6,48,Wisata Umum,-7.9898171,112.654001,https://www.google.com/maps/place/Rolak+stream/data=!4m7!3m6!1s0x2dd627dc0aa49903:0x548b446d66f6dd1d!8m2!3d-7.9898171!4d112.654001!16s%2Fg%2F11g9s_dbb4!19sChIJA5mkCtwn1i0RHd32Zm1Ei1Q?authuser=0&hl=id&rclk=1,10000,tiktok.com,https://www.tiktok.com/@budalrek/video/7181617257527659777
559,Shila Tirta (Kolam Renang dan Cafe),4.5,673,Wisata Umum,-8.0070811,112.7543191,https://www.google.com/maps/place/Shila+Tirta+%28Kolam+Renang+dan+Cafe%29/data=!4m7!3m6!1s0x2dd625ecef418fb9:0xe7bef0f9a64da198!8m2!3d-8.0070811!4d112.7543191!16s%2Fg%2F11jrqc2kk9!19sChIJuY9B7-wl1i0RmKFNpvnwvuc?authuser=0&hl=id&rclk=1,10000,instagram.com,https://www.instagram.com/shila_tirta/
560,Taman Suwida,4.8,39,Taman Suwida,-7.9605315,112.6709781,https://www.google.com/maps/place/Taman+Suwida/data=!4m7!3m6!1s0x2dd629ff37e91eb7:0x63d29fe26e0269ba!8m2!3d-7.9605315!4d112.6709781!16s%2Fg%2F11kwn8hc44!19sChIJtx7pN_8p1i0RumkCbuKf0mM?authuser=0&hl=id&rclk=1,10000,id.trip.com,https://id.trip.com/travel-guide/attraction/pakis/taman-suwida-136730844/
561,Situs Sekaran Malang,4.2,51,Wisata Umum,-7.9746375,112.6815156,https://www.google.com/maps/place/Situs+Sekaran+Malang/data=!4m7!3m6!1s0x2dd629e0f3e13e25:0xa9965188f542562d!8m2!3d-7.9746375!4d112.6815156!16s%2Fg%2F11h4k72d3x!19sChIJJT7h8-Ap1i0RLVZC9YhRlqk?authuser=0&hl=id&rclk=1,2000,sekarpuro.desa.id,https://www.sekarpuro.desa.id/situs-sekaran-sebagai-lokasi-wisata/
562,Paralayang Sidoluhur Park (BUMDES Karya Luhur),4.3,45,Tujuan Wisata · 4P8W+FPG,-7.8838149,112.746837,https://www.google.com/maps/place/Paralayang+Sidoluhur+Park+%28BUMDES+Karya+Luhur%29/data=!4m7!3m6!1s0x2dd62d06f55df0c9:0x860d87d6501e264e!8m2!3d-7.8838149!4d112.746837!16s%2Fg%2F11fct1kpqz!19sChIJyfBd9QYt1i0RTiYeUNaHDYY?authuser=0&hl=id&rclk=1,0,paketwisatabromo.co.id,https://www.paketwisatabromo.co.id/paralayang-sidoluhur-lawang/
563,Belung Bibit Sayur Bapak Subur,4.0,64,Wisata Umum,-8.03298,112.7695962,https://www.google.com/maps/place/Belung+Bibit+Sayur+Bapak+Subur/data=!4m7!3m6!1s0x2dd625023020f899:0xe1b3852729dde5b2!8m2!3d-8.03298!4d112.7695962!16s%2Fg%2F11cmcsst51!19sChIJmfggMAIl1i0RsuXdKSeFs-E?authuser=0&hl=id&rclk=1,25000,instagram.com,https://www.instagram.com/reel/DUkihs6k_FQ/
564,Air Terjun Coban Jahe,4.5,2152,Wisata Umum,-7.9705673,112.8023017,https://www.google.com/maps/place/Air+Terjun+Coban+Jahe/data=!4m7!3m6!1s0x2dd62fddb5377e7b:0xe635dfe89acb6f83!8m2!3d-7.9705673!4d112.8023017!16s%2Fg%2F11b7ck5m8s!19sChIJe343td0v1i0Rg2_LmujfNeY?authuser=0&hl=id&rclk=1,12000,nagantour.com,https://nagantour.com/coban-jahe-merah/
565,Air Terjun Jidor,4.6,379,Wisata Umum,-8.0003129,112.8075991,https://www.google.com/maps/place/Air+Terjun+Jidor/data=!4m7!3m6!1s0x2dd625525743489d:0x471117393086e3!8m2!3d-8.0003129!4d112.8075991!16s%2Fg%2F11cp7fhgpb!19sChIJnUhDV1Il1i0R44YwORcRRwA?authuser=0&hl=id&rclk=1,5000,nahwatour.com,https://nahwatour.com/coban-jidor-malang-yang-memiliki-keindahan-yang-alami
566,LEMBAH BROMO,4.6,452,Wisata Umum,-8.032122,112.8273153,https://www.google.com/maps/place/LEMBAH+BROMO/data=!4m7!3m6!1s0x2dd63b77d6df9df1:0x8d8df71e22157f9b!8m2!3d-8.032122!4d112.8273153!16s%2Fg%2F11sk91hrg7!19sChIJ8Z3f1nc71i0Rm38VIh73jY0?authuser=0&hl=id&rclk=1,10000,kumparan.com,https://kumparan.com/seputar-malang/lembah-bromo-ledok-amprong-wisata-river-tubing-di-poncokusumo-yang-seru-24QDzkFBXhK
567,Glamping Malang Dreamland,4.4,170,Tujuan Wisata,-8.0835722,112.7861337,https://www.google.com/maps/place/Glamping+Malang+Dreamland/data=!4m10!3m9!1s0x2dd623801b73da7d:0xd755ed2ab3b92912!5m2!4m1!1i2!8m2!3d-8.0835722!4d112.7861337!16s%2Fg%2F11vl_wnlvn!19sChIJfdpzG4Aj1i0REim5syrtVdc?authuser=0&hl=id&rclk=1,50000,goersapp.com,https://www.goersapp.com/blog/malang-dreamland-harga-tiket-lokasi-dan-wahana-terbaru/
568,Padepokan Seni Mangun Dharma,4.9,69,Wisata Umum,-8.0145746,112.7652041,https://www.google.com/maps/place/Padepokan+Seni+Mangun+Dharma/data=!4m7!3m6!1s0x2dd6252956217d37:0xf7a1fd2eeb5335a6!8m2!3d-8.0145746!4d112.7652041!16s%2Fg%2F11kjnvn0fq!19sChIJN30hVikl1i0RpjVT6y79ofc?authuser=0&hl=id&rclk=1,0,matic.malangkab.go.id,https://matic.malangkab.go.id/listing/padepokan-seni-mangun-dharmo-tumpang
569,Goa Maria Sendang Retno Adi,4.7,25,Tujuan Wisata · WQH9+FVW,-8.0712608,112.7697048,https://www.google.com/maps/place/Goa+Maria+Sendang+Retno+Adi/data=!4m7!3m6!1s0x2dd624830514d5db:0x99a7715c1742da3b!8m2!3d-8.0712608!4d112.7697048!16s%2Fg%2F11b76zh9rz!19sChIJ29UUBYMk1i0RO9pCF1xxp5k?authuser=0&hl=id&rclk=1,0,,
570,Taman Durian Pak Peno,4.7,46,Taman Durian Pak Peno,-8.0170625,112.7694375,https://www.google.com/maps/place/Taman+Durian+Pak+Peno/data=!4m7!3m6!1s0x2dd6252367397bef:0xb595820dbc4f7ce6!8m2!3d-8.0170625!4d112.7694375!16s%2Fg%2F11ghgytxxg!19sChIJ73s5ZyMl1i0R5nxPvA2ClbU?authuser=0&hl=id&rclk=1,0,instagram.com,https://www.instagram.com/reel/DSwJxb1k2Vm/
571,Coban Tangkil,4.4,42,Wisata Umum,-7.9597163,112.8080631,https://www.google.com/maps/place/Coban+Tangkil/data=!4m7!3m6!1s0x2dd62fe89befadf9:0x23212bb79910c1cb!8m2!3d-7.9597163!4d112.8080631!16s%2Fg%2F11cs5z1b69!19sChIJ-a3vm-gv1i0Ry8EQmbcrISM?authuser=0&hl=id&rclk=1,5000,24travel.id,https://24travel.id/coban-tangkil-malang/?srsltid=AfmBOor-FyCmVqL1jVXTFuHWXH1XHcPUGp958BdC4GipdAoamMPLZbqr
572,Coban Jahe 2,4.5,201,Wisata Umum,-7.9730447,112.8014218,https://www.google.com/maps/place/Coban+Jahe+2/data=!4m7!3m6!1s0x2dd62fbfdb69cfef:0x146b2e935fe4e904!8m2!3d-7.9730447!4d112.8014218!16s%2Fg%2F11j0s60srq!19sChIJ789p278v1i0RBOnkX5MuaxQ?authuser=0&hl=id&rclk=1,12000,nagantour.com,https://nagantour.com/coban-jahe-merah/
573,Taman Buah Jeru Tumpang,3.8,41,Taman Buah Jeru Tumpang,-7.995485,112.7773929,https://www.google.com/maps/place/Taman+Buah+Jeru+Tumpang/data=!4m7!3m6!1s0x2dd62562f134503f:0x1014786ddbf42c29!8m2!3d-7.995485!4d112.7773929!16s%2Fg%2F11cjhz2b_q!19sChIJP1A08WIl1i0RKSz02214FBA?authuser=0&hl=id&rclk=1,0,instagram.com,https://www.instagram.com/reel/DExEKcku9m7/
574,Waterpark Taman Gangsar,4.6,49,Waterpark Taman Gangsar,-7.973016,112.737016,https://www.google.com/maps/place/Waterpark+Taman+Gangsar/data=!4m7!3m6!1s0x2dd62f03c186fdf7:0xbfc848f1d1f7196e!8m2!3d-7.973016!4d112.737016!16s%2Fg%2F11s4z58lmj!19sChIJ9_2GwQMv1i0Rbhn30fFIyL8?authuser=0&hl=id&rclk=1,10000,matic.malangkab.go.id,https://matic.malangkab.go.id/listing/taman-gangsar
575,Telaga Sari Garden,4.0,84,Taman · 2QHX+HQF,-7.9710714,112.7994083,https://www.google.com/maps/place/Telaga+Sari+Garden/data=!4m7!3m6!1s0x2dd62f67d6036631:0x55db353c9605d8!8m2!3d-7.9710714!4d112.7994083!16s%2Fg%2F11sfc5mkzf!19sChIJMWYD1mcv1i0R2AWWPDXbVQA?authuser=0&hl=id&rclk=1,10000,youtube.com,https://www.youtube.com/watch?v=IGr464n5TWU
576,WISATA AIR SUMBER CEMPOKO,4.4,93,WISATA AIR SUMBER CEMPOKO,-7.978681,112.7390435,https://www.google.com/maps/place/WISATA+AIR+SUMBER+CEMPOKO/data=!4m7!3m6!1s0x2dd62f408f5bfc5d:0xa39fccc1db662ac6!8m2!3d-7.978681!4d112.7390435!16s%2Fg%2F11ggrktjpj!19sChIJXfxbj0Av1i0Rxipm28HMn6M?authuser=0&hl=id&rclk=1,5000,kumparan.com,https://kumparan.com/seputar-malang/embung-cempaka-malang-wisata-murah-meriah-dan-seru-24Pq70EstuP
577,Puncak Tunggangan,4.6,60,Wisata Umum,-7.8878745,112.7798835,https://www.google.com/maps/place/Puncak+Tunggangan/data=!4m7!3m6!1s0x2dd62ddf65c3b80f:0xe5f9f099e9a56d29!8m2!3d-7.8878745!4d112.7798835!16s%2Fg%2F11rnf9ghlk!19sChIJD7jDZd8t1i0RKW2l6Znw-eU?authuser=0&hl=id&rclk=1,10000,surabaya.kompas.com,https://surabaya.kompas.com/read/2024/08/13/185001078/pantai-modangan-di-malang-daya-tarik-harga-tiket-dan-jalan-menuju?page=all
578,Pantai Wedi Putih,4.6,80,Pantai Wedi Putih,-8.3762341,112.8464831,https://www.google.com/maps/place/Pantai+Wedi+Putih/data=!4m7!3m6!1s0x2dd60f3c40ba11c9:0x9b0774bad3bfe1fc!8m2!3d-8.3762341!4d112.8464831!16s%2Fg%2F11g8wp5f0c!19sChIJyRG6QDwP1i0R_OG_07p0B5s?authuser=0&hl=id&rclk=1,5000,erctrans.com,https://erctrans.com/pantai-wedi-putih-malang/
579,PUNCAK BINGLIS,4.6,67,Wisata Umum,-8.3204505,112.8124499,https://www.google.com/maps/place/PUNCAK+BINGLIS/data=!4m7!3m6!1s0x2dd6055600bde523:0xdbcdc845b4209043!8m2!3d-8.3204505!4d112.8124499!16s%2Fg%2F11c30tdfvb!19sChIJI-W9AFYF1i0RQ5AgtEXIzds?authuser=0&hl=id&rclk=1,5000,piatacamilan.com,https://piatacamilan.com/wisata-malang-dampit/
580,Pantai Sendiki,4.6,3695,Pantai Sendiki,-8.4168131,112.7259382,https://www.google.com/maps/place/Pantai+Sendiki/data=!4m7!3m6!1s0x2dd606b06b49208d:0x6d83928eba11aac2!8m2!3d-8.4168131!4d112.7259382!16s%2Fg%2F11c2nt044_!19sChIJjSBJa7AG1i0RwqoRuo6Sg20?authuser=0&hl=id&rclk=1,20000,traveloka.com,https://www.traveloka.com/id-id/explore/destination/pantai-sendiki-acc/378754
581,Pantai Lenggoksono,4.3,1010,Pantai Lenggoksono,-8.3723743,112.8389318,https://www.google.com/maps/place/Pantai+Lenggoksono/data=!4m7!3m6!1s0x2dd60f13f323233b:0x7b264c2cb9426f20!8m2!3d-8.3723743!4d112.8389318!16s%2Fg%2F11bbqnvnsk!19sChIJOyMj8xMP1i0RIG9CuSxMJns?authuser=0&hl=id&rclk=1,10000,travelspromo.com,https://travelspromo.com/htm-wisata/pantai-lenggoksono-malang/
582,Goa payung baturetno,4.6,26,Wisata Umum,-8.2631183,112.8023166,https://www.google.com/maps/place/Goa+payung+baturetno/data=!4m7!3m6!1s0x2dd61b2d63cd81b9:0x4c827d16cd2c28bf!8m2!3d-8.2631183!4d112.8023166!16s%2Fg%2F11m9j_2g_5!19sChIJuYHNYy0b1i0RvygszRZ9gkw?authuser=0&hl=id&rclk=1,10000,surabaya.kompas.com,https://surabaya.kompas.com/read/2022/12/16/225621078/goa-pinus-di-kota-batu-daya-tarik-harga-tiket-jam-buka-dan-rute
583,Latar Kumat,4.5,24,Taman ·  · RQ6F+79,-8.1893125,112.7734375,https://www.google.com/maps/place/Latar+Kumat/data=!4m7!3m6!1s0x2dd61948c2967a43:0x2fe8ad51e1d4fb1!8m2!3d-8.1893125!4d112.7734375!16s%2Fg%2F11kqh_q5gb!19sChIJQ3qWwkgZ1i0RsU8dHtWK_gI?authuser=0&hl=id&rclk=1,10000,instagram.com,https://www.instagram.com/p/DOH-qO6AS7-/?hl=id
584,Hutan Pinus Semeru (HPS),4.3,1143,Tujuan Wisata · VR3H+W42,-8.1452448,112.8277723,https://www.google.com/maps/place/Hutan+Pinus+Semeru+%28HPS%29/data=!4m7!3m6!1s0x2dd63d5ba9a93319:0x55380666331f69bf!8m2!3d-8.1452448!4d112.8277723!16s%2Fg%2F11gbf4mlws!19sChIJGTOpqVs91i0Rv2kfM2YGOFU?authuser=0&hl=id&rclk=1,5000,matic.malangkab.go.id,https://matic.malangkab.go.id/listing/wana-wisata-hutan-pinus-semeru
585,Kampoeng Banyu River Tubing,4.5,68,Wisata Umum,-8.1872694,112.7521651,https://www.google.com/maps/place/Kampoeng+Banyu+River+Tubing/data=!4m7!3m6!1s0x2dd618f1cf7f93e1:0xb4d409b353deef22!8m2!3d-8.1872694!4d112.7521651!16s%2Fg%2F11c2nkdvd9!19sChIJ4ZN_z_EY1i0RIu_eU7MJ1LQ?authuser=0&hl=id&rclk=1,75000,jadesta.kemenpar.go.id,https://jadesta.kemenpar.go.id/atraksi/river_tubing_banyumaro
586,Kopi Rejo Hill Tourism,4.6,73,Wisata Umum,-8.11372,112.8371087,https://www.google.com/maps/place/Kopi+Rejo+Hill+Tourism/data=!4m7!3m6!1s0x2dd63db2baecf571:0x431bc1a99a7387e2!8m2!3d-8.11372!4d112.8371087!16s%2Fg%2F11kkyk87n5!19sChIJcfXsurI91i0R4odzmqnBG0M?authuser=0&hl=id&rclk=1,55000,travel.kompas.com,https://travel.kompas.com/read/2022/05/22/073400027/32-tempat-wisata-malang-raya-banyak-tempat-bernuansa-alam?page=all
587,Banyu biru awet muda,4.6,55,Wisata Umum,-8.0547043,112.8267042,https://www.google.com/maps/place/Banyu+biru+awet+muda/data=!4m7!3m6!1s0x2dd63bf4e1023281:0x14a124352ab7df14!8m2!3d-8.0547043!4d112.8267042!16s%2Fg%2F11k90_jcw9!19sChIJgTIC4fQ71i0RFN-3KjUkoRQ?authuser=0&hl=id&rclk=1,5000,traveloka.com,https://www.traveloka.com/id-id/explore/destination/daya-tarik-dan-info-menarik-seputar-banyu-biru-pasuruan-acc/602786
588,Jamun Spot Sunset (JSS),4.6,91,Wisata Umum,-8.0579336,112.8245121,https://www.google.com/maps/place/Jamun+Spot+Sunset+%28JSS%29/data=!4m7!3m6!1s0x2dd63bb7726829bf:0x1a7adc6e8f548cf9!8m2!3d-8.0579336!4d112.8245121!16s%2Fg%2F11fr9p71xb!19sChIJvylocrc71i0R-YxUj27ceho?authuser=0&hl=id&rclk=1,10000,jssponcokusumo.blogspot.com,https://jssponcokusumo.blogspot.com/2020/10/wisata-jss-poncokusumo.html
589,BROMOAMPRONG VILLAGE,4.7,28,BROMOAMPRONG VILLAGE,-8.0321601,112.8273022,https://www.google.com/maps/place/BROMOAMPRONG+VILLAGE/data=!4m7!3m6!1s0x2dd63b7f0b1ce547:0x392fbb200a34effe!8m2!3d-8.0321601!4d112.8273022!16s%2Fg%2F11xt94hqwh!19sChIJR-UcC3871i0R_u80CiC7Lzk?authuser=0&hl=id&rclk=1,15000,wisatabromo.co,https://wisatabromo.co/lembah-bromo-ledok-amprong-surga-tersembunyi-di-lereng-bromo/
591,TAMAN KALI LESTI PONCOKUSUMO,4.6,106,TAMAN KALI LESTI PONCOKUSUMO,-8.0573297,112.8102564,https://www.google.com/maps/place/TAMAN+KALI+LESTI+PONCOKUSUMO/data=!4m7!3m6!1s0x2dd6251985b2d4b1:0xdb54f5ad31710dc3!8m2!3d-8.0573297!4d112.8102564!16s%2Fg%2F11qnrfqsxy!19sChIJsdSyhRkl1i0Rww1xMa31VNs?authuser=0&hl=id&rclk=1,5000,kompasiana.com,https://www.kompasiana.com/aristanabillazm/6791043434777c74b873b452/pesona-taman-kali-lesti-surga-wisata-murah-meriah-di-poncokusumo
592,"Air Terjun Coban Pelangi, Malang",4.6,1838,Wisata Umum,-8.011408,112.8603973,"https://www.google.com/maps/place/Air+Terjun+Coban+Pelangi,+Malang/data=!4m7!3m6!1s0x2dd63af5aed1cb29:0xc064933b73e81861!8m2!3d-8.011408!4d112.8603973!16s%2Fg%2F1hm37hfrp!19sChIJKcvRrvU61i0RYRjoczuTZMA?authuser=0&hl=id&rclk=1",10000,surabaya.kompas.com,https://surabaya.kompas.com/read/2023/12/09/212353678/coban-pelangi-di-malang-daya-tarik-harga-tiket-dan-rute?page=all
593,Air Terjun Coban Siuk,4.5,543,Wisata Umum,-7.9570911,112.82087,https://www.google.com/maps/place/Air+Terjun+Coban+Siuk/data=!4m7!3m6!1s0x2dd6302e405c3857:0x79765d04b671a5c3!8m2!3d-7.9570911!4d112.82087!16s%2Fg%2F11cjj11xwv!19sChIJVzhcQC4w1i0Rw6VxtgRddnk?authuser=0&hl=id&rclk=1,5000,traveloka.com,https://www.traveloka.com/id-id/explore/activities/wisata-coban-siuk-malang-ta/1001631
594,Coban Tarzan ꦕꦺꦴꦧꦤ꧀ꦠꦂꦱꦤ꧀ or Coban Toris,4.4,113,Wisata Umum,-7.9741625,112.8041719,https://www.google.com/maps/place/Coban+Tarzan+%EA%A6%95%EA%A6%BA%EA%A6%B4%EA%A6%A7%EA%A6%A4%EA%A7%80%EA%A6%A0%EA%A6%82%EA%A6%B1%EA%A6%A4%EA%A7%80+or+Coban+Toris/data=!4m7!3m6!1s0x2dd62fddb3641815:0x8f395ab5175ae99d!8m2!3d-7.9741625!4d112.8041719!16s%2Fg%2F11dxl7_kgd!19sChIJFRhks90v1i0RnelaF7VaOY8?authuser=0&hl=id&rclk=1,10000,24travel.id,https://24travel.id/coban-tarzan-malang/?srsltid=AfmBOoq7C7rW_nsWriMgBlfWehKlwYfpB3_qaBHKbP52XdHswzKkLtp5
595,Coban Jahe 3 ꦕꦺꦴꦧꦤ꧀ꦗꦲꦺ꧇꧓꧇ or Coban Toris,4.4,131,Wisata Umum,-7.9737801,112.8030604,https://www.google.com/maps/place/Coban+Jahe+3+%EA%A6%95%EA%A6%BA%EA%A6%B4%EA%A6%A7%EA%A6%A4%EA%A7%80%EA%A6%97%EA%A6%B2%EA%A6%BA%EA%A7%87%EA%A7%93%EA%A7%87+or+Coban+Toris/data=!4m7!3m6!1s0x2dd62f2c1244ac1f:0xcd56770661909c1!8m2!3d-7.9737801!4d112.8030604!16s%2Fg%2F11h0b8rnpg!19sChIJH6xEEiwv1i0RwQkZZnBn1Qw?authuser=0&hl=id&rclk=1,10000,travelspromo.com,https://travelspromo.com/htm-wisata/coban-jahe-malang/
596,BROMO_COBAN JIDOR (Via Dsn Benjor),4.8,36,Tujuan Wisata · XRW5+WJ5,-8.0019062,112.8088946,https://www.google.com/maps/place/BROMO_COBAN+JIDOR+%28Via+Dsn+Benjor%29/data=!4m7!3m6!1s0x2dd62500756ea503:0xf2bf782b08de03e1!8m2!3d-8.0019062!4d112.8088946!16s%2Fg%2F11mkbszd68!19sChIJA6VudQAl1i0R4QPeCCt4v_I?authuser=0&hl=id&rclk=1,5000,nahwatour.com,https://nahwatour.com/coban-jidor-malang-yang-memiliki-keindahan-yang-alami
597,Air Terjun Cinde,4.3,140,Wisata Umum,-7.9906809,112.8402434,https://www.google.com/maps/place/Air+Terjun+Cinde/data=!4m7!3m6!1s0x2dd630757a5dc743:0x742b14637b753efa!8m2!3d-7.9906809!4d112.8402434!16s%2Fg%2F11btxcnj_7!19sChIJQ8ddenUw1i0R-j51e2MUK3Q?authuser=0&hl=id&rclk=1,10000,radarmalang.jawapos.com,https://radarmalang.jawapos.com/berita-terbaru/2412250040/destinasi-wisata-alam-yang-perlu-perjuangan-coban-cinde-menawarkan-keindahan-tiada-dua
598,Benjor Pine Camping Ground,4.6,291,Tujuan Wisata · 2R5J+CCG,-7.9914477,112.8310724,https://www.google.com/maps/place/Benjor+Pine+Camping+Ground/data=!4m7!3m6!1s0x2dd63b1e801f51dd:0xc7b42d6e125a7930!8m2!3d-7.9914477!4d112.8310724!16s%2Fg%2F11krg8hgg7!19sChIJ3VEfgB471i0RMHlaEm4ttMc?authuser=0&hl=id&rclk=1,10000,instagram.com,https://www.instagram.com/reel/DLM29lZI_Fm/
599,Pantai Bolu Bolu,4.5,296,Pantai Bolu Bolu,-8.3865501,112.8153517,https://www.google.com/maps/place/Pantai+Bolu+Bolu/data=!4m7!3m6!1s0x2dd60f59722d0aa9:0xbb4c111ed712d25d!8m2!3d-8.3865501!4d112.8153517!16s%2Fg%2F11b6vd9c7g!19sChIJqQotclkP1i0RXdIS1x4RTLs?authuser=0&hl=id&rclk=1,5000,paketoutbound.com,https://www.paketoutbound.com/2026/05/pantai-bolu-bolu-malang.html
600,Coban Srengenge,4.6,339,Wisata Umum,-8.2507363,112.8840752,https://www.google.com/maps/place/Coban+Srengenge/data=!4m7!3m6!1s0x2dd6114044e0d609:0xdd0ce971d4d7605!8m2!3d-8.2507363!4d112.8840752!16s%2Fg%2F11d_xlhqr9!19sChIJCdbgREAR1i0RBXZNHZfO0A0?authuser=0&hl=id&rclk=1,2500,matic.malangkab.go.id,https://matic.malangkab.go.id/listing/coban-srengenge
601,Coban Sumber Wangi ꦕꦺꦴꦧꦤ꧀ꦱꦸꦩ꧀ꦧꦼꦂꦮꦔꦶ,4.1,93,Wisata Umum,-8.2377256,112.876091,https://www.google.com/maps/place/Coban+Sumber+Wangi+%EA%A6%95%EA%A6%BA%EA%A6%B4%EA%A6%A7%EA%A6%A4%EA%A7%80%EA%A6%B1%EA%A6%B8%EA%A6%A9%EA%A7%80%EA%A6%A7%EA%A6%BC%EA%A6%82%EA%A6%AE%EA%A6%94%EA%A6%B6/data=!4m7!3m6!1s0x2dd6113400000001:0x9ceb93fdd267b805!8m2!3d-8.2377256!4d112.876091!16s%2Fg%2F11c3klpngq!19sChIJAQAAADQR1i0RBbhn0v2T65w?authuser=0&hl=id&rclk=1,10000,jnewsonline.com,https://jnewsonline.com/coban-di-malang/
602,Coban Rendeng,4.6,34,Wisata Umum,-8.2041593,112.8639238,https://www.google.com/maps/place/Coban+Rendeng/data=!4m7!3m6!1s0x2dd6178cd3909b09:0x5bc96f1804e05556!8m2!3d-8.2041593!4d112.8639238!16s%2Fg%2F11fwwks61g!19sChIJCZuQ04wX1i0RVlXgBBhvyVs?authuser=0&hl=id&rclk=1,2500,matic.malangkab.go.id,https://matic.malangkab.go.id/listing/coban-srengenge
603,Candi Jawar Purbakala,4.6,238,Wisata Umum,-8.1488565,112.8892693,https://www.google.com/maps/place/Candi+Jawar+Purbakala/data=!4m7!3m6!1s0x2dd63df66b19f54d:0x91fdd7b3f9fa32cb!8m2!3d-8.1488565!4d112.8892693!16s%2Fg%2F11cjp9qphq!19sChIJTfUZa_Y91i0RyzL6-bPX_ZE?authuser=0&hl=id&rclk=1,10000,jatim.tribunnews.com,https://jatim.tribunnews.com/2020/11/27/harga-tiket-masuk-candi-jawar-dan-bukit-jengkoang-malang-nikmati-pemandangan-indah-spot-foto-unik
604,Coban Gintung,4.1,28,Wisata Umum,-8.2521556,112.9145971,https://www.google.com/maps/place/Coban+Gintung/data=!4m7!3m6!1s0x2dd613dda1a9aa1d:0xaaccfdee721c713!8m2!3d-8.2521556!4d112.9145971!16s%2Fg%2F11cn165mz_!19sChIJHaqpod0T1i0RE8ch597PrAo?authuser=0&hl=id&rclk=1,5000,matic.malangkab.go.id,https://matic.malangkab.go.id/listing/coban-gintung
605,Poncokusumo Rest Area,4.5,855,Wisata Umum,-8.0155831,112.8456084,https://www.google.com/maps/place/Poncokusumo+Rest+Area/data=!4m7!3m6!1s0x2dd63aee057c7633:0xa38a254c87fee18!8m2!3d-8.0155831!4d112.8456084!16s%2Fg%2F1hm32rs6z!19sChIJM3Z8Be461i0RGO5_yFSiOAo?authuser=0&hl=id&rclk=1,2000,gubugklakah.com,https://gubugklakah.com/rest-area/
606,Coban Kembar,4.1,26,Wisata Umum,-8.0122237,112.8366585,https://www.google.com/maps/place/Coban+Kembar/data=!4m7!3m6!1s0x2dd63bbd103c1329:0x673571a1f4320f92!8m2!3d-8.0122237!4d112.8366585!16s%2Fg%2F11gk8qpv2x!19sChIJKRM8EL071i0Rkg8y9KFxNWc?authuser=0&hl=id&rclk=1,15000,matic.malangkab.go.id,https://matic.malangkab.go.id/listing/coban-manten
607,Coban Srikandi,4.8,199,Tujuan Wisata · 2R5M+M5,-7.9907302,112.8329087,https://www.google.com/maps/place/Coban+Srikandi/data=!4m7!3m6!1s0x2dd63b000a18fbc5:0x3112ba2aaf2f8eb4!8m2!3d-7.9907302!4d112.8329087!16s%2Fg%2F11x08nb6ns!19sChIJxfsYCgA71i0RtI4vryq6EjE?authuser=0&hl=id&rclk=1,15000,matic.malangkab.go.id,https://matic.malangkab.go.id/listing/coban-srikandi
608,Parking coban cinde coban srikandi dll,4.7,30,Tujuan Wisata · 2R5M+M5,-7.9907931,112.832917,https://www.google.com/maps/place/Parking+coban+cinde+coban+srikandi+dll/data=!4m7!3m6!1s0x2dd63b00563df109:0xc5542592fc556536!8m2!3d-7.9907931!4d112.832917!16s%2Fg%2F11w37y02r3!19sChIJCfE9VgA71i0RNmVV_JIlVMU?authuser=0&hl=id&rclk=1,15000,matic.malangkab.go.id,https://matic.malangkab.go.id/listing/coban-srikandi
609,Coban Arema ꦕꦺꦴꦧꦤ꧀ꦄꦫꦺꦩ,4.3,36,Wisata Umum,-7.9889056,112.8311674,https://www.google.com/maps/place/Coban+Arema+%EA%A6%95%EA%A6%BA%EA%A6%B4%EA%A6%A7%EA%A6%A4%EA%A7%80%EA%A6%84%EA%A6%AB%EA%A6%BA%EA%A6%A9/data=!4m7!3m6!1s0x2dd63aa6e273e7bf:0xc26d7e80f8494e9e!8m2!3d-7.9889056!4d112.8311674!16s%2Fg%2F11c5bssck_!19sChIJv-dz4qY61i0Rnk5J-IB-bcI?authuser=0&hl=id&rclk=1,10000,radarmalang.jawapos.com,https://radarmalang.jawapos.com/wisata-kuliner/2412250001/arek-malang-dan-wisatawan-wajib-datang-pesona-coban-arema-di-kabupaten-malang
610,Coban Jodo,4.6,285,Wisata Umum,-7.9856864,112.8322674,https://www.google.com/maps/place/Coban+Jodo/data=!4m7!3m6!1s0x2dd63aa6d8793d91:0xb8ad3f28b3c7fac4!8m2!3d-7.9856864!4d112.8322674!16s%2Fg%2F11c1w_r609!19sChIJkT152KY61i0RxPrHsyg_rbg?authuser=0&hl=id&rclk=1,10000,radarmalang.jawapos.com,https://radarmalang.jawapos.com/wisata-kuliner/2412220024/melangkah-ke-coban-jodo-tempat-asri-penuh-kedamaian-dan-legenda
611,Coban Trisula,4.5,105,Wisata Umum,-7.999417,112.8685364,https://www.google.com/maps/place/Coban+Trisula/data=!4m7!3m6!1s0x2dd63a6f8df0cd77:0x641691898f8b5040!8m2!3d-7.999417!4d112.8685364!16s%2Fg%2F1hm2h_s_p!19sChIJd83wjW861i0RQFCLj4mRFmQ?authuser=0&hl=id&rclk=1,5000,24travel.id,https://24travel.id/coban-trisula-malang/?srsltid=AfmBOopspRV_As0b2Gn9z6_NcNdfRmNNTKTKCahvLOz_GxmgM2zhUXB9
612,Puncak Bundu,4.4,123,Wisata Umum,-8.2674181,112.9041506,https://www.google.com/maps/place/Puncak+Bundu/data=!4m7!3m6!1s0x2dd611c3e618a0db:0x732417f905b4c3e9!8m2!3d-8.2674181!4d112.9041506!16s%2Fg%2F11jp0_5yws!19sChIJ26AY5sMR1i0R6cO0BfkXJHM?authuser=0&hl=id&rclk=1,5000,24travel.id,https://24travel.id/puncak-bundu-malang/?srsltid=AfmBOooebHcFVno2Gp6hJmFh6DnMLXo2WoKp0mvMy9Xfk-hbXi-Lu4mq
613,Air Terjun Telaga Warna,4.3,66,Wisata Umum,-8.2482632,112.9065008,https://www.google.com/maps/place/Air+Terjun+Telaga+Warna/data=!4m7!3m6!1s0x2dd613e1d1bd8e59:0x5b36e21d6fc2ebc5!8m2!3d-8.2482632!4d112.9065008!16s%2Fg%2F11cn17bm85!19sChIJWY690eET1i0RxevCbx3iNls?authuser=0&hl=id&rclk=1,0,malangstrudel.com,https://malangstrudel.com/eksotika-air-terjun-telaga-warna-malang.html
614,Bukit Nando,4.8,36,Wisata Umum,-8.2897189,112.899741,https://www.google.com/maps/place/Bukit+Nando/data=!4m7!3m6!1s0x2dd611a71579e301:0xf778123278a5247!8m2!3d-8.2897189!4d112.899741!16s%2Fg%2F11h4tpt_51!19sChIJAeN5FacR1i0RR1KKJyOBdw8?authuser=0&hl=id&rclk=1,28500,tiket.com,https://www.tiket.com/id-id/to-do/air-terjun-coban-rondo
615,Air Terjun Ciblungan,4.5,484,Wisata Umum,-8.2418175,112.9065237,https://www.google.com/maps/place/Air+Terjun+Ciblungan/data=!4m7!3m6!1s0x2dd61400a7d2e443:0x175be65e4b80702a!8m2!3d-8.2418175!4d112.9065237!16s%2Fg%2F11by_y6n43!19sChIJQ-TSpwAU1i0RKnCAS17mWxc?authuser=0&hl=id&rclk=1,10000,matic.malangkab.go.id,https://matic.malangkab.go.id/listing/coban-ciblungan
616,Coban Batu Lapis,4.4,55,Wisata Umum,-8.2599783,112.8992201,https://www.google.com/maps/place/Coban+Batu+Lapis/data=!4m7!3m6!1s0x2dd611649aafcc9b:0xda67baf7bf4d72f1!8m2!3d-8.2599783!4d112.8992201!16s%2Fg%2F11c1rfl3v6!19sChIJm8yvmmQR1i0R8XJNv_e6Z9o?authuser=0&hl=id&rclk=1,12500,travelspromo.com,https://travelspromo.com/htm-wisata/coban-rais-batu-malang/
617,RUMAH POHON SALAK,5.0,50,Wisata Umum,-8.2689341,112.869054,https://www.google.com/maps/place/RUMAH+POHON+SALAK/data=!4m7!3m6!1s0x2dd61130bfd147d1:0xefcfe1a18654c9ae!8m2!3d-8.2689341!4d112.869054!16s%2Fg%2F11s930prhp!19sChIJ0UfRvzAR1i0RrslUhqHhz-8?authuser=0&hl=id&rclk=1,10000,liburanbromomurah.com,https://liburanbromomurah.com/rumah-pohon-omah-kayu-paralang-batu-malang/
618,Candi Samudro,4.5,326,Wisata Umum,-8.1681306,112.8953144,https://www.google.com/maps/place/Candi+Samudro/data=!4m7!3m6!1s0x2dd6160d734cdf47:0x82d08a12c081b9b9!8m2!3d-8.1681306!4d112.8953144!16s%2Fg%2F11c5b2kls8!19sChIJR99Mcw0W1i0RubmBwBKK0II?authuser=0&hl=id&rclk=1,5000,radarmalang.jawapos.com,https://radarmalang.jawapos.com/wisata-kuliner/2508250028/gak-cuma-singosari-ini-4-candi-di-malang-yang-bisa-jadi-tempat-rekreasi-budaya
619,WISATA NJULUNG AGROEDU TOURISM,4.3,33,WISATA NJULUNG AGROEDU TOURISM,-8.136184,112.7852026,https://www.google.com/maps/place/WISATA+NJULUNG+AGROEDU+TOURISM/data=!4m7!3m6!1s0x2dd62331df2caf69:0x369a76d4787d5d0c!8m2!3d-8.136184!4d112.7852026!16s%2Fg%2F11frsl_qzv!19sChIJaa8s3zEj1i0RDF19eNR2mjY?authuser=0&hl=id&rclk=1,65000,tempo.co,https://www.tempo.co/hiburan/7-wisata-petik-apel-malang-di-kota-batu-dan-harga-tiket-masuknya-90688
620,Taman Wisata Bromo Tengger,4.7,76,Taman Wisata Bromo Tengger,-7.9744579,112.9268259,https://www.google.com/maps/place/Taman+Wisata+Bromo+Tengger/data=!4m7!3m6!1s0x2dd63a6618ed8f03:0x5fe5fe0af82b70b8!8m2!3d-7.9744579!4d112.9268259!16s%2Fg%2F1hm5jdtr1!19sChIJA4_tGGY61i0RuHAr-Ar-5V8?authuser=0&hl=id&rclk=1,10000,explorebromo.com,https://www.explorebromo.com/2019/02/tiket-wisata-gunung-bromo.html
622,Gunung Sari Sunset,4.4,712,Gunung Sari Sunset,-8.0135362,112.8534067,https://www.google.com/maps/place/Gunung+Sari+Sunset/data=!4m7!3m6!1s0x2dd63b77918a7a15:0x65f73e026317a983!8m2!3d-8.0135362!4d112.8534067!16s%2Fg%2F11hj833rpq!19sChIJFXqKkXc71i0Rg6kXYwI-92U?authuser=0&hl=id&rclk=1,5000,idntimes.com,https://www.idntimes.com/travel/destination/info-wisata-gunung-sari-sunset-00-p3rq2-x4d3c2
623,Ndayungadventure,4.5,192,Wisata Umum,-8.0140726,112.8533603,https://www.google.com/maps/place/Ndayungadventure/data=!4m7!3m6!1s0x2dd63af41bc0091f:0x8fa217d438108b53!8m2!3d-8.0140726!4d112.8533603!16s%2Fg%2F11_rg5crz!19sChIJHwnAG_Q61i0RU4sQONQXoo8?authuser=0&hl=id&rclk=1,195000,labirutour.com,https://labirutour.com/blog/rafting-batu-malang
624,Pantai Sipelot,4.4,833,Pantai Sipelot,-8.3806178,112.8992311,https://www.google.com/maps/place/Pantai+Sipelot/data=!4m7!3m6!1s0x2dd60ebeaaaaaaab:0xe65b85babcea58af!8m2!3d-8.3806178!4d112.8992311!16s%2Fg%2F1pzr2kct7!19sChIJq6qqqr4O1i0Rr1jqvLqFW-Y?authuser=0&hl=id&rclk=1,3000,traveloka.com,https://www.traveloka.com/id-id/explore/activities/pantai-sipelot-ta/582210
625,Pondok banteng,4.7,32,Wisata Umum,-8.1506434,112.8815151,https://www.google.com/maps/place/Pondok+banteng/data=!4m7!3m6!1s0x2dd63d0006e5af93:0x89540d8bb292fa29!8m2!3d-8.1506434!4d112.8815151!16s%2Fg%2F11w43z48hc!19sChIJk6_lBgA91i0RKfqSsosNVIk?authuser=0&hl=id&rclk=1,0,id.trip.com,https://id.trip.com/travel-guide/attraction/ampelgading/pondok-banteng-150704589
626,Bromo Hillside,4.7,7157,Tujuan Wisata · ,-7.9739736,112.9258767,https://www.google.com/maps/place/Bromo+Hillside/data=!4m10!3m9!1s0x2dd6377616504031:0xa294e98df7f7df1b!5m2!4m1!1i2!8m2!3d-7.9739736!4d112.9258767!16s%2Fg%2F11sf85hmk4!19sChIJMUBQFnY31i0RG9_3943plKI?authuser=0&hl=id&rclk=1,25000,kawanjelajahtour.com,https://kawanjelajahtour.com/bromo-hillside-cafe-unik-viral-di-area-wisata-bromo/
627,Pos Jemplang Bromo,4.8,2481,Wisata Umum,-7.9744546,112.9268333,https://www.google.com/maps/place/Pos+Jemplang+Bromo/data=!4m7!3m6!1s0x2dd63742d7b78fcf:0x4ece2799a4892d6c!8m2!3d-7.9744546!4d112.9268333!16s%2Fg%2F11cm051np5!19sChIJz4-310I31i0RbC2JpJknzk4?authuser=0&hl=id&rclk=1,25000,tripwisatabromo.com,https://tripwisatabromo.com/artikel/harga-tiket-masuk-bromo/
628,Coban Bidadari,4.5,465,Wisata Umum,-8.006144,112.867754,https://www.google.com/maps/place/Coban+Bidadari/data=!4m7!3m6!1s0x2dd63bc1aa2d739d:0x7015218071907bfd!8m2!3d-8.006144!4d112.867754!16s%2Fg%2F11f7nkyh5k!19sChIJnXMtqsE71i0R_XuQcYAhFXA?authuser=0&hl=id&rclk=1,10000,gubugklakah.com,https://gubugklakah.com/coban-bidadari/
629,Gapura Selamat Datang,4.6,355,Wisata Umum,-8.0061951,112.8679052,https://www.google.com/maps/place/Gapura+Selamat+Datang/data=!4m7!3m6!1s0x2dd63a68ab43ba19:0xf732c6f738f8dc72!8m2!3d-8.0061951!4d112.8679052!16s%2Fg%2F1hm2bb6gy!19sChIJGbpDq2g61i0Rctz4OPfGMvc?authuser=0&hl=id&rclk=1,15000,instagram.com,https://www.instagram.com/reel/C9Z74D4Smum/
